Param_A,Param_B,N,Spearman_rho,p_hodnota,p_FDR
HbA1c %,HbA1c,110,1.0,1.761780497562414e-175,1.4727094080281602e-173
Tub. resorbcia,FE_H2O,50,-1.0,0.0,0.0
ABR_artéria: HCO3_B -  stand.,ABR_artéria: BE_B,298,0.999,0.0,0.0
ABR_kapilára: HCO3_B -  stand.,ABR_kapilára: BE_B,102,0.998,7.708790875956474e-122,4.452177130450134e-120
Quickov test: PT_%,Quickov test: PT_INR,3556,-0.995,0.0,0.0
Transferín_S,CVK_S,255,0.976,2.6268366092401996e-170,2.1395247408337165e-168
Krvný obraz: Hemoglobín_HGB,Krvný obraz: Hematokrit_HCT,3776,0.97,0.0,0.0
ABR_artéria: BB_B,ABR_artéria: BE_B,298,0.967,2.646035659640882e-178,2.271657371040341e-176
Krvný obraz_RET: Hemoglobín_HGB,Krvný obraz_RET: Hematokrit_HCT,34,0.967,1.2508354649477963e-20,1.777753402419094e-19
ABR_artéria: HCO3_B -  stand.,ABR_artéria: BB_B,298,0.966,4.032445249969427e-176,3.4157499564074355e-174
Chloridy_U (zbieraný,Nátrium_U (zbieraný),65,0.966,1.1618032431781683e-38,2.6266676170501437e-37
Krvný obr._DIFF_5pop: Hemoglobín_HGB,Krvný obr._DIFF_5pop: Hematokrit_HCT,5478,0.964,0.0,0.0
FE_ Nátria,FE_Chloridov,50,0.963,4.728844694692881e-29,8.608123308132915e-28
ABR_artéria: HCO3_B - akt.,ABR_artéria: BE_B,298,0.96,5.741246714617986e-165,4.394474744333502e-163
ABR_artéria: O2_B sat,ABR_artéria: PO2_B,298,0.957,2.903013625285158e-161,2.119867305912254e-159
ABR_kapilára: BE_B,ABR_kapilára: BB_B,101,0.955,7.953951095881099e-54,2.4062595862920296e-52
APTT: APTT_sekundy,APTT: APTT_ratio,3449,0.953,0.0,0.0
ABR_kapilára: HCO3_B - akt.,ABR_kapilára: BE_B,102,0.952,3.6651797143583525e-53,1.0983437134584252e-51
PTT-LA: PTT-LA_ratio,PTT-LA: PTT-LA_sekundy,31,0.95,3.190790996771386e-16,3.699104963957776e-15
ABR_kapilára: HCO3_B - akt.,ABR_kapilára: HCO3_B -  stand.,102,0.949,7.08639472082711e-52,2.10373204025302e-50
Krvný obr._DIFF_RET: Hemoglobín_HGB,Krvný obr._DIFF_RET: Hematokrit_HCT,299,0.949,3.134429073202041e-151,2.2125586557836185e-149
ABR_kapilára: HCO3_B -  stand.,ABR_kapilára: BB_B,101,0.948,5.570303343278486e-51,1.6233090431123037e-49
ABR_artéria: HCO3_B - akt.,ABR_artéria: HCO3_B -  stand.,298,0.948,1.5714835400612128e-149,1.0851777097835744e-147
T Ly_CD3+_ a.p.,Pomoc.TLy_CD4+_a.p,355,0.946,1.8376586412004882e-175,1.5161877074735975e-173
Krvný obr._DIFF_5pop: Lymfocyty_%,Krvný obr._DIFF_5pop: Neutrofily_%,5473,-0.943,0.0,0.0
Krvný obr._DIFF_RET: Retikulocyty_#,Krvný obr._DIFF_RET: Retikulocyty_%,299,0.942,1.045514384686656e-142,6.918909256160756e-141
Krvný obraz_RET: Retikulocyty_#,Krvný obraz_RET: Retikulocyty_%,34,0.936,4.255401943236206e-16,4.8887104060360974e-15
ABR_kapilára: O2_B sat,ABR_kapilára: PO2_B,102,0.936,4.723469914559702e-47,1.2608489229915034e-45
Krvný obr._DIFF_5pop: Leukocyty_WBC,Krvný obr._DIFF_5pop: Neutrofily_#,5473,0.935,0.0,0.0
LD_S,HBDH_S,123,0.934,5.324717111920602e-56,1.674649891684732e-54
Bili-celkový_S,Bili-priamy_S,4934,0.933,0.0,0.0
Krvný obraz_RET: Hematokrit_HCT,Krvný obraz_RET: Erytrocyty_RBC,34,0.93,1.6984666044577835e-15,1.8572045332392943e-14
Krvný obr._DIFF_RET: Leukocyty_WBC,Krvný obr._DIFF_RET: Neutrofily_#,298,0.927,3.72015449598856e-128,2.2945768459238175e-126
ABR_artéria: HCO3_B - akt.,ABR_artéria: BB_B,298,0.923,1.601218260938795e-124,9.419018159022373e-123
Cholest-celk._S,Cholest-LDL_S,680,0.92,2.1177422798921456e-278,2.538493717765057e-276
GF(S)- MDRD,GF(S)-Cockroft,73,0.911,5.461515485568307e-29,9.913430822804417e-28
Krvný obr._DIFF_5pop: Eozinofily_%,Krvný obr._DIFF_5pop: Eozinofily_#,5475,0.91,0.0,0.0
Krvný obr._DIFF_RET: Stredná konc._HGB,Krvný obr._DIFF_RET: Stredný objem_RBC,299,0.909,9.464981768858584e-115,5.22878514587466e-113
ABR_kapilára: HCO3_B - akt.,ABR_kapilára: BB_B,101,0.909,2.5328169037096262e-39,5.894133988742584e-38
Krvný obr._DIFF_5pop: Lymfocyty_%,Diff.rozpočet_ WBC: Lymfocyty,209,0.905,9.28291642828291e-79,3.931624537925422e-77
Krvný obr._DIFF_RET: Lymfocyty_%,Krvný obr._DIFF_RET: Neutrofily_%,298,-0.904,2.3909963015892534e-111,1.3094827158617696e-109
Krvný obr._DIFF_RET: Bazofily_#,Krvný obr._DIFF_RET: Bazofily_%,299,0.894,1.1882820658170168e-105,6.088029003335088e-104
Krvný obraz_RET: Hemoglobín_HGB,Krvný obraz_RET: Erytrocyty_RBC,34,0.894,1.1613001591134248e-12,1.0978779629237481e-11
Krvný obraz: Erytrocyty_RBC,Krvný obraz: Hematokrit_HCT,3776,0.894,0.0,0.0
Krvný obr._DIFF_5pop: Stredný objem_RBC,Krvný obr._DIFF_5pop: Stredná konc._HGB,5478,0.882,0.0,0.0
Ceruloplazmín,Meď_S,248,0.878,1.6891312163877248e-80,7.202047394437058e-79
Krvný obr._DIFF_5pop: Neutrofily_%,Diff.rozpočet_ WBC: Lymfocyty,207,-0.877,4.963059503984989e-67,1.8017324016466649e-65
Krvný obr._DIFF_RET: Eozinofily_%,Krvný obr._DIFF_RET: Eozinofily_#,298,0.872,9.159200562125335e-94,4.278558909645754e-92
Krvný obraz: Stredný objem_RBC,Krvný obraz: Stredná konc._ HGB,3776,0.87,0.0,0.0
IgG_S,ELFO_S: gama_globulín,1387,0.866,0.0,0.0
Krvný obr._DIFF_5pop: Bazofilily_#,Krvný obr._DIFF_5pop: Bazofily_%,5476,0.864,0.0,0.0
Albumín_U (jednoráz),MIA_UJ (album/kreat),54,0.858,1.0929750016115101e-16,1.2930484516271738e-15
T Ly_CD3+_ a.p.,Cyt.TLy_CD8+_a.p,353,0.857,5.558868622402322e-103,2.780747429773382e-101
Cyt.TLy_CD8+,Imunoreg.index_IRI,354,-0.857,1.9443469963844148e-103,9.803521006373165e-102
Kreatinín_U (zbier.),FE_H2O,50,-0.857,2.0137983519053993e-15,2.1944529896492284e-14
Kreatinín_S,GF(S)- MDRD,6958,-0.851,0.0,0.0
Krvný obraz: Hemoglobín_HGB,Krvný obraz: Erytrocyty_RBC,3776,0.85,0.0,0.0
Krvný obraz_RET: Stredná konc._HGB,Krvný obraz_RET: Stredný objem_RBC,34,0.839,5.807661526520328e-10,4.658595161361571e-09
Transferín_S,NVK_S,246,0.839,2.4842107717021785e-66,8.967153995809058e-65
CVK_S,NVK_S,262,0.836,1.0460063500906099e-69,3.979208588099189e-68
Krvný obr._DIFF_5pop: Neutrofily_%,Diff.rozpočet_ WBC: Neutrofilné segmenty,205,0.835,1.5360269953338106e-54,4.737077427842572e-53
Železo_S,Saturácia Trf,534,0.833,7.329681866862383e-139,4.751578459201706e-137
Krvný obr._DIFF_5pop: Hematokrit_HCT,Krvný obr._DIFF_5pop: Erytrocyty_RBC,5478,0.831,0.0,0.0
Krvný obr._DIFF_RET: Erytrocyty_RBC,Krvný obr._DIFF_RET: Hematokrit_HCT,299,0.82,6.599747501385349e-74,2.670585724605167e-72
ABR_kapilára: HCO3_B - akt.,ABR_kapilára: PCO2_B,102,0.815,2.0599621865878208e-25,3.39039890450581e-24
Horčík_U (zbieraný),FE_H2O,50,-0.811,9.251876619004466e-13,8.772712262766474e-12
GF(S)-Schwarz,GF(S)-Shull,49,0.803,3.8219642687486e-12,3.5498448829473476e-11
FSH _S,LH_S,39,0.801,9.210207060592704e-10,7.26862676471372e-09
Kreatinín_S,GF-(S+U)-dospelí,74,-0.801,9.70621773546014e-18,1.2114656438777657e-16
Glukóza_ S,HbA1c,58,0.801,4.488451268173992e-14,4.606644734524938e-13
Krvný obr._DIFF_5pop: Hemoglobín_HGB,Krvný obr._DIFF_5pop: Erytrocyty_RBC,5478,0.795,0.0,0.0
Tub. resorbcia,GF-(S+U)-dospelí,74,0.794,3.226243555271651e-17,3.9491956274837763e-16
Albumín_S,Cholinesteráza_S,134,0.791,5.98053497503223e-30,1.114203480832251e-28
Kreatinín_S,GF(S)-Cockroft,74,-0.787,9.247935555438494e-17,1.1022914556041418e-15
Saturácia Trf,NVK_S,225,-0.787,1.2919486572204692e-48,3.5998902716322986e-47
Tub. resorbcia,Horčík_U (zbieraný),52,0.775,1.5979304800556704e-11,1.415851093416133e-10
Kreatinín_S,GF(S)-Schwarz,50,-0.773,4.831646851863076e-11,4.1592753997135663e-10
Krvný obr._DIFF_5pop: Lymfocyty_%,Diff.rozpočet_ WBC: Neutrofilné segmenty,208,-0.77,5.102046445946058e-42,1.256329498879663e-40
Signál Meď,Cu_U_diuréza,74,0.769,1.3089037278797284e-15,1.4436571845867905e-14
Glukóza_ S,HbA1c %,62,0.767,3.7023557749925237e-13,3.5855283900194365e-12
Quickov test: PT_INR,Factor V,91,-0.767,7.907160293592861e-19,1.055340112294022e-17
B Ly _CD19+_ a.p.,B Ly_ CD19+,354,0.767,7.832264856947389e-70,2.9974926889269134e-68
ELFO_S: Albumín,Cholinesteráza_S,81,0.767,6.433480136383427e-17,7.72625695773987e-16
GF(S)- MDRD,GF-(S+U)-dospelí,73,0.763,4.19680009271944e-15,4.511382570058647e-14
Amyláza_S,Amyláza_U (jednoráz),84,0.759,5.687745845159607e-17,6.843607832253596e-16
Kreatinín_U (zbier.),Horčík_U (zbieraný),52,0.754,1.0835483269447201e-10,9.117592743152062e-10
Quickov test: PT_%,Factor V,91,0.751,9.452644309541969e-18,1.1821387657189003e-16
Pomoc.TLy_CD4+,Imunoreg.index_IRI,354,0.75,4.726848814208868e-65,1.6776352243949128e-63
Tub. resorbcia,Fosfor_U (zbieraný),52,0.745,2.3539482606137637e-10,1.9396411543034035e-09
GF(S)- MDRD,ABR_artéria: BE_B,130,0.744,3.7187919311868235e-24,5.891642179259324e-23
GF(S)- MDRD,ABR_artéria: HCO3_B -  stand.,130,0.744,3.650551235884955e-24,5.79798800039428e-23
Albumín_S,ELFO_S: Albumín,1513,0.744,2.2787553530272827e-267,2.585166563889701e-265
Fosfor_U (zbieraný),FE_H2O,50,-0.743,6.734219750222123e-10,5.381446298510837e-09
Krvný obr._DIFF_5pop: Neutrofily_%,Krvný obr._DIFF_5pop: Neutrofily_#,5473,0.74,0.0,0.0
Krvný obr._DIFF_RET: Erytrocyty_RBC,Krvný obr._DIFF_RET: Hemoglobín_HGB,299,0.737,1.7182881584472875e-52,5.1250162772843275e-51
GF(S)- MDRD,ABR_artéria: BB_B,130,0.737,1.639582120875966e-23,2.54676411098411e-22
Kreatinín_S,ABR_artéria: BE_B,130,-0.736,1.893616461416341e-23,2.9128681306000037e-22
GF(S)- MDRD,ABR_artéria: HCO3_B - akt.,130,0.736,1.852413080471013e-23,2.8617712240253155e-22
Kreatinín_S,ABR_artéria: HCO3_B -  stand.,130,-0.736,1.8558944503359516e-23,2.8617712240253155e-22
Kreatinín_S,ABR_artéria: BB_B,130,-0.736,1.8199883763762407e-23,2.8200941841751847e-22
Krvný obr._DIFF_RET: Neutrofily_%,Krvný obr._DIFF_RET: Neutrofily_#,298,0.733,2.1051031666652423e-51,6.191537230474205e-50
Kreatinín_U (zbier.),Tub. resorbcia,123,0.733,5.81216837835805e-22,8.468969199015755e-21
Kreatinín_S,ABR_artéria: HCO3_B - akt.,130,-0.73,7.339118220049247e-23,1.1074921152487616e-21
Bielkovina_ ascites,LDH_ascites,73,0.726,3.608020036998315e-13,3.5048549380810847e-12
Urea_S,GF(S)-Cockroft,38,-0.725,2.572724496772916e-07,1.6712186838444104e-06
ELFO_S: alfa2_globulín,Haptoglobín_S,102,0.724,8.550227432489619e-18,1.0713924039172889e-16
Quickov test: PT_INR,Antitrombín III,122,-0.723,5.382270188407052e-21,7.68394663077528e-20
Albumín_S,T3f_S,224,0.72,3.912557478759647e-37,8.483439475276464e-36
CK-MB_S,HBDH_S,135,0.719,9.19543694173166e-23,1.3810546309886816e-21
Quickov test: PT_%,Antitrombín III,122,0.718,1.4313411340395725e-20,2.0252361301900678e-19
AST_S,HBDH_S,113,0.718,3.8110252760741605e-19,5.184463293126154e-18
Albumín_S,CVK_S,163,0.715,9.222323855008236e-27,1.5877892534110386e-25
Krvný obraz_RET: Hemoglobín_HGB,Krvný obraz_RET: Nezrelé formy RET,34,-0.712,2.3157628630141806e-06,1.3711129048209776e-05
Nátrium-S,Chloridy-S,6578,0.71,0.0,0.0
Krvný obraz_RET: Nezrelé formy RET,Krvný obraz_RET: Hematokrit_HCT,34,-0.707,2.989399171747959e-06,1.7552359462213295e-05
Albumín_S,Kalcium-S,1362,0.707,3.603691459768825e-207,3.634008229192277e-205
AST_S,ALT_S,8227,0.707,0.0,0.0
GF(S)- MDRD,Beta2 mikroglob. _S,74,-0.706,2.1320216929953047e-12,1.9977483503833588e-11
ABR_artéria: HCO3_B - akt.,ABR_artéria: PCO2_B,298,0.705,4.205055808167121e-46,1.0993711748677251e-44
GF-(S+U)-dospelí,GF(S)-Cockroft,74,0.701,3.4494608369922818e-12,3.213258753286212e-11
ELFO_S: Albumín,CVK_S,121,0.698,5.78112896705332e-19,7.748420322297413e-18
Prokalcitonín_S,Transferín_S,50,-0.697,1.8949848851054486e-08,1.3649477296003307e-07
CRP_S,Interleukín -6,331,0.696,3.6895965625404e-49,1.0371684496380162e-47
Addisov sediment: Leukocyty,Addisov sediment: Erytrocyty,64,0.696,1.6682668208049332e-10,1.3890562401800445e-09
Pomoc.TLy_CD4+_a.p,Cyt.TLy_CD8+_a.p,353,0.685,3.686916744779999e-50,1.0550892828642942e-48
Feritin_S,NVK_S,246,-0.685,1.9631292214417558e-35,4.062462522416767e-34
GF(S)- MDRD,Tub. resorbcia,75,0.685,1.1722735707056293e-11,1.0548801692199523e-10
Albumín_S,GF(S)-Cockroft,36,0.683,4.476529972306247e-06,2.5690510310805406e-05
Krvný obr._DIFF_5pop: Lymfocyty_%,Krvný obr._DIFF_5pop: Neutrofily_#,5473,-0.681,0.0,0.0
Lymfocyty,T Ly_CD3+_ a.p.,359,0.679,8.5474293049843e-50,2.4241883202930915e-48
Nátrium-S,ABR_artéria: HCO3_B - akt.,167,0.679,6.745216292745124e-24,1.0607019581141033e-22
Cholest-HDL_S,NVK_S,48,0.679,1.1236751530355831e-07,7.584884766352421e-07
Transferín_S,Cholinesteráza_S,97,0.676,2.9978569161852865e-14,3.0968105672398575e-13
Krvný obraz_RET: Nezrelé formy RET,Krvný obraz_RET: Retikulocyty_%,34,0.673,1.2927309887251168e-05,7.025423414346165e-05
Ak.TLyCD3+HLADR+_ap,Aktiv.TLy_CD3+HLADR+,359,0.668,8.146399075686251e-48,2.230779022751498e-46
Cholest-HDL_S,Cholinesteráza_S,34,0.667,1.6640532383113048e-05,8.87634779428356e-05
Urea_S,GF-(S+U)-dospelí,38,-0.665,5.273078240805375e-06,3.0125778834385385e-05
ABR_artéria: pH_B,ABR_artéria: HCO3_B -  stand.,298,0.665,2.147516543239618e-39,5.015872279118122e-38
ALT_S,GMT_S,7569,0.663,0.0,0.0
CVK_S,Cholinesteráza_S,61,0.66,7.048229884767085e-09,5.224901336980781e-08
C4_S,C3_S,1199,0.66,1.2206058568824184e-150,8.521438471180224e-149
CRP_S,Albumín_S,4155,-0.66,0.0,0.0
Antitrombín III,Factor V,40,0.658,3.985962374490095e-06,2.3083700059376092e-05
Krvný obr._DIFF_5pop: Neutrofily_#,Diff.rozpočet_ WBC: Neutrofilné segmenty,205,0.657,9.779386549078259e-27,1.6746210982828619e-25
Amyláza_S,ABR_artéria: PCO2_B,32,-0.655,4.777179143730486e-05,0.0002372902197038294
AFP_S,Haptoglobín_S,34,-0.654,2.7284962328267056e-05,0.00014092793957030944
Transferín_S,T3f_S,33,0.653,3.83059189118272e-05,0.0001925296699737644
Krvný obr._DIFF_RET: Lymfocyty_%,Krvný obr._DIFF_RET: Neutrofily_#,298,-0.65,3.827993199483461e-37,8.328507122026859e-36
Ak.TLyCD3+HLADR+_ap,T Ly_CD3+_ a.p.,359,0.649,2.335899379268579e-44,5.983858369553743e-43
Diff.rozpočet_ WBC: Lymfocyty,Diff.rozpočet_ WBC: Neutrofilné segmenty,288,-0.649,9.25796865190623e-36,1.934732725182904e-34
ALT_S,GF(S)-Cockroft,37,0.649,1.4029907468801071e-05,7.559966255241154e-05
Kreatinín_S,MIA_UJ (album/kreat),37,0.649,1.3704103737116368e-05,7.415857840025578e-05
ELFO_S: Albumín,Transferín_S,300,0.646,9.293739067306399e-37,1.9879839829830824e-35
AST_S,Bili-priamy_S,4742,0.646,0.0,0.0
ABR_artéria: pH_B,ABR_artéria: BE_B,298,0.643,3.4278572732512524e-36,7.210985846677222e-35
Fosfor_U (zbieraný),Horčík_U (zbieraný),55,0.641,1.3787034049549023e-07,9.219897612293153e-07
Kalcium-S,CVK_S,74,0.638,9.7835384593485e-10,7.692428197059533e-09
ABR_artéria: pH_B,ABR_artéria: BB_B,298,0.638,1.9585039118802767e-35,4.062462522416767e-34
Urea_S,Proteinúria kvant._U,37,0.637,2.201246231512734e-05,0.000115479085952109
NKbb._CD16+CD56+_ap,NKbb._ CD16+CD56+,354,0.637,1.121462163699175e-41,2.740249663838792e-40
Kreatinín_U (zbier.),Fosfor_U (zbieraný),52,0.635,4.2098111352835773e-07,2.679852719685027e-06
GF(S)- MDRD,MIA_UJ (album/kreat),35,-0.634,4.2612754737527424e-05,0.00021282926953420736
Krvný obr._DIFF_5pop: Lymfocyty_%,Krvný obr._DIFF_5pop: Lymfocyty_#,5477,0.633,0.0,0.0
Ak.TLyCD3+HLADR+_ap,Cyt.TLy_CD8+_a.p,353,0.632,9.389795378194752e-41,2.251070567459293e-39
Krvný obraz_RET: Nezrelé formy RET,Krvný obraz_RET: Erytrocyty_RBC,34,-0.63,6.630872571204798e-05,0.00032454494179402223
LD_S,CK-MB_S,171,0.63,2.5215898456286092e-20,3.5441726303713616e-19
Kreatinín_S,Tub. resorbcia,123,-0.628,7.158161002046107e-15,7.591952728881288e-14
Krvný obr._DIFF_5pop: Neutrofily_#,Diff.rozpočet_ WBC: Lymfocyty,207,-0.625,8.74323299729027e-24,1.368122148566135e-22
ALP_S,CEA _S,54,0.623,4.958291488336358e-07,3.134330927900585e-06
FE_Fosforu,FE_Chloridov,50,0.623,1.340434801289622e-06,8.125746462397871e-06
Kalcium-S,Cholinesteráza_S,61,0.621,9.313147615611218e-08,6.31445323393576e-07
Lymfocyty,Pomoc.TLy_CD4+_a.p,355,0.62,5.261034423479153e-39,1.2109910033464876e-37
Krvný obr._DIFF_5pop: Leukocyty_WBC,Krvný obr._DIFF_5pop: Monocyty_#,5475,0.62,0.0,0.0
IgA_S,CVK_S,99,-0.619,8.526587345340727e-12,7.727447846640462e-11
Lymfocyty,Cyt.TLy_CD8+_a.p,353,0.619,9.88868890060806e-39,2.251714716328423e-37
Tub. resorbcia,GF(S)-Cockroft,74,0.619,4.248875249891409e-09,3.1906742863546245e-08
Bielkoviny_S,Kalcium-S,1181,0.618,1.8146957957494363e-125,1.087619093433601e-123
Kalcium-S,T3f_S,101,0.618,5.620439465315424e-12,5.18238779726399e-11
ABR_kapilára: PCO2_B,ABR_kapilára: BE_B,102,0.618,4.449327225495898e-12,4.108513933659221e-11
Kálium_U (zbieraný),Fosfor_U (zbieraný),55,0.617,5.223234380999778e-07,3.288722301535341e-06
Kreatinín_UJ (jednor,MIA_UJ (album/kreat),54,-0.617,6.777066518045078e-07,4.2251917163042574e-06
Kalcium-S,Kalcium ionizované_S,341,0.617,4.298783015740368e-37,9.289172958843047e-36
Proteinúria kvant._U,GF(S)-Cockroft,60,-0.616,1.6144516460633523e-07,1.0661758115842491e-06
T Ly_CD3+_ a.p.,B Ly _CD19+_ a.p.,354,0.616,2.0370668560037308e-38,4.5891793390750715e-37
AST_S,LD_S,1582,0.614,1.3399874375655757e-164,1.0134452608159646e-162
CRP_S,CVK_S,133,-0.613,4.644100500345096e-15,4.9669983970862616e-14
Albumín_S,NVK_S,156,0.613,1.9196531526300857e-17,2.3680692191570745e-16
Elementy_CSF: Ly_CSF,Elementy_CSF: Le_CSF,71,0.611,1.5496438411023617e-08,1.125129979716949e-07
FE_ Kália,FE_Chloridov,50,0.611,2.4916119299636524e-06,1.472484706145031e-05
GF-rozdiel,GF-(S+U)-dospelí,74,0.61,7.73137618515362e-09,5.7113294074745295e-08
Prokalcitonín_S,Cholest-HDL_S,53,-0.61,1.2721784029930996e-06,7.726720262155987e-06
AST_S,Bili-celkový_S,4769,0.609,0.0,0.0
ABR_kapilára: PCO2_B,ABR_kapilára: HCO3_B -  stand.,102,0.607,1.3965428060032068e-11,1.2478532273612337e-10
Nátrium-S,ABR_artéria: BE_B,167,0.606,4.065971710961659e-18,5.1559118322833174e-17
Pomoc.TLy_CD4+_a.p,B Ly _CD19+_ a.p.,354,0.605,1.119960973417591e-36,2.3876214980275018e-35
C4_S,Haptoglobín_S,105,0.605,7.784671206855122e-12,7.085389137127592e-11
ABR_kapilára: PCO2_B,ABR_kapilára: BB_B,101,0.605,2.1053145350642163e-11,1.8448363091397195e-10
Quickov test: PT_INR,APTT: APTT_ratio,3438,0.604,0.0,0.0
Quickov test: PT_%,APTT: APTT_sekundy,3441,-0.602,0.0,0.0
Quickov test: PT_%,APTT: APTT_ratio,3440,-0.601,0.0,0.0
Quickov test: PT_INR,APTT: APTT_sekundy,3439,0.601,0.0,0.0
FE_H2O,FE_Chloridov,50,0.6,4.061367634632462e-06,2.3456244166200025e-05
Krvný obraz_RET: Trombocyty_PLT,Krvný obraz_RET: Erytrocyty_RBC,34,0.6,0.00017664919006316862,0.0008091220652280534
Krvný obr._DIFF_RET: Eozinofily_%,Krvný obr._DIFF_RET: Neutrofily_%,298,-0.6,1.4975871730396484e-30,2.84005113740922e-29
Tub. resorbcia,FE_Chloridov,50,-0.6,4.061367634632462e-06,2.3456244166200025e-05
AST_S,GMT_S,7573,0.599,0.0,0.0
Krvný obraz: Hemoglobín_HGB,Krvný obraz: Šírka dist.kriv._RBC,3759,-0.599,0.0,0.0
Nátrium-S,ABR_artéria: PCO2_B,167,0.598,1.4611052863994307e-17,1.8059147635205414e-16
Nátrium-S,ABR_artéria: HCO3_B -  stand.,167,0.598,1.3241438739582152e-17,1.6398218384515675e-16
Prokalcitonín_S,CVK_S,35,-0.597,0.0001551483340083554,0.0007173634395597394
Kalcium-S,GF(S)-Cockroft,34,0.597,0.0001923624739775143,0.0008766705862117278
Kalcium-S,Transferín_S,148,0.596,1.4262459260258777e-15,1.5649292518207947e-14
Tub. resorbcia,FE_ Kália,50,-0.596,4.976288832669745e-06,2.8481408066622424e-05
FE_H2O,FE_ Kália,50,0.596,4.976288832669745e-06,2.8481408066622424e-05
T Ly_CD3+,NKbb._ CD16+CD56+,354,-0.595,2.796795900341114e-35,5.768845569762045e-34
FE_H2O,FE_ Nátria,50,0.595,5.297362398315943e-06,3.0183088176234247e-05
Tub. resorbcia,FE_ Nátria,50,-0.595,5.297362398315943e-06,3.0183088176234247e-05
T3f_S,NT-proBNP,30,-0.594,0.0005324753580092092,0.0022627531434331145
Moč chemicky _ úplne: Bielkoviny,Beta2 mikroglob. _S,35,0.592,0.0001769698900007127,0.000810006996523435
Chloridy-S,HbA1c %,34,-0.592,0.00022795209817760763,0.0010256230026362192
Ak.TLyCD3+HLADR+_ap,Pomoc.TLy_CD4+_a.p,355,0.592,6.557960220838942e-35,1.3483081321355921e-33
Krvný obr._DIFF_RET: Leukocyty_WBC,Krvný obr._DIFF_RET: Monocyty_#,298,0.588,4.366686293508787e-29,7.9946853091243e-28
Urea_S,GF(S)- MDRD,6862,-0.586,0.0,0.0
Feritin_S,Saturácia Trf,519,0.585,4.615811629732804e-49,1.2918172371670706e-47
C3_S,Haptoglobín_S,105,0.584,6.212626727568606e-11,5.31208850608928e-10
Beta2 mikroglob. _S,Cholinesteráza_S,33,-0.584,0.0003596111811611231,0.0015680232216311702
Amyláza_S,ABR_artéria: HCO3_B - akt.,32,-0.582,0.000479972449379307,0.002060314169531579
T Ly_CD3+,Pomoc.TLy_CD4+,355,0.581,2.136129035979217e-33,4.267555901124518e-32
GF(S)- MDRD,Proteinúria kvant._U,64,-0.58,5.003023763856728e-07,3.1594642119067385e-06
Bili-priamy_S,APTT: APTT_sekundy,30,0.58,0.0007715831202134714,0.0031584198213377474
Kreatinín_S,Beta2 mikroglob. _S,143,0.579,3.735510789452827e-14,3.8525487086678264e-13
FE_ Nátria,FE_Fosforu,50,0.578,1.0854545935252932e-05,5.949864566579972e-05
Albumín_S,CEA _S,52,-0.578,7.294370460189138e-06,4.079325311054718e-05
IgG_S,Haptoglobín_S,78,-0.578,3.0058971256476566e-08,2.121829382137729e-07
Bili-priamy_S,Vitamín B12,202,0.578,2.1506184437661805e-19,2.9445859856134794e-18
FE_Fosforu,FE_ Kália,50,0.578,1.1172737028037348e-05,6.103215678342328e-05
ABR_kapilára: HCO3_B -  stand.,ABR_kapilára: pH_B,102,0.576,2.3783465986448323e-10,1.9572067281335e-09
Proteinúria kvant._U,FE_H2O,50,-0.575,1.2565012500654784e-05,6.834377090467452e-05
Proteinúria kvant._U,GF-(S+U)-dospelí,60,-0.575,1.5806326675589274e-06,9.49126591399042e-06
Kalcium-S,ELFO_S: Albumín,356,0.574,1.5675678673586936e-32,3.083207015891573e-31
Bili-priamy_S,NVK_S,116,-0.573,1.8219857820737678e-11,1.6098853509756114e-10
IgA_S,Haptoglobín_S,78,-0.573,4.120505079156356e-08,2.86720358903399e-07
Tub. resorbcia,FE_Horčíka,50,-0.572,1.399254376417282e-05,7.54623349183276e-05
FE_H2O,FE_Horčíka,50,0.572,1.399254376417282e-05,7.54623349183276e-05
T Ly_CD3+,B Ly_ CD19+,354,-0.571,4.6713607893888805e-32,9.13143233691925e-31
ELFO_S: alfa2_globulín,C3_S,1052,0.571,5.6880815830309934e-92,2.637692138466854e-90
ELFO_S: Albumín,Beta2 mikroglob. _S,138,-0.57,2.8971148556754133e-13,2.8359585020193994e-12
Kalcium_U (zbieraný),FE_ Kalcia,50,0.569,1.6071908175157618e-05,8.616441572723742e-05
C3_S,Meď_S,121,0.567,1.2472244159148803e-11,1.1191549031507393e-10
GMT_S,T3f_S,224,-0.567,1.942743338773124e-20,2.7366404503826294e-19
NVK_S,Cholinesteráza_S,61,0.567,1.928163911254513e-06,1.1501995613333261e-05
CRP_S,Cholinesteráza_S,94,-0.567,2.4709570410488716e-09,1.8890481446189508e-08
AST_S,Vitamín B12,242,0.567,5.627299791076423e-22,8.237381468366018e-21
Krvný obr._DIFF_RET: Stredná konc._HGB,Krvný obr._DIFF_RET: Stred. far.konc._HGB,299,0.566,1.0247254742913178e-26,1.7500217575733179e-25
ABR_kapilára: pH_B,ABR_kapilára: BE_B,102,0.565,6.329549773711367e-10,5.070823418964478e-09
Cholest-HDL_S,CVK_S,49,0.564,2.451396111326422e-05,0.00012723627038608462
Antitrombín III,Protein C,34,0.564,0.000519183464428658,0.0022121881619820683
"ELFO_S: beta1,2_globulín",Transferín_S,294,0.563,5.586236156218956e-26,9.33930481591027e-25
Chloridy-S,HbA1c,31,-0.563,0.000971574941009378,0.003891813114900743
Krvný obraz: Hematokrit_HCT,Krvný obraz: Šírka dist.kriv._RBC,3759,-0.563,1.62428777955e-313,2.243282665971e-311
Kreatinín_S,GF(S)-Shull,49,-0.562,2.639402149145321e-05,0.0001364371184175771
Krvný obraz_RET: Stredná konc._HGB,Krvný obraz_RET: Erytrocyty_RBC,34,-0.56,0.0005660008661279884,0.002387651728095027
Bielkoviny_S,CVK_S,158,0.56,1.9456825087713517e-14,2.026380488233508e-13
Krvný obraz: Stredná konc._ HGB,Krvný obraz: Stred. far.konc._HGB,3776,0.559,1.896244897448883e-309,2.5631582624452664e-307
Nátrium-S,ABR_artéria: BB_B,167,0.559,4.414251164927247e-15,4.729129452071299e-14
GMT_S,Feritin_S,841,0.558,3.878262676156874e-70,1.4932486534317954e-68
Urea_S,Osmolalita_S,87,0.558,1.9171065212140604e-08,1.379317976135099e-07
GF(S)- MDRD,Albumín_U (jednoráz),38,-0.557,0.00027966595868168375,0.0012407247454642018
Cholest-LDL_S,Cholinesteráza_S,35,0.555,0.0005362287060893888,0.002277179792637625
Tub. resorbcia,Kálium_U (zbieraný),52,0.554,2.0523980749650542e-05,0.00010802721599215401
T4f_S,Prolaktín_S,31,0.553,0.0012413541000999228,0.004850136899098898
APTT: APTT_sekundy,Factor V,90,-0.553,1.5920812306111712e-08,1.1546223810585354e-07
Prokalcitonín_S,Interleukín -6,329,0.552,1.2345875546110797e-27,2.1726689015080857e-26
Bielkoviny_S,Proteinúria kvant._U,34,-0.552,0.0007108266368445304,0.0029404834315296794
Feritin_S,Solub.transf.recep_S,80,-0.552,1.1211312783501407e-07,7.577177671657919e-07
Bili-celkový_S,CEA _S,33,0.552,0.0008587421536007842,0.00348155003307325
Bili-celkový_S,NVK_S,119,-0.552,7.742209034929501e-11,6.549434620360469e-10
Krvný obraz_RET: Stredný objem_RBC,Krvný obraz_RET: Erytrocyty_RBC,34,-0.551,0.000727053612445114,0.0029993322077037725
Bili-celkový_S,Vitamín B12,206,0.55,1.1583959147352411e-17,1.4429978914339188e-16
Cholest-HDL_S,Vitamín B12,60,-0.55,5.405688376853016e-06,3.074515511024818e-05
Albumín_S,Beta2 mikroglob. _S,169,-0.549,1.1511392874453866e-14,1.2128006456286137e-13
Cyt.TLy_CD8+,Cyt.TLy_CD8+_a.p,353,0.549,4.028441336609949e-29,7.396730581353469e-28
Prokalcitonín_S,NVK_S,34,-0.548,0.0007947414793390967,0.0032490299988682633
Kreatinín_S,Kys. močová_S,1340,0.548,4.438365684522082e-106,2.2924339181925844e-104
Horčík_U (zbieraný),GF(S+U)-deti,48,0.547,5.662026621783749e-05,0.0002794938238398769
Feritin_S,Prokalcitonín_S,92,0.546,1.8596748389877602e-08,1.3410345348568945e-07
Krvný obr._DIFF_RET: Lymfocyty_#,Krvný obr._DIFF_RET: Lymfocyty_%,298,0.546,1.434646999787544e-24,2.3074208581393083e-23
Kreatinín_S,Krvný obr._DIFF_5pop: Trombocyty_PLT,48,-0.545,6.30241587643876e-05,0.0003094223188795629
Kalcium-S,HBDH_S,50,-0.545,4.274547396750963e-05,0.00021332442742779943
Krvný obr._DIFF_5pop: Monocyty_#,Krvný obr._DIFF_5pop: Neutrofily_#,5473,0.544,0.0,0.0
Bili-celkový_S,Saturácia Trf,318,0.542,1.1687592512331225e-25,1.9386755934945243e-24
Bielkoviny_S,Transferín_S,605,0.541,3.1869055474817408e-47,8.542789427490084e-46
"ELFO_S: beta1,2_globulín",Cholinesteráza_S,79,0.539,3.002033493048001e-07,1.9362354092724822e-06
Bielkoviny_S,ELFO_S: Albumín,1548,0.539,1.6151508135687782e-117,9.080577981064114e-116
Bielkoviny_S,ELFO_S: gama_globulín,1543,0.538,1.4469120180108775e-116,8.063361447739566e-115
Kálium_U (zbieraný),FE_H2O,50,-0.537,5.891488390255973e-05,0.00029059492036720647
Krvný obr._DIFF_5pop: Lymfocyty_#,Krvný obr._DIFF_5pop: Neutrofily_%,5473,-0.536,0.0,0.0
Kreatinín_S,Albumín_U (jednoráz),41,0.536,0.00030871177849712975,0.0013648197138429125
Bielkoviny_S,IgG_S,1458,0.535,7.548364924633935e-109,4.0639629123897785e-107
GF(S)- MDRD,NT-proBNP,211,-0.535,4.970976703866695e-17,6.003919201457246e-16
Albumín_S,Transferín_S,609,0.534,2.8890035482717247e-46,7.584231215772838e-45
anti TPO_S,anti TG_S,217,0.534,2.2945598816916164e-17,2.8196013401135083e-16
ALP_S,APTT: APTT_sekundy,31,0.534,0.0019819933007129073,0.00742429448079546
Bili-priamy_S,Prokalcitonín_S,608,0.533,6.668237394009129e-46,1.736201318202459e-44
Urea_S,Troponín T hs,217,0.533,2.3521488234689338e-17,2.884787929632845e-16
Kreatinín_S,ABR_artéria: pH_B,130,-0.532,7.259638359446868e-11,6.174094042512176e-10
Feritin_S,Transferín_S,791,-0.532,4.035012577661497e-59,1.32820906248101e-57
GF(S)- MDRD,ABR_artéria: pH_B,130,0.532,7.382030276661258e-11,6.261420340137379e-10
Krvný obr._DIFF_5pop: Lymfocyty_#,Diff.rozpočet_ WBC: Lymfocyty,209,0.531,1.3780813963111617e-16,1.6182904086441424e-15
CRP_S,T3f_S,209,-0.531,1.3527871313455977e-16,1.5915290084145523e-15
Krvný obr._DIFF_RET: Retikulocyty_%,Krvný obr._DIFF_RET: Nezrelé formy RET,298,0.531,4.869412908760099e-23,7.436389473402141e-22
FE_ Nátria,FE_ Kália,50,0.531,7.342933780871911e-05,0.00035664876383699733
Kreatinín_S,Urea_S,8425,0.53,0.0,0.0
Feritin_S,Interleukín -6,49,0.53,8.953386692422385e-05,0.0004289658043511268
Krvný obr._DIFF_5pop: Eozinofily_%,Krvný obr._DIFF_5pop: Neutrofily_%,5473,-0.53,0.0,0.0
Krvný obraz: Erytrocyty_RBC,Quickov test: PT_%,1495,0.529,8.551926953064382e-109,4.5655791540183204e-107
Krvný obr._DIFF_RET: Stredná konc._HGB,Krvný obr._DIFF_RET: Trombocyty_PLT,299,-0.527,9.017097453145855e-23,1.3574791497591379e-21
Krvný obr._DIFF_RET: Hemoglobín_HGB,Krvný obr._DIFF_RET: Šírka dist.kriv._RBC,297,-0.527,1.258548704800717e-22,1.881308216846813e-21
Kreatinín_U (zbier.),GF-rozdiel,74,0.527,1.4024537970953174e-06,8.464653921512675e-06
Krvný obraz: Erytrocyty_RBC,Quickov test: PT_INR,1493,-0.526,9.030373807603232e-107,4.7413194049341605e-105
C3_S,Ceruloplazmín,136,0.525,5.201734387229176e-11,4.4657592651441836e-10
Bielkoviny_S,"ELFO_S: beta1,2_globulín",1541,0.525,6.433961733278464e-110,3.49358623004428e-108
AMAM2,DNP / Nucleo-h /,35,0.525,0.001205481744855471,0.004724506801398401
FE_Horčíka,FE_ Kalcia,50,0.523,9.86674786039698e-05,0.0004705964651434086
GMT_S,Bili-priamy_S,4523,0.523,0.0,0.0
ELFO_S: alfa1_globulín,alfa1 AT_S,320,0.523,7.144373403693858e-24,1.120696400831286e-22
Bili-priamy_S,Cholinesteráza_S,120,-0.523,8.837634539462336e-10,6.991966653699156e-09
Amyláza_S,T3f_S,30,0.522,0.0030783041646221237,0.010931507187168446
Moč chemický A: Špec. hmotnosť,Močový sediment A: Hlienové vlákna,476,0.52,2.938211057315029e-34,6.002075513544173e-33
Kys. močová_S,HbA1c %,45,-0.52,0.0002511561085334971,0.0011220778885466295
ABR_kapilára: pH_B,ABR_kapilára: BB_B,101,0.519,2.68914384784829e-08,1.9109766068657928e-07
Albumín_S,Reumat. faktor_S,1462,-0.518,5.5359642426394245e-101,2.7476547526162708e-99
ELFO_S: Albumín,NVK_S,119,0.518,1.6591979365432477e-09,1.2792335547159288e-08
Krvný obraz_RET: Leukocyty_WBC,Krvný obraz_RET: Stredný objem_RBC,34,-0.518,0.0017013494548408473,0.006476137259798624
Bili-celkový_S,Cholinesteráza_S,120,-0.518,1.4019930647005192e-09,1.0888584278780439e-08
"ELFO_S: beta1,2_globulín",CVK_S,117,0.518,2.1998064906701966e-09,1.6898876221557146e-08
CRP_S,alfa1 AT_S,223,0.517,1.2310212946439956e-16,1.4536576737682723e-15
Krvný obr._DIFF_RET: Trombocyty_PLT,Krvný obr._DIFF_RET: Stredný objem_PLT,274,-0.517,3.870247185991786e-20,5.415788628327272e-19
Glukóza_ S,Krvný obr._DIFF_5pop: Lymfocyty_#,34,-0.516,0.0017705841234170296,0.006727584291906931
Krvný obr._DIFF_5pop: Hematokrit_HCT,Antitrombín III,81,0.516,8.184965852900171e-07,5.063202343084205e-06
APTT: APTT_ratio,Factor V,90,-0.516,1.970731690700899e-07,1.2920596936040053e-06
Cholest-LDL_S,Interleukín -6,30,-0.516,0.0034992985767082676,0.012256454326088602
Krvný obr._DIFF_RET: Trombocyty_PLT,Krvný obr._DIFF_RET: Leukocyty_WBC,299,0.516,9.158026527369535e-22,1.3313716825715939e-20
Krvný obraz: Trombocyty_PLT,Fibrinogén,1450,0.516,2.2342418363823297e-99,1.1003208051579024e-97
Krvný obr._DIFF_5pop: Erytrocyty_RBC,Antitrombín III,81,0.515,8.636446227277028e-07,5.33729016360807e-06
Kreatinín_U (zbier.),FE_ Kália,50,-0.514,0.00013601937715924955,0.0006367952123011881
Imunoblot ANA: SS-A/Ro52kD,Imunoblot ANA: SS-A/Ro60kD,419,0.513,1.6714119241765676e-29,3.0867674285737597e-28
Nátrium-S,HbA1c %,34,-0.512,0.001942663329553062,0.0072984861813427575
Chloridy-S,GF-(S+U)-dospelí,38,0.512,0.0010052180113832307,0.004007134158620923
Krvný obraz_RET: Trombocyty_PLT,Krvný obraz_RET: Hematokrit_HCT,34,0.512,0.0019497543500927718,0.007312154301144852
Kalcium-S,Interleukín -6,150,-0.511,2.4293666357646098e-11,2.1200228347544734e-10
Foláty,T3f_S,40,0.511,0.0007490180050595163,0.00307994264475282
Kalcium-S,Beta2 mikroglob. _S,81,-0.511,1.1205252090113487e-06,6.838325314936694e-06
Krvný obr._DIFF_RET: Bazofily_%,Krvný obr._DIFF_RET: Neutrofily_%,298,-0.51,4.284425772025217e-21,6.130395704882028e-20
Quickov test: PT_INR,PTT-LA: PTT-LA_ratio,30,0.509,0.004057687598862503,0.01395695144319084
Albumín_S,Prealbumín_S,182,0.508,2.5117082040817507e-13,2.466287823884291e-12
Urea_S,NT-proBNP,211,0.507,3.3259787455393153e-15,3.5996495690649525e-14
ABR_artéria: BE_B,ABR_artéria: PCO2_B,298,0.507,7.78830228781061e-21,1.1093965119834261e-19
CRP_S,Ceruloplazmín,138,0.507,2.2567029370100935e-10,1.861926462185081e-09
Krvný obraz_RET: Retikulocyty_%,Krvný obraz_RET: Šírka dist.kriv._RBC,34,0.506,0.0022761496127714025,0.008382828110108244
Proteinúria kvant._U,Horčík_U (zbieraný),52,0.506,0.00012846697160349803,0.0006032155732424412
Feritin_S,CVK_S,254,-0.505,7.766959295552133e-18,9.770988594978752e-17
Kalcium_U (zbieraný),Horčík_U (zbieraný),55,0.505,8.549329800166253e-05,0.0004102257720578263
Albumín_S,Bielkoviny_S,4888,0.503,0.0,0.0
GMT_S,Albumín_S,4655,-0.502,4.595474682889571e-296,5.958173604162744e-294
Krvný obraz_RET: Trombocyty_PLT,Krvný obraz_RET: Stredná konc._HGB,34,-0.502,0.0025109321363139935,0.0091625226088471
CRP_S,Transferín_S,414,-0.501,9.58094970833882e-28,1.6907714860299035e-26
Krvný obraz_RET: Nezrelé formy RET,Krvný obraz_RET: Retikulocyty_#,34,0.501,0.002569154298253135,0.009343292015214106
Fosfor_S,Foláty,43,0.501,0.000618337247555952,0.0025912246264663346
ALP_S,T3f_S,227,0.499,1.0993790990098345e-15,1.218910194766052e-14
CK-celková_S,Močový sediment A: Epitélie,45,-0.498,0.0005043860872738537,0.0021563693219722696
Tub. resorbcia,FE_Fosforu,50,-0.498,0.0002354912931870753,0.0010565509785434247
CRP_S,Prokalcitonín_S,1024,0.498,2.8678772947146885e-65,1.0235744074900234e-63
FE_H2O,FE_Fosforu,50,0.498,0.0002354912931870753,0.0010565509785434247
ALT_S,HBDH_S,107,0.498,4.6953688752235446e-08,3.2529638456156134e-07
Cholest-HDL_S,Foláty,56,0.498,9.24496827554298e-05,0.0004422687007117813
APTT: APTT_ratio,Antitrombín III,95,-0.496,3.120332547521676e-07,2.008457211185938e-06
Kreatinín_S,T3f_S,227,-0.496,1.604548366734038e-15,1.7575337541140247e-14
Krvný obraz_RET: Trombocyty_PLT,Krvný obraz_RET: Stredný objem_RBC,34,-0.496,0.002858178647099778,0.010264561303010112
Bili-priamy_S,CEA _S,33,0.496,0.0033111288503640066,0.011673474798203404
GF(S)- MDRD,Krvný obr._DIFF_5pop: Trombocyty_PLT,41,0.495,0.0009972694961765493,0.00398218297247619
Quickov test: PT_INR,PTT-LA: PTT-LA_sekundy,30,0.493,0.0056178580230036535,0.01866411805908801
Krvný obraz_RET: Trombocyty_PLT,Krvný obraz_RET: Nezrelé formy RET,34,-0.493,0.0030285824135540765,0.010766974859154475
Albumín_S,Prokalcitonín_S,568,-0.493,4.2254047590851415e-36,8.859404763850793e-35
IgA_S,Foláty,132,-0.493,1.9230741929671617e-09,1.4808836785358034e-08
Krvný obr._DIFF_5pop: Leukocyty_WBC,Krvný obr._DIFF_5pop: Neutrofily_%,5473,0.493,0.0,0.0
Foláty,CVK_S,193,0.492,3.646119639212204e-13,3.5364577202923867e-12
Kys. močová_S,HbA1c,43,-0.492,0.0008068490351113638,0.0032942878663640707
GF(S)- MDRD,Osmolalita_S,81,-0.491,3.30816531739524e-06,1.9370298858444203e-05
ELFO_S: alfa1_globulín,ELFO_S: alfa2_globulín,1609,0.491,3.252172723933107e-98,1.5771796423776358e-96
Prokalcitonín_S,Troponín T hs,44,0.491,0.0007109369669179266,0.0029404834315296794
Tub. resorbcia,GF-rozdiel,74,0.49,9.349155584082921e-06,5.155832068201285e-05
C3_S,Cholinesteráza_S,71,0.49,1.4714104192120467e-05,7.901834651947703e-05
ELFO_S: gama_globulín,Haptoglobín_S,100,-0.49,2.2698607088826242e-07,1.4805364562147137e-06
CK-celková_S,CK-MB_S,813,0.489,5.000748768711587e-50,1.4246527770235296e-48
T4f_S,anti TG II,65,0.488,3.801239263702805e-05,0.00019120564562394237
B Ly _CD19+_ a.p.,Cyt.TLy_CD8+_a.p,353,0.487,2.154883105185221e-22,3.206082521602274e-21
ELFO_S: gama_globulín,IGG4,62,0.486,6.199684286395457e-05,0.0003048498008627735
Bili-priamy_S,Fibrinogén,30,-0.485,0.0065752278634995855,0.021334230141375317
Krvný obr._DIFF_5pop: Stred.far.konc._HGB,Krvný obr._DIFF_5pop: Stredná konc._HGB,5478,0.485,0.0,0.0
"ELFO_S: beta1,2_globulín",C3_S,1048,0.484,9.267422027998293e-63,3.148445569191078e-61
GF(S)- MDRD,APTT: APTT_sekundy,42,-0.484,0.0011654583234220455,0.004576116643201641
Kalcium-S,NVK_S,71,0.483,2.0197855485202243e-05,0.00010657556137665271
CRP_S,ELFO_S: Albumín,1083,-0.483,2.4653690147558188e-64,8.605763379529515e-63
Addisov sediment: Leukocyty,FE_H2O,36,-0.483,0.0028620145740770025,0.010272530276334008
ABR_artéria: HCO3_B -  stand.,ABR_artéria: PCO2_B,298,0.483,8.39123719361573e-19,1.1129338181845664e-17
Urea_S,Tub. resorbcia,43,-0.482,0.0010729308611803637,0.004246934430578724
Prokalcitonín_S,Vitamín B12,49,0.482,0.000446705597989318,0.0019227104769824778
Krvný obr._DIFF_RET: Stred. far.konc._HGB,Krvný obr._DIFF_RET: Šírka dist.kriv._RBC,297,-0.482,1.0933626040598647e-18,1.4351513685108102e-17
ALP_S,Bili-priamy_S,4398,0.482,3.813288260242827e-254,4.176865571952186e-252
Tub. resorbcia,FE_ Kalcia,50,-0.481,0.00040101937450838076,0.0017406598481005521
Moč chemický A: UBG,Moč chemický A: Špec. hmotnosť,479,0.481,4.396982315446216e-29,8.027019727020061e-28
FE_H2O,FE_ Kalcia,50,0.481,0.00040101937450838076,0.0017406598481005521
Bili-priamy_S,APTT: APTT_ratio,30,0.48,0.007305063289080296,0.023427090901326157
Krvný obr._DIFF_RET: Stredný objem_RBC,Krvný obr._DIFF_RET: Erytrocyty_RBC,299,-0.48,1.2036816065134862e-18,1.5734545774033288e-17
CRP_S,GMT_S,5890,0.479,0.0,0.0
Albumín_S,Interleukín -6,183,-0.478,7.564742512514538e-12,6.895094574175734e-11
Krvný obr._DIFF_RET: Hemoglobín_HGB,Krvný obr._DIFF_RET: Nezrelé formy RET,298,-0.478,1.8573701504734923e-18,2.4032327018244595e-17
T Ly_CD3+,NKbb._CD16+CD56+_ap,354,-0.478,1.2724625901627036e-21,1.841447570684204e-20
Krvný obr._DIFF_RET: Monocyty_#,Krvný obr._DIFF_RET: Neutrofily_#,298,0.477,2.3054784307598617e-18,2.9589301960843233e-17
Kreatinín_S,NT-proBNP,211,0.477,2.0980334539969204e-13,2.069690455472428e-12
Triacylglyceroly_S,NVK_S,53,-0.476,0.0003173657764495473,0.0014011291020041515
ELFO_S: Albumín,Foláty,179,0.476,1.5949005251389256e-11,1.4151400888558093e-10
Albumín_S,Foláty,283,0.476,2.0535818989103926e-17,2.5283732177863805e-16
Krvný obr._DIFF_RET: Leukocyty_WBC,Krvný obr._DIFF_RET: Neutrofily_%,298,0.476,3.082858394084722e-18,3.940724220849143e-17
AST_S,Krvný obraz: Stredný objem_PLT,30,0.475,0.008007669150022633,0.02542364923043168
Amyláza_S,ABR_artéria: BE_B,32,-0.475,0.006009872729749183,0.019793012676047984
Krvný obraz: Hematokrit_HCT,Quickov test: PT_%,1495,0.474,1.0536557693118233e-84,4.681031540166443e-83
Prokalcitonín_S,Cholest-LDL_S,70,-0.473,3.536172453608279e-05,0.00017958196753082485
GMT_S,IgA_S,1222,0.473,5.030268022046536e-69,1.9022198061941454e-67
ANA,AMA-M2,106,0.472,3.231643596159468e-07,2.0779991666397873e-06
ELFO_S: alfa2_globulín,Meď_S,172,0.472,6.57049945892397e-11,5.603004437925366e-10
ALP_S,APTT: APTT_ratio,31,0.472,0.007415077586309289,0.02372003419225726
Amyláza_S,Lipáza_S,397,0.472,2.1325934425633798e-23,3.2725522078756403e-22
CRP_S,ABR_artéria: PCO2_B,101,0.472,6.310582089249905e-07,3.942145048526127e-06
Bielkoviny_S,Beta2 mikroglob. _S,160,-0.472,2.8458135424491614e-10,2.3298264736056085e-09
Krvný obraz: Erytrocyty_RBC,Krvný obraz: Šírka dist.kriv._RBC,3759,-0.472,1.152575073744842e-207,1.1810176521775776e-205
Močový sediment A: Zhluky leukocytov,Močový sediment A: Leukocyty,471,0.471,2.290354334172146e-27,4.00843556060486e-26
C4_S,Ceruloplazmín,136,0.471,7.356563441334486e-09,5.447115098228204e-08
Krvný obraz: Erytrocyty_RBC,Trombínový čas,72,-0.471,2.9135448798899104e-05,0.0001499979791081086
ABR_artéria: BB_B,ABR_artéria: PCO2_B,298,0.471,8.038806832995398e-18,1.0092992057316159e-16
Krvný obraz: Hematokrit_HCT,Quickov test: PT_INR,1493,-0.47,9.678041446363988e-83,4.211273788270576e-81
Krvný obraz_RET: Hemoglobín_HGB,Krvný obraz_RET: Šírka dist.kriv._RBC,34,-0.469,0.0051274448983290085,0.01723526848628793
DGP IgA,DGP IgG,116,0.469,1.0838766403630616e-07,7.333193073723675e-07
Krvný obr._DIFF_5pop: Hemoglobín_HGB,Antitrombín III,81,0.469,1.0111764673559883e-05,5.571556025249431e-05
AST_S,ABR_kapilára: BB_B,32,-0.469,0.006830198517767389,0.02204890812163426
IgA_S,Cholinesteráza_S,62,-0.469,0.00012258945499009558,0.0005770641905629578
Krvný obraz: Stredný objem_RBC,Krvný obraz: Erytrocyty_RBC,3776,-0.469,6.141485844475745e-206,6.096384307805376e-204
IgA_S,NVK_S,96,-0.468,1.5230005273532684e-06,9.162521165033441e-06
AST_S,Prokalcitonín_S,766,0.468,7.307754986666247e-43,1.8350263806438998e-41
Bili-priamy_S,Saturácia Trf,317,0.468,1.0725565599810255e-18,1.4166220011558116e-17
Chloridy-S,ABR_artéria: PCO2_B,167,0.467,1.9779418905922153e-10,1.634052643814349e-09
Horčík_U (zbieraný),FE_ Kália,50,-0.466,0.0006546928091005457,0.0027291754699578525
Feritin_S,Vitamín B12,383,0.466,4.43938891157638e-22,6.513496017377539e-21
Močový sediment A: Erytrocyty,Močový sediment A: Leukocyty,471,0.466,9.71613702138032e-27,1.6682869864007884e-25
CK-celková_S,Močový sediment A: Zhluky leukocytov,45,-0.466,0.0012558685688684099,0.004894805532528226
Krvný obr._DIFF_5pop: Monocyty_#,Krvný obr._DIFF_5pop: Monocyty_%,5475,0.466,2.1792530703261833e-293,2.7689589511564484e-291
Cholest-celk._S,Prealbumín_S,157,0.465,8.774134783874547e-10,6.950383825680174e-09
AST_S,CK-MB_S,734,0.465,9.796441877500424e-41,2.339729144652639e-39
Bili-celkový_S,Železo_S,767,0.464,3.376205285637436e-42,8.411385168492012e-41
Krvný obraz_RET: Trombocyty_PLT,Krvný obraz_RET: Hemoglobín_HGB,34,0.464,0.005653627519221444,0.018765671697812868
AST_S,Feritin_S,878,0.464,5.045431544083114e-48,1.3936359391113055e-46
Krvný obr._DIFF_5pop: Eozinofily_%,Diff.rozpočet_ WBC: Eozinofily,157,0.464,9.713182603034827e-10,7.646573615499411e-09
LD_S,NT-proBNP,30,0.463,0.009969175515680065,0.030759675595490747
Kreatinín_U (zbier.),Addisov sediment: Leukocyty,56,0.463,0.00033081529209615546,0.0014524323086986008
Krvný obr._DIFF_5pop: Bazofily_%,Krvný obr._DIFF_5pop: Neutrofily_%,5473,-0.462,3.526773913045334e-287,4.393253856779805e-285
Krvný obr._DIFF_RET: Eozinofily_%,Krvný obr._DIFF_RET: Lymfocyty_%,298,0.462,3.582166837180538e-17,4.3764434455015306e-16
Krvný obraz_RET: Hemoglobín_HGB,Krvný obraz_RET: Retikulocyty_%,34,-0.462,0.005987095473502548,0.019738462658620493
"ELFO_S: beta1,2_globulín",NVK_S,115,0.462,2.0238592005255008e-07,1.3227960391912045e-06
Moč chemicky _ úplne: Bielkoviny,Amyláza_U (jednoráz),50,0.461,0.0007534107582334784,0.003094000353624621
GMT_S,Prokalcitonín_S,701,0.461,3.211737606632379e-38,7.209953715524914e-37
ELFO_S: Albumín,Prokalcitonín_S,85,-0.461,9.013875187464588e-06,4.979578179648915e-05
Kalcium-S,GF-(S+U)-dospelí,34,0.46,0.0061577041804295575,0.02021699982339482
Albumín_S,alfa1 AT_S,352,-0.459,1.057369619906163e-19,1.4603193902747507e-18
Reumat. faktor_S,T3f_S,114,-0.459,2.7956705976143617e-07,1.8104888182104015e-06
Imunoreg.index_IRI,Cyt.TLy_CD8+_a.p,353,-0.459,8.647013852936277e-20,1.1994427730939776e-18
Krvný obr._DIFF_RET: Eozinofily_%,Krvný obr._DIFF_RET: Neutrofily_#,298,-0.458,6.899378652438671e-17,8.270141996026958e-16
Amyláza_S,ABR_artéria: HCO3_B -  stand.,32,-0.458,0.008448157854026982,0.02660939357790452
Krvný obr._DIFF_5pop: Bazofily_%,Krvný obr._DIFF_5pop: Eozinofily_%,5474,0.457,3.167250825178028e-281,3.869527786991541e-279
Albumín_S,GF-(S+U)-dospelí,36,0.457,0.005115030226168357,0.01720264003538781
LD_S,NSE_S,33,0.457,0.007570817482480903,0.024133167820472243
FE_Fosforu,FE_Horčíka,50,0.456,0.0008653393362733096,0.0035015928683721884
ALP_S,Ceruloplazmín,277,0.456,1.3265909014747942e-15,1.460629462230393e-14
C4_S,Meď_S,122,0.456,1.292433345541174e-07,8.688707983304844e-07
Krvný obr._DIFF_RET: Bazofily_#,Krvný obr._DIFF_RET: Eozinofily_#,298,0.455,1.335028488582915e-16,1.5735502760607158e-15
GMT_S,Bili-celkový_S,4557,0.455,1.2310023604145977e-231,1.2820586878219572e-229
Nátrium_U (zbieraný),Osmolalita_U (jednor,43,0.455,0.0021567016421165028,0.007993888875359477
Chloridy_U (zbieraný,Kálium_U (zbieraný),65,0.455,0.00014262151066827283,0.0006645346621719975
Kreatinín_U (zbier.),FE_ Nátria,50,-0.454,0.0009305767706785876,0.003744112871514292
ANA,ANA  HEp-2,225,0.454,7.392155781785832e-13,7.051406258511319e-12
Krvný obraz_RET: Erytrocyty_RBC,Krvný obraz_RET: Retikulocyty_%,34,-0.454,0.006945269093762537,0.022397611448057565
GMT_S,APTT: APTT_sekundy,32,0.454,0.0090810320709651,0.028349777271175075
Osmolalita_S,Addisov sediment: Erytrocyty,30,-0.453,0.0120116087044762,0.03616575834101294
Krvný obr._DIFF_5pop: Hemoglobín_HGB,Krvný obr._DIFF_5pop: Šírka dist.kriv._RBC,5474,-0.452,1.137153940142201e-273,1.3378405521710007e-271
Kálium_U (zbieraný),Horčík_U (zbieraný),55,0.452,0.0005281651568827438,0.002247443564417998
Krvný obraz: Hemoglobín_HGB,Quickov test: PT_%,1495,0.452,5.2506992799068024e-76,2.194585034555784e-74
CRP_S,ELFO_S: alfa1_globulín,1083,0.452,9.98338508204967e-56,3.1090414424638017e-54
Krvný obr._DIFF_RET: Monocyty_%,Krvný obr._DIFF_RET: Neutrofily_#,298,-0.451,2.4902136419754717e-16,2.8974958365329987e-15
CK-celková_S,HBDH_S,135,0.451,3.9982667500119186e-08,2.7882534207273017e-07
Fibrinogén,Factor V,87,0.451,1.1775664207679371e-05,6.421527443037515e-05
Nátrium_U (zbieraný),Fosfor_U (zbieraný),55,0.451,0.000556376738022785,0.002351737469500168
Krvný obraz: Šírka dist.kriv._RBC,Quickov test: PT_%,1485,-0.451,3.776830213769896e-75,1.5682485194823628e-73
Troponín T hs,NT-proBNP,128,0.451,9.215183903307877e-08,6.254707621550742e-07
Fosfor_S,FE_Fosforu,50,-0.451,0.0010054103335182985,0.004007134158620923
Bielkoviny_S,NVK_S,153,0.45,5.229021575321452e-09,3.919159091925846e-08
Urea_S,Krvný obr._DIFF_5pop: Trombocyty_PLT,48,-0.45,0.0013308993520804986,0.0051585884717956325
Krvný obr._DIFF_5pop: Bazofilily_#,Krvný obr._DIFF_5pop: Eozinofily_#,5474,0.45,7.679120423793513e-271,8.870082191338215e-269
Krvný obr._DIFF_RET: Hematokrit_HCT,Krvný obr._DIFF_RET: Nezrelé formy RET,298,-0.449,3.6363184434228965e-16,4.200278376557394e-15
Prokalcitonín_S,Saturácia Trf,42,0.448,0.0029623905086427443,0.010561204770711197
Krvný obr._DIFF_RET: Bazofily_%,Krvný obr._DIFF_RET: Eozinofily_%,298,0.448,3.836990072764307e-16,4.424028662844218e-15
Krvný obraz: Šírka dist.kriv._RBC,Quickov test: PT_INR,1483,0.448,4.291381600978745e-74,1.7476376481421774e-72
Nátrium-S,HbA1c,31,-0.448,0.011561728544013621,0.03497698163815168
Krvný obr._DIFF_RET: Leukocyty_WBC,Krvný obr._DIFF_RET: Lymfocyty_#,298,0.448,4.075615226114145e-16,4.6906491904897035e-15
APTT: APTT_sekundy,Antitrombín III,95,-0.448,5.291245295658182e-06,3.0183088176234247e-05
CRP_S,Cholest-HDL_S,465,-0.447,3.034615579440665e-24,4.831807713329961e-23
Krvný obraz: Hemoglobín_HGB,Quickov test: PT_INR,1493,-0.446,8.165963847651058e-74,3.283441033172606e-72
Albumín_S,NT-proBNP,129,-0.446,1.1882997289220295e-07,7.997106120594973e-07
Krvný obraz_RET: Nezrelé formy RET,Krvný obraz_RET: Šírka dist.kriv._RBC,34,0.446,0.008145052308408316,0.0257953725400389
Kálium-S,ABR_artéria: HCO3_B -  stand.,167,-0.446,1.5791926510353326e-09,1.2219988930605929e-08
FE_Chloridov,FE_Horčíka,50,0.445,0.0011933483159721782,0.004679840648994598
Bielkoviny_S,Cholinesteráza_S,125,0.445,2.0100124485178657e-07,1.3164545448901032e-06
Albumín_S,ABR_kapilára: PO2_B,30,0.444,0.013931499205531515,0.04122348134734128
ELFO_S: alfa2_globulín,AFP_S,53,-0.444,0.000856353799226532,0.0034740840909873293
Krvný obr._DIFF_5pop: Leukocyty_WBC,Krvný obr._DIFF_5pop: Lymfocyty_%,5477,-0.444,8.23001351513178e-264,9.172855414321438e-262
Kreatinín_U (zbier.),FE_ Kalcia,50,-0.444,0.0012289754838801076,0.004804726922517122
FE_Chloridov,FE_ Kalcia,50,0.444,0.0012501459517824083,0.004878487243042777
GF(S)- MDRD,Troponín T hs,210,-0.444,1.509424667513181e-11,1.3449333678416883e-10
Krvný obr._DIFF_RET: Retikulocyty_#,Krvný obr._DIFF_RET: Nezrelé formy RET,298,0.443,8.912112037437941e-16,9.968071791169585e-15
CRP_S,Fibrinogén,43,0.443,0.0029059890163070532,0.010397160564789749
AST_S,ABR_kapilára: HCO3_B - akt.,32,-0.442,0.011294049258939865,0.034347101456220656
AST_S,ABR_kapilára: BE_B,32,-0.442,0.011266795237667606,0.03428062746403367
Urea_S,Parathormón_S,35,0.442,0.0077948847349842655,0.02479764783242616
ELFO_S: alfa2_globulín,C4_S,1052,0.442,1.981259579880918e-51,5.854391679527196e-50
Krvný obr._DIFF_RET: Monocyty_%,Krvný obr._DIFF_RET: Neutrofily_%,298,-0.442,1.1686518164993728e-15,1.2934573153694278e-14
ALP_S,Vitamín B12,232,0.442,1.5705786476940208e-12,1.4782053553777948e-11
Železo_S,Solub.transf.recep_S,74,-0.442,7.896916517940114e-05,0.00038122424497320323
anti- transglut. IgA,DGP IgA,80,0.441,4.193567422376031e-05,0.0002096123826463802
Kreatinín_U (zbier.),Chloridy_U (zbieraný,52,0.441,0.0010560690070489584,0.00418801897739203
Kálium-S,ABR_artéria: BE_B,167,-0.441,2.4549102005330954e-09,1.8790415065044283e-08
TSH_S,Prolaktín_S,34,0.44,0.009236060586697074,0.028763084758473778
Kalcium-S,Foláty,116,0.44,7.707748573502866e-07,4.777300164630606e-06
Amyláza_S,ABR_artéria: O2_B sat,32,-0.44,0.011802155532837406,0.035636451568496215
T4f_S,alfa1 AT_S,32,0.44,0.011628780752831854,0.03516308620787281
Krvný obraz_RET: Hematokrit_HCT,Krvný obraz_RET: Retikulocyty_%,34,-0.44,0.009150224916836022,0.02853774123547337
Bili-celkový_S,Prokalcitonín_S,610,0.439,3.4729786039521215e-30,6.527761263582198e-29
Fosfor_U (zbieraný),Osmolalita_U (jednor,43,0.439,0.0031936858420545597,0.011297041288737538
Transferín_S,Foláty,310,0.439,4.677664374169568e-16,5.354450769207075e-15
CK-celková_S,Močový sediment A: Leukocyty,45,-0.438,0.0025922567782659346,0.009405258316575375
ELFO_S: Albumín,alfa1 AT_S,320,-0.438,1.8439677678265366e-16,2.1494912346792637e-15
Kreatinín_S,Addisov sediment: Valce,55,0.438,0.0008305957648791067,0.0033782169617650225
Bili-priamy_S,Quickov test: PT_INR,30,0.437,0.015832132923049264,0.04605381889200182
GMT_S,Vitamín B12,235,0.437,2.2689167241551026e-12,2.12289071407325e-11
Kreatinín_S,Troponín T hs,217,0.437,1.5872090310128766e-11,1.4122603605076756e-10
Ceruloplazmín,alfa1 AT_S,219,0.436,1.3783371991253896e-11,1.2333205952174084e-10
Fosfor_S,T3f_S,81,0.436,4.819898822382383e-05,0.00023922513452027564
Kalcium-S,Haptoglobín_S,38,0.436,0.006208226618041808,0.020340827078091598
Kálium-S,ABR_artéria: BB_B,167,-0.436,3.7041433817788773e-09,2.8014789171953818e-08
Krvný obr._DIFF_RET: Nezrelé formy RET,Krvný obr._DIFF_RET: Šírka dist.kriv._RBC,296,0.436,3.750398690537933e-15,4.045209317654921e-14
C3_S,Transferín_S,142,0.436,6.031047847759688e-08,4.1332521010590394e-07
Krvný obr._DIFF_5pop: Eozinofily_%,Krvný obr._DIFF_5pop: Neutrofily_#,5473,-0.436,6.134282614906717e-253,6.605270754661419e-251
ALP_S,NSE_S,30,0.435,0.016405325590643522,0.0473956496031643
Quickov test: PT_%,Krvný obr._DIFF_RET: Nezrelé formy RET,105,-0.435,3.5571455555540493e-06,2.0770722164002646e-05
GF(S)- MDRD,APTT: APTT_ratio,42,-0.435,0.00399961334890092,0.013787055673124007
Kreatinín_U (zbier.),Kálium_U (zbieraný),52,0.435,0.0012844036382854355,0.004990713341912766
Močový sediment A: Baktérie,Močový sediment A: Leukocyty,467,0.435,6.140537415349547e-23,9.310461622843836e-22
Krvný obr._DIFF_5pop: Trombocyty_PLT,Krvný obr._DIFF_5pop: Stredný objem_PLT,5414,-0.434,1.2011936394344123e-247,1.271863865221137e-245
FE_ Nátria,FE_ Kalcia,50,0.434,0.0016382458242629608,0.006250916349274829
Bili-priamy_S,Quickov test: PT_%,30,-0.434,0.016645565960984224,0.0479153967150579
GMT_S,CEA _S,56,0.434,0.0008417475144696238,0.0034170108366936226
ABR_artéria: HCO3_B - akt.,ABR_artéria: pH_B,298,0.434,4.28391131060922e-15,4.597244688564253e-14
Chloridy_U (zbieraný,Fosfor_U (zbieraný),55,0.434,0.0009266551514203302,0.003730697197068034
CRP_S,Kalcium-S,1826,-0.433,2.0037252112753223e-84,8.840046018911195e-83
Krvný obraz_RET: Trombocyty_PLT,Krvný obraz_RET: Leukocyty_WBC,34,0.433,0.010573007902451659,0.032402469466606555
AST_S,ABR_kapilára: HCO3_B -  stand.,32,-0.433,0.01319085559229063,0.039370871931998355
AMA-M2,anti-SLA/LP,92,0.433,1.642586716838858e-05,8.783967518583556e-05
Kreatinín_U (zbier.),Nátrium_U (zbieraný),52,0.433,0.001342636292311641,0.005194743218669826
Quickov test: PT_%,Krvný obr._DIFF_RET: Šírka dist.kriv._RBC,106,-0.433,3.4758153274412974e-06,2.0314493813463257e-05
Krvný obr._DIFF_RET: Stredný objem_RBC,Krvný obr._DIFF_RET: Trombocyty_PLT,299,-0.433,3.983956385243488e-15,4.2898432060087936e-14
Quickov test: PT_INR,Krvný obr._DIFF_RET: Šírka dist.kriv._RBC,106,0.432,3.788869347699379e-06,2.202258642811908e-05
IgA_S,IgG_S,1576,0.431,2.0622741034404715e-72,8.137656757240568e-71
Krvný obr._DIFF_RET: Trombocyty_PLT,Krvný obr._DIFF_RET: Neutrofily_#,298,0.431,6.652667332068254e-15,7.079463242986536e-14
FE_ Nátria,FE_Horčíka,50,0.431,0.0018038613945254066,0.006837667923281568
ACLA IgG/M/A,Protrombín IgG,46,0.43,0.0028550998024787486,0.010259303758567585
Urea_S,Krvný obr._DIFF_5pop: Stredný objem_PLT,48,0.43,0.0022651964863738675,0.008363196780228946
Krvný obr._DIFF_RET: Bazofily_%,Krvný obr._DIFF_RET: Lymfocyty_%,298,0.43,7.89887691756441e-15,8.363594176214449e-14
Triacylglyceroly_S,Interleukín -6,39,0.429,0.006436929082700123,0.02096043591101685
Glukóza_CSF,Laktát_CSF,61,0.429,0.000555848251992213,0.0023510678727739873
FE_H2O,GF(S+U)-deti,48,-0.429,0.002341404814474735,0.008591922807677519
Kreatinín_U (zbier.),FE_Chloridov,50,-0.428,0.00194804232362803,0.007310048955705183
CK-celková_S,Transferín_S,46,0.428,0.002980515925196729,0.010613911251555391
Kreatinín_U (zbier.),GF-(S+U)-dospelí,74,0.428,0.00014195182087870583,0.0006631028809135428
Bielkoviny_S,IGG4,84,0.428,4.94889632030844e-05,0.00024526100467233894
CRP_S,Proteinúria kvant._U,35,0.428,0.010265401474701083,0.03152058751511647
IgG_S,IGG4,88,0.428,3.205978205532126e-05,0.00016425467370762575
Prokalcitonín_S,T3f_S,45,-0.426,0.00348749214167335,0.012227393805767546
Tub. resorbcia,GF(S+U)-deti,49,0.426,0.002302474699057953,0.008469960488196397
alfa1 AT_S,Prealbumín_S,154,-0.426,3.500568185595575e-08,2.4492411545251856e-07
LD_S,Močový sediment A: Zhluky leukocytov,32,-0.425,0.015436553892405868,0.04506821088164269
Chloridy_U (zbieraný,FE_Chloridov,50,0.425,0.0020793170790634765,0.007752289555921517
NSE_S,CA 15-3_S,31,0.425,0.01702964154603341,0.04888807625031643
Kalcium-S,Prokalcitonín_S,410,-0.425,2.25614212374169e-19,3.082423852071174e-18
Albumín_S,ABR_kapilára: HCO3_B - akt.,30,-0.425,0.019282736788279683,0.05406144166634635
Krvný obr._DIFF_RET: Bazofily_%,Krvný obr._DIFF_RET: Neutrofily_#,298,-0.425,1.5786526880471558e-14,1.6549802850104919e-13
LD_S,Močový sediment A: Epitélie,32,-0.424,0.015595964810867669,0.04549181103922971
Kreatinín_S,APTT: APTT_sekundy,45,0.424,0.0036877929215606317,0.01281649257695552
AST_S,ALP_S,7061,0.424,3.9474591999344415e-306,5.224626728579898e-304
Krvný obr._DIFF_5pop: Trombocyty_PLT,Antitrombín III,81,0.424,8.126498552891641e-05,0.00039082244743770324
"ELFO_S: beta1,2_globulín",Cholest-LDL_S,140,0.424,1.7257741609727334e-07,1.1373281374128396e-06
Prokalcitonín_S,Triacylglyceroly_S,83,0.423,6.674697146816049e-05,0.00032643842166068024
CK-celková_S,LD_S,825,0.423,4.5772504739824596e-37,9.857380427529005e-36
Cholest-celk._S,Triacylglyceroly_S,985,0.423,4.764328292763637e-44,1.2155733993545134e-42
Železo_S,Feritin_S,1230,0.423,1.9236164182122863e-54,5.903736765653456e-53
Krvný obr._DIFF_5pop: Erytrocyty_RBC,Quickov test: PT_%,1562,0.423,8.590274329345848e-69,3.229231527475395e-67
Pomoc.TLy_CD4+_a.p,NKbb._ CD16+CD56+,354,-0.422,9.783836637996735e-17,1.159640189574501e-15
IgA_S,AFP_S,39,0.422,0.0075273288148458625,0.024006586325660523
Albumín_S,Kalcium ionizované_S,265,0.422,6.85171704339149e-13,6.545708026566337e-12
ALP_S,ABR_artéria: O2_B sat,30,0.422,0.0202180226044878,0.0561385916111499
Bielkoviny_S,Prealbumín_S,176,0.421,5.9625029200709e-09,4.4564448295541685e-08
CRP_S,ABR_kapilára: PO2_B,35,-0.421,0.01171392851086825,0.03540370496172502
Quickov test: PT_INR,Krvný obr._DIFF_RET: Nezrelé formy RET,105,0.421,7.588383299877719e-06,4.232572353303174e-05
alfa1 AT_S,Cholinesteráza_S,47,-0.421,0.003171697454073253,0.01123176918936866
Ak.TLyCD3+HLADR+_ap,Lymfocyty,359,0.42,8.950086654242395e-17,1.0687951224511642e-15
Krvný obraz: Trombocyty_PLT,Quickov test: PT_%,1495,0.42,7.940311928892539e-65,2.787005617914602e-63
ALT_S,Feritin_S,879,0.42,6.666045214738123e-39,1.5288586732574475e-37
Krvný obraz: Stredný objem_RBC,Trombínový čas,72,0.42,0.0002377621754223419,0.0010659866622852068
ALT_S,NSE_S,31,0.419,0.018894239635037672,0.05330155612850548
IgA_S,ELFO_S: gama_globulín,1359,0.419,6.940444000640961e-59,2.272816532787218e-57
AMA-M2,anti-LKM-1,91,0.419,3.536235501039854e-05,0.00017958196753082485
Imunoblot ANA: Histones,Imunoblot ANA: Nucleosomes,419,0.419,2.9652610591244245e-19,4.042554400990873e-18
Krvný obr._DIFF_5pop: Monocyty_%,Diff.rozpočet_ WBC: Monocyty,203,0.419,5.100861268182534e-10,4.096810573547868e-09
Quickov test: PT_%,Krvný obr._DIFF_RET: Hemoglobín_HGB,106,0.418,8.147708299535026e-06,4.5365811417130606e-05
LD_S,Prokalcitonín_S,138,0.418,3.37228012143523e-07,2.16186635837316e-06
"ELFO_S: beta1,2_globulín",Prokalcitonín_S,85,-0.418,6.963304992720931e-05,0.00033898756029698146
Vitamín B12,Haptoglobín_S,101,-0.418,1.3472321064665357e-05,7.309108089139113e-05
Krvný obraz: Trombocyty_PLT,Quickov test: PT_INR,1493,-0.417,4.913076250325836e-64,1.6963463814304368e-62
Bili-celkový_S,ABR_artéria: HCO3_B -  stand.,93,-0.417,3.265620973462339e-05,0.00016683471991060306
Krvný obraz_RET: Retikulocyty_#,Krvný obraz_RET: Šírka dist.kriv._RBC,34,0.417,0.014228001693252385,0.04196401799314411
ALP_S,ABR_artéria: PO2_B,30,0.417,0.021937623332118072,0.06020290325224454
Krvný obraz: Leukocyty_WBC,D_dimer INOV,49,0.417,0.002879993002902381,0.010331222782291828
Krvný obraz_RET: Stredná konc._HGB,Krvný obraz_RET: Stred. far.konc._HGB,34,0.415,0.014584686480058354,0.04281046259968251
CB_CSF,Laktát_CSF,61,0.415,0.0008773186066295665,0.003547807197910653
Horčík_U (zbieraný),FE_ Nátria,50,-0.415,0.0027220987014124386,0.009820268625822387
ACLA IgG/M/A,Beta2-Glyco-Check,42,0.415,0.006339753207205432,0.020707687468059698
LD_S,Vitamín B12,209,0.415,4.27321379523307e-10,3.4583092026898974e-09
Kreatinín_S,FE_Fosforu,50,0.415,0.0027256090841235015,0.009827352163130876
Krvný obraz: Stredná konc._ HGB,Krvný obraz: Trombocyty_PLT,3776,-0.415,2.1527621747083323e-157,1.5541475109002314e-155
Bili-celkový_S,ABR_artéria: BE_B,93,-0.415,3.549480503796717e-05,0.00018011062013275196
Krvný obr._DIFF_RET: Monocyty_#,Krvný obr._DIFF_RET: Monocyty_%,298,0.415,7.839169332635916e-14,7.955629835500955e-13
Addisov sediment: Erytrocyty,FE_H2O,36,-0.414,0.012058074048739029,0.03623696519945083
Krvný obr._DIFF_RET: Leukocyty_WBC,Krvný obr._DIFF_RET: Lymfocyty_%,298,-0.414,9.580580047248825e-14,9.691946662447738e-13
Bili-celkový_S,ABR_artéria: HCO3_B - akt.,93,-0.414,3.666413519737428e-05,0.00018530409777956945
Albumín_S,ABR_kapilára: BE_B,30,-0.414,0.02280253860926508,0.06230732377834884
Prokalcitonín_S,Beta2 mikroglob. _S,30,0.414,0.022909741149602446,0.06257333857412913
Krvný obr._DIFF_RET: Lymfocyty_#,Krvný obr._DIFF_RET: Eozinofily_#,298,0.413,1.0757291359336242e-13,1.0830597782228707e-12
Albumín_S,ABR_kapilára: HCO3_B -  stand.,30,-0.413,0.023379036766846845,0.06350022256510389
Kreatinín_U (zbier.),FE_Horčíka,50,-0.413,0.0028441413182456327,0.010225710127229488
C4_S,Amoniak_B,79,-0.413,0.00015617159920744243,0.0007210707500797625
Kálium-S,ABR_artéria: pH_B,167,-0.413,2.8357646037240172e-08,2.0129176008333722e-07
Nátrium_U (zbieraný),FE_ Nátria,50,0.413,0.0028874152729594896,0.010346598428519316
CRP_S,ABR_kapilára: HCO3_B -  stand.,35,0.413,0.013710671369734669,0.040702754771927266
Horčík_U (zbieraný),FE_Chloridov,50,-0.413,0.0028891650577984045,0.010346598428519316
Krvný obr._DIFF_5pop: Erytrocyty_RBC,Quickov test: PT_INR,1562,-0.412,5.6238078647023416e-65,1.984891742469665e-63
CRP_S,Feritin_S,694,0.412,7.63070416858272e-30,1.4133487925074641e-28
ALP_S,Bili-celkový_S,4431,0.412,3.143595370367748e-181,2.735789231225521e-179
Nátrium_U (zbieraný),Horčík_U (zbieraný),55,0.411,0.0018399570994089393,0.00695374625374479
GF(S)- MDRD,Krvný obr._DIFF_5pop: Stredný objem_PLT,41,-0.411,0.007605267699482529,0.024218679546271934
Kreatinín_S,APTT: APTT_ratio,45,0.411,0.005066534265732355,0.017075698774640664
CRP_S,Reumat. faktor_S,1478,0.411,2.9665681541699866e-61,1.002479121459677e-59
Horčík-S,Osmolalita_S,58,0.411,0.0013565612847269198,0.005242234697001291
Krvný obr._DIFF_RET: Hematokrit_HCT,Krvný obr._DIFF_RET: Šírka dist.kriv._RBC,297,-0.411,1.5015828955418707e-13,1.4952282343851889e-12
Bili-priamy_S,Feritin_S,703,0.41,6.0639615775485685e-30,1.1264429211159665e-28
Chloridy_U (zbieraný,Horčík_U (zbieraný),55,0.41,0.001894610510250303,0.007139063209739131
Kreatinín_S,Kreatinín_UJ (jednor,41,-0.409,0.007856600325141433,0.02496897542052202
Lymfocyty,B Ly _CD19+_ a.p.,354,0.409,1.064334514504304e-15,1.1862661702887444e-14
AST_S,ABR_kapilára: PCO2_B,32,-0.409,0.020156593543002865,0.05604150493597252
Kálium_U (zbieraný),Nátrium_U (zbieraný),65,0.409,0.0007290252557907773,0.003005514244022588
ASCA IgG,ASCA IgA,118,0.409,4.328131455060186e-06,2.4928938471439133e-05
Tub. resorbcia,Nátrium_U (zbieraný),52,0.409,0.002595195870637712,0.009410547583425449
Krvný obr._DIFF_RET: Stredná konc._HGB,Krvný obr._DIFF_RET: Erytrocyty_RBC,299,-0.408,1.9541611163601744e-13,1.93075980905695e-12
Amyláza_S,NVK_S,35,0.408,0.014962212437088191,0.04380411779392686
Kálium-S,ABR_artéria: HCO3_B - akt.,167,-0.407,4.734429280759992e-08,3.2764519848222475e-07
ALT_S,Železo_S,950,0.407,4.131717098542485e-39,9.545017718923785e-38
T Ly_CD3+_ a.p.,NKbb._ CD16+CD56+,354,-0.407,1.4074724366935541e-15,1.547002143652967e-14
Chloridy_U (zbieraný,FE_ Nátria,50,0.407,0.0033604627497801024,0.011827711827896395
Krvný obr._DIFF_RET: Eozinofily_#,Krvný obr._DIFF_RET: Neutrofily_%,298,-0.407,2.6804385344740923e-13,2.627905248381776e-12
CRP_S,Krvný obraz: Hemoglobín_HGB,47,-0.406,0.0046041738530411686,0.015675410765471888
IgA_S,Transferín_S,281,-0.406,1.3201370464308007e-12,1.246185832982894e-11
Krvný obr._DIFF_RET: Lymfocyty_#,Krvný obr._DIFF_RET: Neutrofily_%,298,-0.406,3.023779910930117e-13,2.952247482528235e-12
GMT_S,Lipáza_S,368,0.406,4.546439421005271e-16,5.21363350932247e-15
Saturácia Trf,Vitamín B12,238,0.406,7.532151855526095e-11,6.380234765087638e-10
Nátrium_U (zbieraný),FE_H2O,50,-0.405,0.0035269004968718227,0.012338325361578575
Meď_S,Haptoglobín_S,101,0.405,2.6205851905205295e-05,0.0001355747370959033
Nátrium-S,CEA _S,53,-0.405,0.0026069873942080775,0.009447912672791738
Cholest-celk._S,Troponín T hs,44,-0.405,0.006412494422537497,0.02089157798275934
Chloridy-S,Fibrinogén,44,-0.405,0.006368305380613915,0.020779580936332923
AST_S,Krvný obr._DIFF_5pop: Stredný objem_RBC,38,0.404,0.01196332149208525,0.036071657066548454
Leukocyty,B Ly _CD19+_ a.p.,354,0.404,2.4374738019067836e-15,2.647054882651931e-14
Krvný obraz: Hemoglobín_HGB,Krvný obraz: Stred. far.konc._HGB,3776,0.404,4.402456946128121e-148,3.0073988149195645e-146
Quickov test: PT_%,PTT-LA: PTT-LA_sekundy,30,-0.403,0.027317645896708143,0.07240258839457106
Chloridy-S,GF-rozdiel,38,0.403,0.012046531627251394,0.03621941099286706
Bielkovina_ ascites,Triacylglyc._ascites,71,0.403,0.0004949483739217565,0.0021188726546663874
CRP_S,ABR_kapilára: BE_B,35,0.402,0.01668750192129114,0.04799262096240951
Albumín_S,Tub. resorbcia,43,0.402,0.007585186795836772,0.024166846396164
Pomoc.TLy_CD4+,NKbb._ CD16+CD56+,354,-0.402,3.685569952674556e-15,3.982045222677118e-14
C4_S,Transferín_S,143,0.402,6.268334640571565e-07,3.9234216720740055e-06
Krvný obr._DIFF_RET: Trombocyty_PLT,Krvný obr._DIFF_RET: Lymfocyty_#,298,0.401,6.104969998176979e-13,5.8587423562565485e-12
Krvný obraz_RET: Stredný objem_RBC,Krvný obraz_RET: Stredný objem_PLT,30,0.401,0.028185254589003426,0.07429913792694555
GMT_S,Beta2 mikroglob. _S,109,0.4,1.6149593312271205e-05,8.65078973970143e-05
Glukóza_ S,CEA _S,56,0.4,0.0022668764526519113,0.008363196780228946
Triacylglyceroly_S,Prealbumín_S,147,0.398,5.938698101638085e-07,3.730099287414528e-06
Krvný obr._DIFF_5pop: Lymfocyty_#,Diff.rozpočet_ WBC: Neutrofilné segmenty,208,-0.398,2.6616033136634477e-09,2.0299118669512467e-08
Krvný obraz: Stredná konc._ HGB,Trombínový čas,72,0.398,0.0005421536791691523,0.0022992672388261848
Proteinúria kvant._U,Addisov sediment: Leukocyty,58,0.398,0.00196167449917386,0.007352518049115948
Saturácia Trf,CVK_S,229,-0.398,4.135098327029721e-10,3.350800978522936e-09
FE_Fosforu,GF(S)-Schwarz,48,-0.397,0.005262491980667245,0.017642539078194727
Tub. resorbcia,Chloridy_U (zbieraný,52,0.397,0.0035511999213909823,0.0124028439255618
Bili-celkový_S,Feritin_S,709,0.397,3.327065357239156e-28,5.954041187194467e-27
ALP_S,LD_S,1303,0.397,1.7432762208345822e-50,5.011327525322217e-49
Krvný obr._DIFF_5pop: Lymfocyty_%,Krvný obr._DIFF_5pop: Bazofily_%,5476,0.396,3.880794841102546e-205,3.7930291731576117e-203
Albumín_S,IgA_S,1493,-0.396,3.998423996964125e-57,1.2700993826356543e-55
Krvný obr._DIFF_RET: Leukocyty_WBC,Krvný obr._DIFF_RET: Monocyty_%,298,-0.395,1.3546704370638637e-12,1.2768874312561908e-11
Fibrinogén,Lupus antikoagulans1,33,0.395,0.023081056575511464,0.06287905335515623
FE_ Kália,GF(S+U)-deti,48,-0.395,0.005413961213873466,0.018064546004064142
Cholest-HDL_S,Troponín T hs,39,-0.394,0.013186527651641843,0.039370871931998355
Krvný obr._DIFF_5pop: Trombocyty_PLT,Krvný obr._DIFF_5pop: Stredná konc._HGB,5478,-0.394,1.3762809268920915e-202,1.3247746558402208e-200
Krvný obr._DIFF_5pop: Hematokrit_HCT,Quickov test: PT_%,1562,0.394,2.75054510474509e-59,9.101152630440393e-58
Vitamin D total,Foláty,35,0.394,0.019082334717894816,0.0536653707227914
Krvný obr._DIFF_5pop: Lymfocyty_%,D_dimer INOV,208,-0.394,4.043980875617372e-09,3.047616904246401e-08
CRP_S,ABR_kapilára: HCO3_B - akt.,35,0.394,0.01927805475851029,0.05406144166634635
Quickov test: PT_%,Krvný obr._DIFF_RET: Hematokrit_HCT,106,0.394,2.8888369015005495e-05,0.00014884655989645573
Chloridy-S,ABR_artéria: HCO3_B - akt.,167,0.394,1.3280511355949278e-07,8.890525673798289e-07
Krvný obraz_RET: Hematokrit_HCT,Krvný obraz_RET: Šírka dist.kriv._RBC,34,-0.394,0.020991234688405525,0.058042999995706945
Moč chemický A: pH,Moč chemický A: Špec. hmotnosť,479,-0.393,4.136180839472802e-19,5.6028053034479126e-18
Krvný obr._DIFF_5pop: Trombocyty_PLT,Fibrinogén,1499,0.393,1.3249817490122585e-56,4.187865199738745e-55
Bili-celkový_S,ABR_artéria: BB_B,93,-0.392,0.00010051824328025155,0.0004779883230235315
Krvný obr._DIFF_5pop: Bazofily_%,Krvný obr._DIFF_5pop: Eozinofily_#,5474,0.392,2.5255276935229158e-200,2.394727975664341e-198
Krvný obr._DIFF_RET: Stred. far.konc._HGB,Krvný obr._DIFF_RET: Trombocyty_PLT,299,-0.392,1.931381201104908e-12,1.812417248245123e-11
Pomoc.TLy_CD4+,NKbb._CD16+CD56+_ap,354,-0.392,1.8537508648328784e-14,1.9369867178097494e-13
Quickov test: PT_INR,Krvný obr._DIFF_RET: Hemoglobín_HGB,106,-0.392,3.266840729872347e-05,0.00016683471991060306
Cholest-HDL_S,anti TPO_S,31,-0.392,0.02930408847990314,0.0767390247785757
GF(S)- MDRD,Krvný obr._DIFF_5pop: Eozinofily_%,41,-0.392,0.01132524734887503,0.0344255006733986
Proteinúria kvant._U,FE_ Kalcia,50,-0.392,0.004840734433525057,0.016332198841639087
Kalcium-S,Cholest-LDL_S,288,0.391,5.634791603243074e-12,5.188091457304819e-11
Feritin_S,T3f_S,47,-0.391,0.006529531598069949,0.02120762486837341
Beta2 mikroglob. _S,CVK_S,46,-0.391,0.00727408473244439,0.02333952540667637
Bielkoviny_S,Troponín T hs,94,-0.39,0.00010419191955721858,0.0004943474719544509
Albumín_S,Proteinúria kvant._U,36,-0.39,0.018711421836932356,0.05292683122441285
IgA_S,Fosfor_S,161,-0.39,3.0645560827009933e-07,1.9745562670790476e-06
ALT_S,Krvný obraz: Hemoglobín_HGB,30,0.39,0.03306260412567176,0.0852281608463642
Chloridy_U (zbieraný,FE_H2O,50,-0.39,0.005074378418157251,0.01709306791651804
Kreatinín_U (zbier.),GF(S+U)-deti,49,0.39,0.0056671951290194885,0.018800882848386845
Cholest-celk._S,Cholinesteráza_S,40,0.389,0.013030417837633094,0.038974691394766024
GF(S)- MDRD,Kreatinín_UJ (jednor,39,0.389,0.014292470780833653,0.04211505884537857
Krvný obraz_RET: Erytrocyty_RBC,Krvný obraz_RET: Šírka dist.kriv._RBC,34,-0.388,0.02329428764314401,0.06335128826921828
Tub. resorbcia,Kalcium_U (zbieraný),52,0.388,0.004500716948879713,0.015364349691688779
Triacylglyceroly_S,Cholest-LDL_S,676,0.388,9.995204844884625e-26,1.6622915282605242e-24
C3_S,CVK_S,77,0.388,0.00048057179566570217,0.002061494002609187
IgM_S,ELFO_S: gama_globulín,1387,0.388,5.023168225387927e-51,1.470607729764493e-49
Quickov test: PT_%,PTT-LA: PTT-LA_ratio,30,-0.387,0.034385143816408816,0.08787160847371087
p-ANCA,c-ANCA,403,0.386,8.834073560219143e-16,9.898213285374287e-15
Addisov sediment: Leukocyty,FE_Fosforu,36,-0.386,0.020100266363362963,0.05597230828220378
Krvný obr._DIFF_5pop: Šírka dist.kriv._RBC,Antitrombín III,81,-0.385,0.0003857816883610615,0.001679829380505705
Urea_S,Prokalcitonín_S,897,0.385,4.493646938343225e-33,8.949259874386992e-32
Saturácia Trf,Haptoglobín_S,77,-0.385,0.0005370083936335737,0.002278967484805674
ANA  HEp-2,dsDNA IgG,213,0.385,6.476556508555989e-09,4.817981674339133e-08
T4f_S,Vitamín B12,54,0.385,0.004044627544414532,0.01393466311803987
Krvný obr._DIFF_5pop: Bazofily_%,Krvný obr._DIFF_5pop: Neutrofily_#,5473,-0.385,3.441090326249712e-193,3.195400939693692e-191
Krvný obr._DIFF_5pop: Trombocyty_PLT,Krvný obr._DIFF_5pop: Leukocyty_WBC,5478,0.385,3.4705283305346252e-193,3.195400939693692e-191
Bili-celkový_S,ELFO_S: alfa2_globulín,499,-0.384,5.676505361626238e-19,7.624278765837524e-18
Foláty,Cholinesteráza_S,90,0.384,0.00018518894986721044,0.0008457982735488052
Krvný obr._DIFF_5pop: Hematokrit_HCT,Krvný obr._DIFF_5pop: Šírka dist.kriv._RBC,5474,-0.384,9.262464897471184e-192,8.406348499090633e-190
CRP_S,Prealbumín_S,169,-0.384,2.5827311865464967e-07,1.6760052326996827e-06
IgM_S,Močový sediment A: Epitélie,39,0.384,0.01585560332875259,0.046079893846095704
ELFO_S: alfa1_globulín,ELFO_S: Albumín,1609,-0.384,1.409407277901528e-57,4.522204260862832e-56
Krvný obr._DIFF_RET: Stredný objem_RBC,Krvný obr._DIFF_RET: Stredný objem_PLT,274,0.383,5.541097752257376e-11,4.750687452104063e-10
Krvný obr._DIFF_RET: Bazofily_#,Krvný obr._DIFF_RET: Eozinofily_%,298,0.383,7.558347162221036e-12,6.895094574175734e-11
Krvný obraz_RET: Leukocyty_WBC,Krvný obraz_RET: Erytrocyty_RBC,34,0.383,0.025479318051379207,0.06834348777377679
Albumín_S,ELFO_S: alfa1_globulín,1513,-0.382,7.275177334835742e-54,2.2114450530244722e-52
Leukocyty,Pomoc.TLy_CD4+_a.p,355,0.382,8.549564053908436e-14,8.66274010119303e-13
Kys. močová_S,Prealbumín_S,125,0.381,1.1880932643214219e-05,6.473376079102911e-05
T Ly_CD3+,Cyt.TLy_CD8+,354,0.381,1.0883872712348348e-13,1.0940703060371686e-12
Nátrium-S,Fibrinogén,44,-0.381,0.01062744968112917,0.03253792184299451
"ELFO_S: beta1,2_globulín",C4_S,1048,0.381,1.6008536471661084e-37,3.519108380777262e-36
Krvný obr._DIFF_RET: Erytrocyty_RBC,Krvný obr._DIFF_RET: Nezrelé formy RET,298,-0.38,1.1521177120619217e-11,1.0382133084722536e-10
Krvný obr._DIFF_5pop: Hematokrit_HCT,Quickov test: PT_INR,1562,-0.38,5.9188699008186465e-55,1.8342722185317493e-53
ELFO_S: alfa2_globulín,Ceruloplazmín,263,0.38,1.8303889180316012e-10,1.5180758219653739e-09
FE_Fosforu,FE_ Kalcia,50,0.38,0.006485321053728454,0.021096387431816112
IgM_S,Haptoglobín_S,78,-0.379,0.0006252662274818115,0.0026133660152578607
Krvný obr._DIFF_5pop: Eozinofily_#,Krvný obr._DIFF_5pop: Neutrofily_%,5473,-0.379,1.0257556649306397e-186,9.178346111696274e-185
Fosfor_S,Saturácia Trf,57,-0.379,0.0036400878045761502,0.012671494697245086
anti-SLA/LP,anti-LKM-1,95,0.379,0.0001544314286282467,0.0007145687298435917
Nátrium_U (zbieraný),FE_Chloridov,50,0.379,0.006614919550803993,0.021430180472339504
Vitamín B12,Cholinesteráza_S,88,-0.379,0.00027466219223965964,0.0012202300051038864
Krvný obr._DIFF_RET: Stredná konc._HGB,Krvný obr._DIFF_RET: Stredný objem_PLT,274,0.379,9.10389793492369e-11,7.680884937658725e-10
Krvný obraz: Trombocyty_PLT,Krvný obraz: Stredný objem_PLT,3655,-0.379,1.8752232606494142e-125,1.113391904196797e-123
ANA  HEp-2,Imunoblot Liver Pro: LKM1,43,0.379,0.012156952399533431,0.036482041879716785
Krvný obraz: Stredný objem_RBC,Fibrinogén,1450,-0.379,7.267905705125858e-51,2.108356390167332e-49
CEA _S,CYFRA  21-1_S,83,0.379,0.0004110753033547156,0.0017802054548142524
Kreatinín_S,Parathormón_S,36,0.378,0.022977050319975288,0.06273021086497765
Železo_S,NVK_S,262,-0.378,2.5808939012855737e-10,2.1184003817657945e-09
Imunoblot ANA: AMA-M2,Imunoblot Liver Pro: AMA-M2,164,0.378,5.941854995849996e-07,3.730099287414528e-06
Albumín_S,Laktát_P,54,-0.378,0.004820306359564474,0.0162977149027744
Triacylglyceroly_S,Močový sediment A: Baktérie,55,0.377,0.004598958514837501,0.01566605010443037
Cholest-celk._S,Amoniak_B,56,-0.377,0.0041824153780871095,0.014370408273113793
Transferín_S,Beta2 mikroglob. _S,79,-0.377,0.0006220540752212132,0.002603365968300637
C4_S,CVK_S,78,0.377,0.0006723429821908843,0.0027972462120882044
Addisov sediment: Leukocyty,FE_Horčíka,36,-0.376,0.02383220404425172,0.06434799911529321
CEA _S,CA 125_S,65,0.376,0.0019979252625528716,0.007474982330572999
GMT_S,Krvný obr._DIFF_5pop: Šírka dist.kriv._RBC,30,0.376,0.04053332694154713,0.10098361806260743
Transferín_S,Amoniak_B,116,-0.376,3.135162901216826e-05,0.00016088602513271804
Pomoc.TLy_CD4+,Cyt.TLy_CD8+,354,-0.376,2.369859695982531e-13,2.334219945515817e-12
Krvný obr._DIFF_5pop: Šírka dist.kriv._RBC,Trombínový čas,130,0.376,1.0532831753880953e-05,5.783498714987528e-05
Vitamín B12,NVK_S,193,-0.376,7.348591306461068e-08,5.025360664149318e-07
Kreatinín_S,Osmolalita_S,124,0.376,1.7107346263184538e-05,9.110056228835823e-05
AST_S,APTT: APTT_sekundy,39,0.376,0.018380595341121596,0.05208381900184902
Ak.TLyCD3+HLADR+_ap,B Ly _CD19+_ a.p.,354,0.375,3.027634551744648e-13,2.952247482528235e-12
Albumín_S,Laktát_P_artéria,39,-0.375,0.018775041906832768,0.053059537915528726
Krvný obr._DIFF_5pop: Lymfocyty_%,Krvný obr._DIFF_5pop: Eozinofily_%,5475,0.375,2.0546555902632304e-182,1.8129481895753197e-180
ALT_S,GF-(S+U)-dospelí,37,0.374,0.0224154223421073,0.06138154230146883
Krvný obraz: Stredný objem_RBC,Krvný obraz: Trombocyty_PLT,3776,-0.374,1.0690408032804244e-125,6.468205926895749e-124
ELFO_S: gama_globulín,Cholinesteráza_S,80,-0.374,0.0006226504292199396,0.0026041462651970222
Krvný obraz: Stredná konc._ HGB,Fibrinogén,1450,-0.374,1.8392105742595363e-49,5.193113234787037e-48
"ELFO_S: beta1,2_globulín",CK-MB_S,48,-0.373,0.009060624377447018,0.028313894082597595
Krvný obr._DIFF_5pop: Erytrocyty_RBC,D_dimer INOV,208,-0.373,2.9375089443682103e-08,2.0758614375496373e-07
Krvný obr._DIFF_5pop: Leukocyty_WBC,Diff.rozpočet_ WBC: Neutrofilné segmenty,209,0.373,2.6014550777172297e-08,1.852807635508695e-07
Albumín_S,ABR_kapilára: O2_B sat,30,0.373,0.04244862260003771,0.10491933507173279
ELFO_S: alfa2_globulín,Cholinesteráza_S,81,0.373,0.0006042820724870538,0.0025341110485126903
Moč chemicky _ úplne: Bielkoviny,Prokalcitonín_S,53,0.373,0.005904599376806206,0.019486711605636274
GMT_S,Proteinúria kvant._U,30,0.372,0.04299102694116844,0.10606679384747306
Chloridy-S,Tub. resorbcia,86,0.372,0.00042234509193662576,0.0018265203329294647
Fibrinogén,Krvný obr._DIFF_RET: Trombocyty_PLT,105,0.372,9.375114353706765e-05,0.0004481572723032286
C4_S,Cholinesteráza_S,71,0.372,0.0014072457928677876,0.005408489124070813
C3_S,Beta2 mikroglob. _S,117,-0.371,3.762274146729635e-05,0.00018969625122359815
Cholest-celk._S,Cholest-HDL_S,835,0.371,1.135492863515031e-28,2.055209732738174e-27
C3_S,CK-MB_S,46,-0.371,0.011039573906332041,0.03370226478948941
Kalcium-S,ABR_artéria: BB_B,124,0.371,2.1901555017184338e-05,0.00011499221406956371
Močový sediment A: Epitélie,Močový sediment A: Leukocyty,471,0.37,9.425171240339353e-17,1.1192170633621666e-15
"ELFO_S: beta1,2_globulín",Amoniak_B,100,-0.37,0.00015157225416604874,0.0007028748399393486
C4_S,NVK_S,76,0.37,0.0009927536666127041,0.00396664405282422
CRP_S,ABR_kapilára: O2_B sat,35,-0.37,0.028836546467701854,0.07578445084686995
Kalcium-S,Cholest-celk._S,523,0.37,2.075883317770692e-18,2.6805054304465868e-17
Krvný obraz: Trombocyty_PLT,Trombínový čas,72,-0.37,0.001398463707477779,0.005381247688435088
Krvný obr._DIFF_RET: Bazofily_#,Krvný obr._DIFF_RET: Neutrofily_%,298,-0.37,4.11593035431908e-11,3.552786078938739e-10
Fibrinogén,Krvný obr._DIFF_RET: Stred. far.konc._HGB,105,-0.368,0.00011357632216616274,0.0005372675910064273
GF(S)- MDRD,Kys. močová_S,1194,-0.368,1.0987997620239472e-39,2.585435143754866e-38
GF(S)- MDRD,Quickov test: PT_INR,42,-0.368,0.016633083756502416,0.047901170038558406
Prokalcitonín_S,Laktát_P_artéria,58,0.368,0.004506709617040388,0.015376544681556166
Urea_S,Kys. močová_S,1337,0.368,5.082892143193072e-44,1.2916645514282235e-42
ELFO_S: Albumín,T3f_S,101,0.367,0.00015946741271054946,0.0007349555589067205
Triacylglyceroly_S,HbA1c %,47,0.367,0.0112510757779898,0.03424920192504514
GMT_S,APTT: APTT_ratio,32,0.367,0.03907535742139508,0.0979273158572477
Chol.celk._ascites,Bielkovina_ ascites,74,0.367,0.0013017808201463876,0.005052054703964569
Krvný obr._DIFF_RET: Stred. far.konc._HGB,Krvný obr._DIFF_RET: Hemoglobín_HGB,299,0.366,6.251494981245316e-11,5.338138120410147e-10
Glukóza_ S,Krvný obr._DIFF_5pop: Bazofilily_#,34,-0.366,0.033222567051740835,0.08548520392049798
GMT_S,Žlčové kyseliny,318,0.366,1.5937594897164512e-11,1.4151400888558093e-10
Quickov test: PT_INR,Krvný obr._DIFF_RET: Hematokrit_HCT,106,-0.366,0.00011414219783138801,0.0005395426955526845
Kalcium-S,Prealbumín_S,144,0.366,6.306709549570477e-06,3.5488508209407645e-05
Bielkoviny_S,T3f_S,219,0.366,2.361466577263839e-08,1.6875587362606492e-07
Krvný obraz_RET: Leukocyty_WBC,Krvný obraz_RET: Stredná konc._HGB,34,-0.366,0.03316016298219429,0.08542843285721019
Chloridy_U (zbieraný,Osmolalita_U (jednor,43,0.366,0.015644311766000837,0.04559096910523088
Kreatinín_S,Proteinúria kvant._U,111,0.365,8.018462577168461e-05,0.00038591888449053963
C4_S,Cholest-LDL_S,69,0.365,0.00204060242860127,0.007625851311119922
Bili-priamy_S,ABR_artéria: HCO3_B -  stand.,93,-0.365,0.00032787473208853603,0.0014415143065456537
Kreatinín_S,Prealbumín_S,164,0.365,1.5858287528778358e-06,9.513475039691115e-06
Amoniak_B,CVK_S,77,-0.365,0.0011145796501909066,0.004395359725426958
IgA_S,Prokalcitonín_S,69,0.365,0.002068040981605994,0.007714776486284721
Prokalcitonín_S,ABR_artéria: BB_B,77,-0.364,0.001155238193046209,0.004538792974905731
Leukocyty,T Ly_CD3+_ a.p.,359,0.364,1.025565889883552e-12,9.710015049821468e-12
Krvný obr._DIFF_5pop: Leukocyty_WBC,Diff.rozpočet_ WBC: Lymfocyty,210,-0.364,5.826418506550999e-08,4.001647218607405e-07
Saturácia Trf,Cholinesteráza_S,77,-0.364,0.0011509792095806856,0.004527139923379321
Imunoblot Liver Pro: AMA-M2,DNP / Nucleo-h /,31,0.363,0.04484983311799103,0.10988468561457655
Albumín_S,Vitamín B12,280,-0.363,3.8601427107656734e-10,3.1319906310976147e-09
Krvný obr._DIFF_5pop: Lymfocyty_#,Krvný obr._DIFF_5pop: Bazofilily_#,5476,0.363,6.1268341937920346e-170,4.927060459893772e-168
CYFRA  21-1_S,SCCA_S,40,0.363,0.021419429087215374,0.05901024847835181
Proteinúria kvant._U,FE_Horčíka,50,-0.363,0.009664845083933896,0.029930200129775292
alfa1 AT_S,Meď_S,115,0.363,6.61819279225408e-05,0.0003241740848819597
Krvný obr._DIFF_5pop: Stredný objem_RBC,Krvný obr._DIFF_5pop: Erytrocyty_RBC,5478,-0.362,3.989478942092057e-169,3.1681449648888548e-167
Bili-priamy_S,ABR_artéria: BE_B,93,-0.362,0.0003579397710213179,0.001561807256386286
Kys. močová_S,Troponín T hs,48,0.362,0.01142508214094048,0.034646084411167
Addisov sediment: Leukocyty,FE_ Kalcia,36,-0.362,0.029881946504316293,0.0781430180844267
Kalcium_U (zbieraný),GF(S+U)-deti,48,0.362,0.011422584078721734,0.034646084411167
ELFO_S: Albumín,Amoniak_B,101,-0.362,0.00020200642159175512,0.0009166762831231574
Krvný obraz: Hemoglobín_HGB,D_dimer INOV,49,-0.362,0.010640696868900587,0.032562787672507434
Prokalcitonín_S,ABR_artéria: BE_B,77,-0.361,0.0012689502813190826,0.004936706146491202
Prokalcitonín_S,ABR_artéria: HCO3_B -  stand.,77,-0.361,0.0012517242294715716,0.004881647654900487
LD_S,Solub.transf.recep_S,46,0.361,0.013694491283339442,0.04067372750025969
Krvný obr._DIFF_RET: Bazofily_%,Krvný obr._DIFF_RET: Eozinofily_#,298,0.361,1.3071204860957465e-10,1.0969797157419125e-09
Krvný obr._DIFF_5pop: Stred.far.konc._HGB,Krvný obr._DIFF_5pop: Šírka dist.kriv._RBC,5474,-0.36,9.962739848139094e-167,7.718693445759471e-165
Bili-priamy_S,Železo_S,761,0.36,1.1474286574578322e-24,1.854863679600409e-23
Albumín_S,Feritin_S,878,-0.36,2.990973780511538e-28,5.367699555816328e-27
Protrombín IgG,Beta2-Glyco-Check,41,0.36,0.020695508475727646,0.05733910394517999
Kreatinín_S,Krvný obr._DIFF_5pop: Stredný objem_PLT,48,0.36,0.01197714251492147,0.03607908316609583
Bili-priamy_S,CVK_S,121,-0.359,5.3593303568526524e-05,0.0002651699825318138
Moč chemicky _ úplne: Bielkoviny,Amoniak_B,79,0.359,0.0011515595964396322,0.004527139923379321
Krvný obr._DIFF_5pop: Eozinofily_#,Diff.rozpočet_ WBC: Eozinofily,157,0.359,3.975829317019328e-06,2.3046025229036307e-05
Pomoc.TLy_CD4+_a.p,Pomoc.TLy_CD4+,355,0.358,3.752718159194812e-12,3.490632278969933e-11
IgA_S,Vitamín B12,133,0.358,2.2987218513364912e-05,0.00012009687435477574
AST_S,APTT: APTT_ratio,39,0.357,0.02556546661576138,0.0685016488443408
ALP_S,Prokalcitonín_S,621,0.357,3.907178709606865e-20,5.455451943325804e-19
AST_S,Železo_S,950,0.357,5.27624096349971e-30,9.887893463455356e-29
CB_CSF,Elementy_CSF: Le_CSF,71,0.357,0.0022283678454986973,0.00824029157302283
GF(S)- MDRD,Quickov test: PT_%,42,0.357,0.020151659565443077,0.05604150493597252
Krvný obr._DIFF_5pop: Šírka dist.kriv._RBC,Factor V,45,-0.356,0.01645271600851842,0.04751095672823524
Krvný obr._DIFF_5pop: Hemoglobín_HGB,Krvný obr._DIFF_5pop: Stred.far.konc._HGB,5478,0.356,7.539399693285434e-164,5.635036029581454e-162
Krvný obr._DIFF_5pop: Hemoglobín_HGB,Quickov test: PT_%,1562,0.356,5.119008855582144e-48,1.4078382363425696e-46
Osmolalita_S,Osmolalita_U (jednor,46,0.355,0.015607785990156543,0.0455053989882811
ALP_S,Meď_S,161,0.355,3.9059013539248425e-06,2.2682076143952946e-05
Kreatinín_S,ABR_artéria: PO2_B,130,0.355,3.480887228023045e-05,0.0001771961262790898
LDH_ascites,Triacylglyc._ascites,69,0.355,0.0028011348681314914,0.010082498480022304
FE_ Kália,FE_Horčíka,50,0.355,0.011400188169007007,0.03460625192079757
Krvný obr._DIFF_5pop: Bazofilily_#,Krvný obr._DIFF_5pop: Eozinofily_%,5474,0.355,3.42366478594366e-162,2.5291328354767524e-160
ALT_S,Beta2 mikroglob. _S,141,0.354,1.6791049647313217e-05,8.949122349780273e-05
Albumín_S,Lipáza_S,164,-0.354,3.251234639482099e-06,1.9054514450765473e-05
Krvný obr._DIFF_RET: Monocyty_#,Krvný obr._DIFF_RET: Lymfocyty_#,298,0.354,3.247229091846339e-10,2.6516255039202816e-09
GF(S)- MDRD,ABR_artéria: PCO2_B,130,0.354,3.505277005257956e-05,0.00017829483438273653
Železo_S,Cholest-celk._S,281,0.354,1.0160204827576862e-09,7.968861885135286e-09
Amyláza_S,ABR_artéria: PO2_B,32,-0.353,0.047395534905320814,0.11496900849694659
Albumín_S,Bili-priamy_S,2951,-0.353,1.6768039742692673e-87,7.555131665625997e-86
Krvný obr._DIFF_RET: Bazofily_#,Krvný obr._DIFF_RET: Lymfocyty_#,298,0.353,3.4746335802422646e-10,2.8300445045229624e-09
Proteinúria kvant._U,FE_Chloridov,50,-0.353,0.011977101794126612,0.03607908316609583
ELFO_S: alfa2_globulín,Beta2 mikroglob. _S,138,-0.352,2.239896917471193e-05,0.00011721635186733518
APTT: APTT_ratio,Trombínový čas,231,0.352,4.024697930046254e-08,2.803608108507001e-07
Chol.celk._ascites,LDH_ascites,71,0.352,0.002576283236696709,0.009357991653936075
ACLA IgG/M/A,Protrombín IgM,46,0.352,0.01649340627695451,0.04758880786033346
Kálium-S,ABR_kapilára: PCO2_B,50,0.352,0.012174418210728113,0.03650027319148452
Bili-priamy_S,ABR_artéria: BB_B,93,-0.352,0.0005463014100784496,0.0023153121135613013
Bili-priamy_S,ELFO_S: Albumín,493,-0.351,8.801172352250982e-16,9.878771723295138e-15
AST_S,Saturácia Trf,360,0.351,7.279030753949908e-12,6.653767248898384e-11
C3_S,Triacylglyceroly_S,192,0.351,6.153552449219254e-07,3.855376598608473e-06
Krvný obr._DIFF_5pop: Erytrocyty_RBC,Factor V,45,0.351,0.018078805181102622,0.051343160176819384
Kalcium_U (zbieraný),FE_H2O,50,-0.351,0.012326052266515664,0.03690264375550142
Urea_S,Beta2 mikroglob. _S,144,0.35,1.6610039535965415e-05,8.867527829578847e-05
Ceruloplazmín,Haptoglobín_S,118,0.35,0.00010014238808043297,0.00047655774642321394
Krvný obr._DIFF_5pop: Trombocyty_PLT,Factor V,45,0.35,0.018392928591648025,0.052095530692260326
Bili-priamy_S,ABR_artéria: HCO3_B - akt.,93,-0.35,0.0005824853746619837,0.002450681844521578
Horčík-S,Lipáza_S,42,0.35,0.02306300744550021,0.06285683668007844
GMT_S,Kalcium ionizované_S,263,-0.349,6.034802965597659e-09,4.505182519440885e-08
Addisov sediment: Erytrocyty,FE_ Kália,36,-0.349,0.036849385016546,0.09294956819044295
Quickov test: PT_%,Trombínový čas,257,-0.349,9.103467488502318e-09,6.693788073432317e-08
Prokalcitonín_S,ABR_artéria: HCO3_B - akt.,77,-0.349,0.0018706872658304648,0.007061483184682676
Kreatinín_S,ABR_artéria: PCO2_B,130,-0.349,4.613709542226858e-05,0.0002295293400295006
GMT_S,Železo_S,910,0.349,1.947344746087628e-27,3.417536235330028e-26
ELFO_S: Albumín,Haptoglobín_S,102,0.349,0.00031866597948367834,0.0014058923386526447
Bili-celkový_S,Moč chemický A: UBG,93,0.349,0.0006043094976383954,0.0025341110485126903
Kálium-S,Krvný obr._DIFF_5pop: Trombocyty_PLT,52,0.349,0.011202556509429995,0.03411785307018637
Transferín_S,Saturácia Trf,534,-0.349,9.281552445683752e-17,1.104226642086683e-15
Cholest-HDL_S,T3f_S,91,0.349,0.000701518175288662,0.002909102459274719
Imunoblot Liver Pro: LKM1,DNP / Nucleo-h /,31,0.348,0.055196355551026324,0.13035778692032352
CA 72-4_S,CA 125_S,52,-0.348,0.011401052301311082,0.03460625192079757
Krvný obr._DIFF_RET: Erytrocyty_RBC,Krvný obr._DIFF_RET: Lymfocyty_#,298,0.347,7.040478908324161e-10,5.61206555891887e-09
Krvný obraz_RET: Leukocyty_WBC,Krvný obraz_RET: Stredný objem_PLT,30,-0.347,0.06009442143145528,0.1395074138495687
Kalcium-S,ABR_artéria: O2_B sat,124,-0.347,7.941220057374926e-05,0.00038278126725722997
Moč chemický A: pH,Močový sediment A: Hlienové vlákna,478,-0.347,5.7652995235354696e-15,6.145461052520275e-14
Krvný obr._DIFF_5pop: Hemoglobín_HGB,Quickov test: PT_INR,1562,-0.347,2.0289305198788005e-45,5.218540725825919e-44
Krvný obr._DIFF_5pop: Hematokrit_HCT,Factor V,45,0.347,0.01942642510709747,0.0544162604521121
ALT_S,ABR_artéria: HCO3_B - akt.,84,-0.347,0.0012122718921957004,0.0047477800992941745
Krvný obr._DIFF_5pop: Neutrofily_%,D_dimer INOV,208,0.347,2.8248554528660214e-07,1.8267048249392508e-06
Nátrium-S,Krvný obr._DIFF_5pop: Šírka dist.kriv._RBC,52,-0.346,0.011881209328741524,0.0358581106249382
D_dimer INOV,Antitrombín III,36,-0.346,0.03854038709571684,0.09673926480406522
AST_S,Beta2 mikroglob. _S,142,0.346,2.5006757065328502e-05,0.0001295823227047569
Cholest-celk._S,Foláty,76,0.345,0.002266784739348581,0.008363196780228946
Cholest-celk._S,Močový sediment A: Hlienové vlákna,56,-0.345,0.009220514572145785,0.028728753838568988
GMT_S,Krvný obr._DIFF_5pop: Stredný objem_RBC,30,0.345,0.06165640875773325,0.14248932878787898
Krvný obraz: Stredná konc._ HGB,Krvný obraz: Erytrocyty_RBC,3776,-0.345,2.596946998829671e-106,1.352328219964336e-104
ALT_S,Bili-priamy_S,4716,0.345,1.456296030114105e-131,9.160246217143475e-130
ELFO_S: Albumín,Cholest-HDL_S,244,0.345,3.191550041128794e-08,2.2453950621584968e-07
Proteinúria kvant._U,Addisov sediment: Valce,58,0.345,0.00791613760427295,0.025145611099973025
"ELFO_S: beta1,2_globulín",Beta2 mikroglob. _S,134,-0.345,4.4444145326799555e-05,0.00022128029409181627
Bili-celkový_S,CA 19-9_S,32,0.344,0.05416846619414572,0.12835966644215135
FE_ Kália,FE_ Kalcia,50,0.344,0.014357514812320941,0.04226751232746754
Nátrium-S,Osmolalita_U (jednor,46,0.343,0.019748759629414667,0.05517320577206305
GMT_S,NVK_S,125,-0.343,8.985462918422153e-05,0.00043017819081187593
Bili-priamy_S,CIK_S,35,0.343,0.04375726574029624,0.10756591382199468
Bielkoviny_S,GF(S)-Cockroft,35,0.343,0.04337353606075356,0.10684454230087916
LD_S,Fosfor_S,199,0.343,7.108552308518571e-07,4.41884861213488e-06
FE_Fosforu,GF(S)-Shull,48,-0.343,0.017132052795127195,0.049093338478774506
Bielkoviny_S,Interleukín -6,129,-0.343,6.898893605445053e-05,0.00033610944076221185
anti- transglut. IgA,anti- transglut. IgG,124,0.342,9.93535300547096e-05,0.000473513110605829
Albumín_S,Cholest-LDL_S,519,0.342,1.0668754361809549e-15,1.1870156998349573e-14
C3_S,Amoniak_B,79,-0.341,0.00209591993740197,0.007800456568432757
Krvný obraz: Erytrocyty_RBC,APTT: APTT_ratio,1487,-0.341,7.990884439374144e-42,1.9600806503221597e-40
Bili-priamy_S,LD_S,270,0.34,1.0174951105695657e-08,7.455762903631432e-08
Železo_S,alfa1 AT_S,196,-0.34,1.0996645296906768e-06,6.717469958773913e-06
Addisov sediment: Leukocyty,Horčík_U (zbieraný),37,0.34,0.03953007728743381,0.09887188228624685
CRP_S,Foláty,222,-0.34,2.0149707571243362e-07,1.318342865088662e-06
Urea_S,ABR_artéria: PO2_B,130,0.34,7.759322371846301e-05,0.0003757238950330758
Imunoblot ANA: SmD1,Imunoblot Liver Pro: SLA,163,0.34,9.26020226238619e-06,5.1112132904378334e-05
IgA_S,ELFO_S: Albumín,1362,-0.34,3.7329701330766655e-38,8.350549033604244e-37
AST_S,NSE_S,31,0.339,0.062448183196831805,0.14405711977105026
Kreatinín_S,Krvný obr._DIFF_5pop: Lymfocyty_#,48,-0.339,0.018403555121795673,0.05210240003955789
Imunoblot Liver Pro: LKM1,Imunoblot Liver Pro: gp210,187,0.339,2.0055896429464037e-06,1.1952636962137432e-05
Prokalcitonín_S,ABR_artéria: pH_B,77,-0.339,0.002553481672379855,0.009307096422621468
Krvný obraz: Šírka dist.kriv._RBC,APTT: APTT_ratio,1477,0.339,3.6410842269916685e-41,8.795364294326262e-40
Krvný obr._DIFF_5pop: Monocyty_%,Krvný obr._DIFF_5pop: Neutrofily_#,5473,-0.339,3.8140585623763843e-147,2.5777355368911882e-145
Elementy_CSF: Ly_CSF,Glukóza_CSF,72,-0.339,0.003563666227111505,0.012439544802659006
Krvný obr._DIFF_5pop: Trombocyty_PLT,Krvný obr._DIFF_5pop: Stredný objem_RBC,5478,-0.338,1.618865135472426e-146,1.0825947584901391e-144
Bili-priamy_S,IgA_S,538,0.338,8.293290096807321e-16,9.325180882303877e-15
Quickov test: PT_INR,Trombínový čas,257,0.338,2.874873827505061e-08,2.0338611833117654e-07
Bili-priamy_S,ELFO_S: alfa2_globulín,493,-0.338,1.3144146492486573e-14,1.3802440110209454e-13
APTT: APTT_sekundy,Trombínový čas,231,0.337,1.5444913516645208e-07,1.0231651258732743e-06
T Ly_CD3+,B Ly _CD19+_ a.p.,354,-0.337,7.152294483868072e-11,6.090955342629204e-10
c-ANCA,DGP IgG,73,0.337,0.0035463135981888974,0.012392590918203557
Kálium-S,Vitamín B12,232,-0.337,1.4617666578143011e-07,9.75164152332788e-07
Glukóza_ S,Proteinúria kvant._U,32,-0.337,0.05891090252513485,0.1375453743999198
ALT_S,ABR_artéria: BE_B,84,-0.336,0.0017778896845831735,0.00675130494091865
Nátrium-S,Cholinesteráza_S,107,0.336,0.0004011216775726756,0.0017406598481005521
C3_S,Cholest-LDL_S,69,0.336,0.00481701687679199,0.016295265291937974
Triacylglyceroly_S,Saturácia Trf,123,0.336,0.00014211181434388065,0.0006633624956110755
Kalcium_U (zbieraný),Fosfor_U (zbieraný),56,0.336,0.011461992899310311,0.03472486451565017
ELFO_S: alfa1_globulín,Ceruloplazmín,263,0.335,2.6692011982607147e-08,1.8989289151792072e-07
Imunoblot ANA: dsDNA,Imunoblot ANA: Nucleosomes,419,0.335,1.844884115537656e-12,1.7338089920134213e-11
ALT_S,ABR_artéria: HCO3_B -  stand.,84,-0.335,0.0018099945298079953,0.006852738526740283
Kalcium-S,ABR_artéria: PO2_B,124,-0.335,0.0001460884535210041,0.0006789319277387995
Fosfor_U (zbieraný),FE_ Kalcia,50,-0.334,0.01791511932120357,0.050946621776009976
Kalcium-S,ABR_artéria: pH_B,124,0.334,0.0001482380350134237,0.0006884183014914333
ALT_S,Bili-celkový_S,4748,0.334,2.0479110757336727e-124,1.1936127581776168e-122
ALT_S,ABR_kapilára: O2_B sat,31,-0.334,0.06647408453963728,0.15129887761330726
Kreatinín_U (zbier.),Osmolalita_U (jednor,43,0.334,0.028844136966430272,0.07578445084686995
CRP_S,Krvný obraz: Hematokrit_HCT,47,-0.334,0.021889819636521937,0.06009767681539493
CRP_S,Krvný obraz: Stredný objem_PLT,46,-0.334,0.023227519688036376,0.06319675913408784
Horčík-S,Močový sediment A: Zhluky leukocytov,60,-0.334,0.00904804601160119,0.028288502121900767
NKbb._CD16+CD56+_ap,Cyt.TLy_CD8+_a.p,353,0.333,1.391529643879537e-10,1.1661180448545045e-09
Kreatinín_S,ABR_kapilára: PO2_B,33,-0.333,0.05827548962187935,0.13633313686825224
Krvný obr._DIFF_RET: Erytrocyty_RBC,Krvný obr._DIFF_RET: Retikulocyty_%,299,-0.333,3.4019361107387606e-09,2.5821386035272815e-08
Reumat. faktor_S,Beta2 mikroglob. _S,101,0.333,0.0006730172773923244,0.0027982190859119353
Krvný obr._DIFF_5pop: Leukocyty_WBC,Krvný obr._DIFF_5pop: Eozinofily_%,5475,-0.333,8.098246458729213e-142,5.303933995083164e-140
T Ly_CD3+_ a.p.,NKbb._CD16+CD56+_ap,354,0.333,1.2979920404501182e-10,1.09075971335709e-09
Krvný obraz: Šírka dist.kriv._RBC,APTT: APTT_sekundy,1477,0.332,1.9260996513084784e-39,4.5153177434548936e-38
Bili-priamy_S,Moč chemický A: UBG,92,0.332,0.0012228822010197185,0.004783848905836374
GF(S)- MDRD,Krvný obraz: Stredná konc._ HGB,49,-0.332,0.019889208202881536,0.05549237580716135
IgG_S,Močový sediment A: Kryštály,38,0.332,0.04149745891827629,0.10282112188292093
ALT_S,Krvný obraz: Stred. far.konc._HGB,30,0.332,0.07317420054111697,0.16265769630430932
Kreatinín_S,LD_S,1545,-0.331,6.044505848092064e-41,1.454573698974579e-39
Krvný obraz: Hematokrit_HCT,D_dimer INOV,49,-0.331,0.020105274279866053,0.05597230828220378
Krvný obr._DIFF_5pop: Lymfocyty_#,Antitrombín III,81,0.331,0.002569295002452234,0.009343292015214106
CRP_S,Amyláza_U (jednoráz),74,0.331,0.003951607769788698,0.013650920889305126
C3_S,AFP_S,48,-0.33,0.022142326820900768,0.06071221505963857
GMT_S,Reumat. faktor_S,1388,0.33,1.4219651394472627e-36,3.011248176969487e-35
CRP_S,Kalcium ionizované_S,269,-0.33,2.848051994308785e-08,2.0193832946254142e-07
Krvný obr._DIFF_5pop: Hematokrit_HCT,D_dimer INOV,208,-0.33,1.1481715612378745e-06,7.000320468852416e-06
ALT_S,ABR_artéria: BB_B,84,-0.33,0.002162486142611269,0.00801065566414542
CRP_S,C3_S,950,0.329,2.1558591097462135e-25,3.539062771115683e-24
IgA_S,Močový sediment A: Zhluky leukocytov,39,-0.329,0.04088151289713444,0.10161199195441904
Triacylglyceroly_S,HbA1c,46,0.329,0.025782958373587708,0.06896805665153798
Krvný obr._DIFF_5pop: Monocyty_%,Krvný obr._DIFF_5pop: Neutrofily_%,5473,-0.329,9.868027966714739e-139,6.332482997226135e-137
ALT_S,Vitamín B12,244,0.329,1.486965045422758e-07,9.881473779885757e-07
Chol.celk._ascites,Glukóza_pleur.punkt.,50,0.328,0.020085928145676547,0.05597230828220378
Urea_S,ABR_artéria: BB_B,130,-0.328,0.00013891121049907436,0.0006493766889629282
CRP_S,Krvný obr._DIFF_5pop: Lymfocyty_%,55,-0.328,0.014373221754082954,0.04227457305726343
CA 19-9_S,SCCA_S,39,0.328,0.041655853395769826,0.10317334761143303
GF(S)- MDRD,Krvný obr._DIFF_5pop: Lymfocyty_#,41,0.328,0.036373676552876454,0.09210122245533045
ELFO_S: alfa1_globulín,T3f_S,101,-0.328,0.000819443108669735,0.003339270089402711
Amyláza_S,CVK_S,39,0.328,0.041189710950077785,0.10221806002572038
CYFRA  21-1_S,CA 125_S,48,0.328,0.02300511869370851,0.06275290642384292
Krvný obr._DIFF_5pop: Hemoglobín_HGB,D_dimer INOV,208,-0.327,1.4610705178242526e-06,8.806081591641609e-06
Nátrium-S,GF-(S+U)-dospelí,38,0.327,0.04488163433944621,0.10992020931322351
GMT_S,Krvný obr._DIFF_5pop: Bazofilily_#,30,0.327,0.07797309253694727,0.17128736406888867
"ELFO_S: beta1,2_globulín",Meď_S,167,0.327,1.6365634448760357e-05,8.759130215077889e-05
Fibrinogén,Krvný obr._DIFF_RET: Stredný objem_PLT,94,-0.327,0.0012895026256514008,0.005007463435674419
Proteinúria kvant._U,GF(S+U)-deti,49,0.327,0.021634367984203373,0.05947344863853051
Vitamín B12,AFP_S,38,0.327,0.04491403606629946,0.10995717577233159
Chloridy-S,Laktát_P_artéria,96,0.327,0.0011277304641629396,0.004444461314408905
FE_Fosforu,GF(S+U)-deti,48,-0.327,0.023432499636402777,0.06358390753506409
Foláty,NVK_S,191,0.327,3.774823298769712e-06,2.198116628513655e-05
Kreatinín_U (zbier.),Addisov sediment: Erytrocyty,56,0.327,0.014000727834255525,0.041409042798428934
Imunoblot ANA: SS-A/Ro60kD,Imunoblot ANA: SmD1,418,0.327,7.269326864057725e-12,6.653767248898384e-11
ABR_artéria: O2_B sat,Laktát_P_artéria,98,-0.326,0.0010444128888778155,0.004146971926900476
Kreatinín_S,Krvný obr._DIFF_5pop: Stred.far.konc._HGB,48,0.326,0.0238522416767736,0.06437268112682357
ALP_S,Solub.transf.recep_S,46,0.326,0.027179289221196917,0.07212615890654303
GMT_S,Triacylglyceroly_S,860,0.326,1.0141039206152239e-22,1.5194816527520089e-21
C3_S,NVK_S,75,0.326,0.004295300076760199,0.014726411973911249
Kalcium-S,ABR_artéria: HCO3_B -  stand.,124,0.326,0.00022183342395059325,0.001000218411893626
Krvný obr._DIFF_5pop: Leukocyty_WBC,Krvný obr._DIFF_5pop: Lymfocyty_#,5477,0.325,3.018377972002016e-135,1.9175755256128812e-133
Krvný obraz: Erytrocyty_RBC,APTT: APTT_sekundy,1487,-0.325,5.056839347655443e-38,1.123290222925001e-36
Kreatinín_S,Quickov test: PT_INR,45,0.325,0.02923504858600773,0.07665301843454689
GMT_S,Laktát_P_artéria,53,-0.325,0.01746759125845328,0.04996470385635015
Chloridy-S,GF(S)-Cockroft,38,0.325,0.04626114442785532,0.11282036489449705
Horčík-S,Moč chemický A: Špec. hmotnosť,61,-0.325,0.010620917176043063,0.0325336002022187
Krvný obraz_RET: Hemoglobín_HGB,Krvný obraz_RET: Leukocyty_WBC,34,0.325,0.06109763812937668,0.14140375046846268
Amyláza_S,Transferín_S,255,0.324,1.1576117417135299e-07,7.798841352180335e-07
Kalcium-S,ABR_artéria: BE_B,124,0.324,0.00024271482100458647,0.0010866576869923452
Albumín_S,Cholest-celk._S,879,0.324,5.905375716334832e-23,8.975323427242868e-22
ELFO_S: Albumín,Prealbumín_S,163,0.324,2.4265430921764423e-05,0.00012604929079801255
Addisov sediment: Valce,Addisov sediment: Leukocyty,64,0.324,0.008919597550049393,0.027955699672157764
Krvný obr._DIFF_RET: Stredná konc._HGB,Krvný obr._DIFF_RET: Lymfocyty_#,298,-0.324,1.0814443167631063e-08,7.897029591259786e-08
Bili-priamy_S,C4_S,247,-0.324,1.9099294079459278e-07,1.2547860939690257e-06
Kreatinín_S,ABR_kapilára: O2_B sat,33,-0.323,0.06702203149359398,0.1520173779962058
Krvný obraz: Stredný objem_RBC,Quickov test: PT_%,1495,-0.323,1.0442298978885808e-37,2.3114956589847225e-36
Cyt.TLy_CD8+,B Ly_ CD19+,354,-0.323,4.576974991356499e-10,3.6900408781837355e-09
CRP_S,Krvný obr._DIFF_5pop: Lymfocyty_#,55,-0.323,0.01624787271719942,0.04696960500628159
Krvný obraz: Stredný objem_RBC,Quickov test: PT_INR,1493,0.323,1.1179433076447174e-37,2.466074247731559e-36
Kálium-S,Kalcium-S,2362,0.323,1.7803325341022814e-58,5.741346491955226e-57
Urea_S,ABR_artéria: O2_B sat,130,0.322,0.00018415473729503133,0.0008422858502774183
CRP_S,NVK_S,125,-0.322,0.00024654219144155937,0.0011030158748086103
Bili-celkový_S,LD_S,273,0.322,5.293199620133198e-08,3.651215764028904e-07
Imunoblot ANA: dsDNA,Imunoblot ANA: Histones,419,0.322,1.3752762091886761e-11,1.2323173141009394e-10
Nátrium-S,GF-rozdiel,38,0.322,0.04882264713081326,0.11794920918269025
Krvný obr._DIFF_RET: Retikulocyty_#,Krvný obr._DIFF_RET: Leukocyty_WBC,299,0.322,1.1950220513307179e-08,8.706393454247765e-08
Fosfor_S,HBDH_S,37,0.322,0.05172692160917822,0.1234489605496278
CRP_S,ELFO_S: alfa2_globulín,1083,0.321,2.4570977624104702e-27,4.2884456276356365e-26
Cholest-HDL_S,Meď_S,53,-0.321,0.019230014394183502,0.053985100064625625
Krvný obraz_RET: Trombocyty_PLT,Krvný obraz_RET: Šírka dist.kriv._RBC,34,-0.321,0.06388711203193216,0.1463666868874378
"ELFO_S: beta1,2_globulín",Haptoglobín_S,97,0.321,0.0013324797233144393,0.0051585884717956325
Transferín_S,Vitamín B12,312,-0.321,6.212183528698672e-09,4.632159854204538e-08
Albumín_S,AFP_S,87,-0.321,0.00247234010574036,0.009032074003317141
ELFO_S: alfa2_globulín,Fosfor_S,157,0.32,4.355643474747523e-05,0.00021703061172604718
Močový sediment: Erytrocyty,Kalcium ionizované_S,47,-0.32,0.02814369743595838,0.0742203859737001
Tub. resorbcia,Addisov sediment: Erytrocyty,55,0.32,0.01705208903618809,0.04890831677061081
Fosfor_S,CVK_S,39,0.32,0.04675706324671967,0.11376776055396785
Cholest-HDL_S,Transferín_S,147,0.32,7.878385701314802e-05,0.00038090855677665864
Feritin_S,Triacylglyceroly_S,200,0.32,3.737232863306653e-06,2.1782238881272628e-05
Quickov test: PT_%,Diff.rozpočet_ WBC: Neutrofil.nesegmenty,33,-0.32,0.06968878942763417,0.15655335192141437
Krvný obr._DIFF_RET: Eozinofily_#,Krvný obr._DIFF_RET: Lymfocyty_%,298,0.32,1.546755613518433e-08,1.1243178961879412e-07
Krvný obr._DIFF_5pop: Trombocyty_PLT,Krvný obr._DIFF_5pop: Lymfocyty_#,5477,0.32,7.492887135960628e-131,4.666893330858615e-129
Kreatinín_S,Quickov test: PT_%,45,-0.319,0.03245016954485285,0.08396305965598287
Albumín_S,ABR_kapilára: BB_B,30,-0.319,0.0858031312529161,0.18569244020644715
ELFO_S: Albumín,Cholest-LDL_S,140,0.319,0.00012262500507791485,0.0005770641905629578
GMT_S,ALP_S,7104,0.319,5.883609318929586e-168,4.61463827199502e-166
Proteinúria kvant._U,FE_ Nátria,50,-0.319,0.023827771099906855,0.06434799911529321
Lymfocyty,NKbb._CD16+CD56+_ap,354,0.319,8.442967126316234e-10,6.6964007682255976e-09
ELFO_S: Albumín,Vitamín B12,179,-0.319,1.3553607158467485e-05,7.34067061191338e-05
Krvný obraz: Erytrocyty_RBC,Fibrinogén,1450,0.319,9.91210823097753e-36,2.0646433964393524e-34
Krvný obraz: Trombocyty_PLT,Krvný obraz: Erytrocyty_RBC,3776,0.319,4.347332148176785e-90,2.0013479085048632e-88
Cholest-HDL_S,T4f_S,130,-0.319,0.00021473384685590568,0.0009695836027544911
GF(S)- MDRD,ABR_artéria: PO2_B,130,-0.319,0.00022048044633460914,0.00099482405934927
ABR_kapilára: HCO3_B - akt.,ABR_kapilára: pH_B,102,0.319,0.0010946658179385906,0.004324883048111857
Kreatinín_U (zbier.),FE_Fosforu,50,-0.319,0.024030485971447246,0.06474371390017147
CRP_S,ABR_kapilára: BB_B,34,0.318,0.06728061724901868,0.15238280263209114
p-ANCA,ANA  HEp-2,230,0.318,8.099293711928442e-07,5.0150889816648525e-06
Cholest-LDL_S,Foláty,64,0.318,0.010322358863343125,0.03168016708155501
AST_S,Krvný obr._DIFF_5pop: Stredná konc._HGB,38,0.317,0.052781004759122375,0.1255401434798594
Quickov test: PT_INR,Diff.rozpočet_ WBC: Neutrofil.nesegmenty,33,0.317,0.0719753427898302,0.16055454801397165
Amyláza_S,ABR_artéria: BB_B,32,-0.317,0.07720441493356527,0.16995136800864175
FE_ Nátria,GF(S+U)-deti,48,-0.317,0.02834325021446729,0.07462273875363062
Krvný obraz_RET: Stredná konc._HGB,Krvný obraz_RET: Hematokrit_HCT,34,-0.317,0.06764779948128485,0.15305073721673884
NKbb._ CD16+CD56+,Cyt.TLy_CD8+_a.p,353,-0.317,1.0702385491724056e-09,8.373430422281149e-09
GF(S)- MDRD,Krvný obr._DIFF_5pop: Bazofily_%,41,-0.317,0.04365227723774254,0.10740624217326815
Krvný obr._DIFF_RET: Leukocyty_WBC,Krvný obr._DIFF_RET: Eozinofily_%,298,-0.317,2.2937370937221347e-08,1.6428536365746024e-07
Urea_S,Prealbumín_S,163,0.316,3.9039456713025976e-05,0.00019590653119893684
Krvný obr._DIFF_5pop: Eozinofily_%,Factor V,45,0.316,0.03446002773897479,0.08799218497817798
Kreatinín_S,IgA_S,1305,0.316,9.74441514679498e-32,1.8931580864705965e-30
Kálium-S,FE_ Nátria,50,0.316,0.025484924057307918,0.06834348777377679
ELFO_S: alfa1_globulín,C3_S,1052,0.316,9.08254006502176e-26,1.5144718381386677e-24
Addisov sediment: Leukocyty,FE_ Kália,36,-0.316,0.060438188098643084,0.14008165231327235
IgA_S,T3f_S,103,-0.316,0.001146588670914214,0.004513183287681537
CRP_S,IgA_S,1154,0.316,3.3861712849644734e-28,6.0427938689267696e-27
ALP_S,alfa1 AT_S,322,0.315,7.730184066557297e-09,5.7113294074745295e-08
Quickov test: PT_%,D_dimer INOV,286,-0.315,5.3334308178340966e-08,3.674976788036878e-07
Krvný obr._DIFF_5pop: Trombocyty_PLT,Krvný obr._DIFF_5pop: Neutrofily_#,5473,0.315,4.878127460995124e-126,2.9798792076636556e-124
p-ANCA,DGP IgG,74,0.315,0.006270699640521282,0.020492672230571867
ALT_S,T3f_S,227,-0.315,1.2686045508037275e-06,7.712387283498641e-06
Proteinúria kvant._U,Fosfor_U (zbieraný),52,0.315,0.023004250063934827,0.06275290642384292
alfa1 AT_S,Haptoglobín_S,75,0.314,0.006164036543941345,0.0202273368613943
AST_S,NVK_S,131,-0.314,0.00026228814342637907,0.0011677060793187008
ALT_S,Triacylglyceroly_S,858,0.314,3.8764218975406705e-21,5.559121515818482e-20
Kalcium-S,Proteinúria kvant._U,76,-0.314,0.00570085841680582,0.01887313888586106
Albumín_S,ABR_kapilára: PCO2_B,30,-0.314,0.09115760446698616,0.19466361720294556
"ELFO_S: beta1,2_globulín",Cholest-celk._S,284,0.313,7.262521437768103e-08,4.971853307558272e-07
ALT_S,Močový sediment A: Epitélie,142,-0.313,0.0001458955226752425,0.0006785980880842479
Chloridy-S,ABR_artéria: BE_B,167,0.313,3.796985777955304e-05,0.00019114303207091952
Albumín_S,HBDH_S,88,-0.313,0.0029711072519787362,0.010586340085149137
AST_S,Haptoglobín_S,70,-0.313,0.008232878058857872,0.026034581537045326
Amoniak_B,Cholinesteráza_S,108,-0.313,0.0009837688359511762,0.003935694845590568
Krvný obr._DIFF_RET: Bazofily_%,Krvný obr._DIFF_RET: Monocyty_%,298,0.313,3.261709248323505e-08,2.2922166874556668e-07
Kalcium-S,Fosfor_S,919,0.313,2.640846893561249e-22,3.9199299800922e-21
Kreatinín_S,GMT_S,6836,0.313,1.8241789534120042e-155,1.3021358304524117e-153
Chloridy_U (zbieraný,Kalcium_U (zbieraný),55,0.312,0.02021070966121562,0.0561385916111499
Albumín_S,Močový sediment A: Leukocyty,106,-0.312,0.0011318793787717244,0.004458046927053171
Amoniak_B,Laktát_P,47,0.312,0.032853929661320086,0.08481146490791
IgA_S,Feritin_S,397,0.311,2.487639566977128e-10,2.0444985988364415e-09
ANA  HEp-2,LKM1,32,0.311,0.08360827242985043,0.18202993651365312
Bili-celkový_S,C4_S,250,-0.311,5.123721477097842e-07,3.232472943793703e-06
Moč chemicky _ úplne: Ketolátky,Fosfor_S,112,-0.311,0.0008302728114677456,0.0033782169617650225
Krvný obr._DIFF_RET: Trombocyty_PLT,Krvný obr._DIFF_RET: Monocyty_#,298,0.311,4.170937924428975e-08,2.89912129473712e-07
ALT_S,Krvný obr._DIFF_5pop: Stredný objem_RBC,38,0.31,0.058231242175713856,0.13630916784904576
c-ANCA,DGP IgA,74,0.31,0.00714062486795335,0.022980947206741455
Reumat. faktor_S,Prokalcitonín_S,55,0.31,0.021292040653022013,0.058735707454906146
Kálium-S,Amyláza_U (jednoráz),76,-0.31,0.006357026033416858,0.02075343596623705
Prokalcitonín_S,Foláty,49,-0.31,0.030197871369020482,0.07888156585686888
GMT_S,ELFO_S: Albumín,1155,-0.31,4.235326550001621e-27,7.331615687237138e-26
Transferín_S,Haptoglobín_S,113,0.309,0.0008653104422364418,0.0035015928683721884
Horčík-S,Prealbumín_S,139,0.309,0.00021018527533290567,0.0009510734004201921
CRP_S,Železo_S,761,-0.309,2.561272923080701e-18,3.2805981613571964e-17
Fosfor_S,NVK_S,36,0.309,0.06705698191909684,0.15203890297359823
Reumat. faktor_S,Močový sediment A: Hlienové vlákna,43,0.309,0.04352599217207148,0.10713701211513758
GMT_S,Saturácia Trf,356,0.309,2.5013874818782485e-09,1.910013782737081e-08
Cholest-HDL_S,Amoniak_B,31,-0.309,0.09032749776538752,0.19328076567986086
"ELFO_S: beta1,2_globulín",Prealbumín_S,163,0.309,5.98123476184986e-05,0.00029456422048086944
Krvný obr._DIFF_5pop: Leukocyty_WBC,Krvný obr._DIFF_5pop: Monocyty_%,5475,-0.309,2.726402940311646e-121,1.5604358450270168e-119
Krvný obr._DIFF_5pop: Monocyty_#,Diff.rozpočet_ WBC: Lymfocyty,208,-0.308,5.818887106865151e-06,3.2859902035479384e-05
Krvný obr._DIFF_5pop: Lymfocyty_#,Krvný obr._DIFF_5pop: Eozinofily_#,5475,0.308,3.01991377638379e-120,1.7129921626219836e-118
Albumín_S,Haptoglobín_S,112,0.308,0.0009502271383594345,0.0038183383997454066
C4_S,Vitamín B12,128,-0.308,0.00041333879672169726,0.0017887884029788438
GMT_S,Interleukín -6,254,0.307,6.02405735336769e-07,3.7779700262532014e-06
CRP_S,C4_S,949,0.307,3.657847393242334e-22,5.391717978948619e-21
AST_S,Amoniak_P,98,0.307,0.0021064511739589454,0.007835061070351979
IgG_S,Cholinesteráza_S,62,-0.307,0.01504914981909612,0.04401807035023833
Chloridy-S,ABR_artéria: HCO3_B -  stand.,167,0.307,5.5353734567966746e-05,0.00027345433570007214
Urea_S,Krvný obr._DIFF_5pop: Lymfocyty_#,48,-0.307,0.03387895958670862,0.08682252128050014
Bielkoviny_S,GF-(S+U)-dospelí,35,0.307,0.07329657844294928,0.16287273971600447
SLA a LP,LC1,125,0.307,0.00048776902573195036,0.0020895459342380853
ASCA IgG,DGP IgG,69,0.307,0.010374345240027996,0.03182434346204628
ALT_S,Krvný obraz: Hematokrit_HCT,30,0.306,0.09985982238276801,0.20886952510549425
ALT_S,Žlčové kyseliny,319,0.306,2.2999821465814225e-08,1.645471461399975e-07
Cholest-celk._S,NT-proBNP,49,-0.306,0.03255373716075019,0.0841733382915124
Krvný obraz: Trombocyty_PLT,APTT: APTT_ratio,1487,-0.306,1.2441724592772943e-33,2.509278613901159e-32
GF(S)- MDRD,Krvný obraz: Stred. far.konc._HGB,49,-0.306,0.03265991483577819,0.0843448938828044
Imunoblot ANA: AMA-M2,Imunoblot ANA: Histones,419,0.306,1.4804492718050758e-10,1.23591251297998e-09
CRP_S,Krvný obr._DIFF_5pop: Stredná konc._HGB,55,0.306,0.023159536446972644,0.06303878965193539
Chloridy-S,ABR_kapilára: pH_B,50,-0.306,0.030603612224748087,0.07978036457276347
Kreatinín_S,Krvný obr._DIFF_5pop: Neutrofily_#,48,-0.306,0.034481425518176935,0.08801144890195985
Nátrium-S,Bili-priamy_S,3830,-0.306,5.641465455885785e-84,2.471740002844303e-82
Imunoblot ANA: SS-A/Ro52kD,ANA  HEp-2,217,0.306,4.409009014504196e-06,2.5371770171327133e-05
C4_S,AFP_S,48,-0.306,0.0342384386688693,0.08767303541448074
Kálium-S,Osmolalita_U (jednor,46,-0.305,0.03912621737094498,0.098016111576346
FE_Chloridov,GF(S+U)-deti,48,-0.305,0.0352444919722181,0.08971713236381146
CRP_S,Krvný obr._DIFF_5pop: Stredný objem_RBC,55,0.305,0.02377316146060887,0.0643286430902543
IgM_S,Močový sediment A: Zhluky leukocytov,39,0.305,0.05859421305717596,0.13690659637816802
Bili-celkový_S,CVK_S,124,-0.305,0.0005607485509325048,0.002367975806353284
Chloridy-S,CEA _S,53,-0.305,0.026521365817163044,0.07064580169242633
Bielkoviny_S,Prokalcitonín_S,423,-0.305,1.504328566499071e-10,1.2541993940903672e-09
Kalcium-S,ABR_artéria: HCO3_B - akt.,124,0.305,0.0005724863296490628,0.002413407864804576
ALT_S,HbA1c %,59,0.304,0.01930004920575838,0.05408611054441243
Krvný obr._DIFF_RET: Leukocyty_WBC,Krvný obr._DIFF_RET: Bazofily_%,299,-0.304,7.882569335732146e-08,5.384727203215735e-07
AST_S,CK-celková_S,2081,0.304,8.20247441782426e-46,2.1269518357729599e-44
Chloridy-S,Vitamín B12,234,-0.304,2.172783612142824e-06,1.2912716826888084e-05
Krvný obr._DIFF_RET: Bazofily_#,Krvný obr._DIFF_RET: Lymfocyty_%,298,0.304,8.603875545815215e-08,5.858566060296255e-07
Kálium-S,Interleukín -6,290,-0.304,1.3097277672900412e-07,8.786378569792642e-07
Cholest-celk._S,Močový sediment A: Leukocyty,56,0.304,0.02268164480533467,0.062030344144765895
ALT_S,CK-MB_S,731,0.303,5.2604725483862024e-17,6.341514629961583e-16
AST_S,Močový sediment A: Epitélie,140,-0.303,0.0002688417944953342,0.001195207781965611
Lymfocyty,Leukocyty,359,-0.302,5.231303179526393e-09,3.919159091925846e-08
GF(S)- MDRD,Krvný obraz: Leukocyty_WBC,49,0.302,0.03484524572078202,0.08883300403857472
Prokalcitonín_S,NT-proBNP,61,0.302,0.018101573503426237,0.0513848509683945
Krvný obraz: Leukocyty_WBC,Krvný obraz: Trombocyty_PLT,3776,0.302,1.3727065178153514e-80,5.89243547816279e-79
Osmolalita_S,GF(S)-Schwarz,41,-0.302,0.05489524441714061,0.12979139850468713
CRP_S,ABR_artéria: HCO3_B - akt.,101,0.302,0.002122139742515513,0.00788418349953278
Albumín_S,Cholest-HDL_S,673,0.302,1.2058806833508741e-15,1.332340866317931e-14
GMT_S,Krvný obr._DIFF_5pop: Bazofily_%,30,0.302,0.1044122857334595,0.21571748008607095
APTT: APTT_ratio,Krvný obr._DIFF_RET: Šírka dist.kriv._RBC,104,0.302,0.0018242054432863655,0.0069024283390102924
CRP_S,Laktát_P,54,0.301,0.026804377003324387,0.07136974312746011
Nátrium-S,Bili-celkový_S,3858,-0.301,1.5557762750140562e-81,6.7237052212002034e-80
Lymfocyty,CCP,59,0.301,0.020346235108094784,0.05644525399202016
Quickov test: PT_%,Krvný obr._DIFF_RET: Erytrocyty_RBC,106,0.301,0.0016910546040567458,0.006444673005142476
Fibrinogén,Trombínový čas,254,-0.301,1.0231096295936857e-06,6.286088468867201e-06
Fibrinogén,Krvný obr._DIFF_RET: Stredná konc._HGB,105,-0.301,0.0018059420328962812,0.006841472710190862
Kys. močová_S,alfa1 AT_S,154,-0.301,0.0001498745759467917,0.0006955099934185301
Krvný obr._DIFF_5pop: Erytrocyty_RBC,Trombínový čas,131,-0.301,0.0004704360380911043,0.002022111062241398
ALT_S,LD_S,1566,0.301,3.669539149025052e-34,7.439363604505307e-33
Kálium-S,Addisov sediment: Valce,46,-0.3,0.04247639379891338,0.10491933507173279
ALT_S,ABR_kapilára: PO2_B,31,-0.3,0.10082565393342283,0.21029066954663006
Cholest-HDL_S,Ceruloplazmín,102,-0.3,0.0021553142593663316,0.00799343459812327
Železo_S,Triacylglyceroly_S,218,0.3,6.7579313341707335e-06,3.7926800146631335e-05
Addisov sediment: Erytrocyty,FE_Horčíka,36,-0.3,0.07580157317145539,0.16738526046515678
Amoniak_B,Cholest-LDL_S,37,-0.3,0.07116618691564743,0.15897285002640932
Meď_S,CVK_S,103,0.299,0.002189012817247758,0.008099474914371
Quickov test: PT_INR,D_dimer INOV,286,0.299,2.56195633100634e-07,1.6659271822807856e-06
Kálium-S,CVK_S,125,0.299,0.0006948083940788536,0.002883159848192657
Amoniak_B,NVK_S,75,-0.299,0.009111356290085462,0.028430474710664507
Meď_S,NVK_S,101,0.299,0.0024268982487578956,0.008886504077440294
Bili-celkový_S,Proteinúria kvant._U,30,-0.299,0.10877208180759418,0.22291062649922963
Urea_S,ABR_kapilára: HCO3_B -  stand.,35,-0.299,0.08121822919830864,0.1775565760828819
C4_S,Prokalcitonín_S,49,-0.299,0.037078696763651976,0.09343949247896907
Bili-celkový_S,ABR_artéria: pH_B,93,-0.298,0.0036851466179674583,0.0128143056726586
"ELFO_S: beta1,2_globulín",anti TPO_S,83,-0.298,0.00626193894376345,0.020474574426005764
Kálium-S,Amoniak_B,602,-0.298,7.808834681701185e-14,7.93752427725562e-13
Imunoblot ANA: Nucleosomes,LC1,112,0.298,0.001406446634888233,0.005408489124070813
Horčík_U (zbieraný),FE_Fosforu,50,-0.298,0.035318967658749034,0.08986039308611639
Krvný obr._DIFF_5pop: Trombocyty_PLT,APTT: APTT_ratio,1492,-0.297,7.177815372452462e-32,1.3987932840855978e-30
ELFO_S: gama_globulín,Močový sediment A: Kryštály,37,0.297,0.0742871293180927,0.16461323074916043
LD_S,Feritin_S,343,0.297,2.014937009372765e-08,1.448065024948549e-07
Urea_S,ABR_kapilára: BE_B,35,-0.297,0.0834015450313025,0.1816421033883664
APTT: APTT_sekundy,Diff.rozpočet_ WBC: Neutrofilné segmenty,48,-0.297,0.04005694595088855,0.09999283993162866
Urea_S,ABR_kapilára: HCO3_B - akt.,35,-0.297,0.0834015450313025,0.1816421033883664
AST_S,Quickov test: PT_INR,39,0.296,0.06776623311346065,0.1532641078568229
IgG_S,Vitamín B12,132,0.296,0.000560963889274625,0.002367975806353284
IgG_S,IgM_S,1621,0.296,3.676940298779579e-34,7.439363604505307e-33
Kreatinín_S,FE_Chloridov,50,0.296,0.036665700597657704,0.09261916337849677
ANA  HEp-2,Imunoblot Liver Pro: gp210,42,0.296,0.05690601613162217,0.1338007105185081
Kálium-S,T3f_S,153,0.296,0.00020792584741492165,0.000941520248486812
Imunoblot Liver Pro: LC1,LC1,116,0.296,0.0012776093528936699,0.00496735141917594
CRP_S,Krvný obr._DIFF_5pop: Neutrofily_%,55,0.296,0.02843294583182115,0.07479689642631875
APTT: APTT_ratio,Diff.rozpočet_ WBC: Neutrofilné segmenty,48,-0.296,0.04117515711628594,0.10221806002572038
CYFRA  21-1_S,PSAc_S,33,0.296,0.09405056210492745,0.19896877157928874
"ELFO_S: beta1,2_globulín",IGG4,62,0.296,0.01953441715994549,0.05462242615190743
ALT_S,ABR_artéria: PO2_B,84,0.295,0.006508085974733513,0.021148782709709466
Kreatinín_S,Krvný obraz: Stredná konc._ HGB,50,0.295,0.037850665480744,0.09515840039539636
ELFO_S: gama_globulín,"ELFO_S: beta1,2_globulín",1600,0.295,1.410323726117871e-33,2.835375516464188e-32
Horčík-S,Addisov sediment: Valce,45,-0.295,0.049240661348737925,0.11876458676861505
Krvný obr._DIFF_5pop: Stredná konc._HGB,Fibrinogén,1499,-0.295,1.5383659201062197e-31,2.9705892676093658e-30
ALP_S,NT-proBNP,154,0.295,0.00020710938341264866,0.0009384920918834215
Kálium-S,Krvný obr._DIFF_5pop: Neutrofily_%,52,-0.294,0.034654359439167455,0.08838897565344168
LD_S,Haptoglobín_S,92,-0.294,0.004395301055583519,0.015044907115367507
c-ANCA,ANA  HEp-2,230,0.294,5.5547660444140846e-06,3.145225372563519e-05
Krvný obraz: Hematokrit_HCT,Trombínový čas,72,-0.294,0.012110159632928278,0.03635909458789856
CRP_S,anti TG_S,70,-0.293,0.013682776963213973,0.04065794295944732
Močový sediment: Leukocyty,CIK_S,42,-0.293,0.0600067993801118,0.13938690912681911
Moč chemicky _ úplne: Bielkoviny,Feritin_S,79,0.293,0.008693257727838527,0.027273217948127485
Osmolalita_S,Kálium_U (zbieraný),42,0.293,0.05987696212505859,0.13918709856586067
ELFO_S: alfa1_globulín,Haptoglobín_S,102,0.293,0.0028204705269710526,0.010146347258124064
Moč chemický A: UBG,Močový sediment A: Hlienové vlákna,476,0.293,7.285978033532361e-11,6.18821102233036e-10
CK-celková_S,Železo_S,158,0.293,0.00018499760404958122,0.0008455322147676184
LH_S,Estradiol _S,31,0.293,0.10967327523460642,0.2240367580596317
Kálium-S,Fosfor_S,840,0.293,4.062724762583985e-18,5.1559118322833174e-17
Krvný obr._DIFF_RET: Stredný objem_RBC,Krvný obr._DIFF_RET: Lymfocyty_#,298,-0.292,2.9029780169548506e-07,1.874249933101033e-06
Fosfor_U (zbieraný),FE_Horčíka,50,-0.292,0.039499110790421045,0.09883334023298342
AST_S,Etanol v sére,158,0.292,0.00019288909177277787,0.0008784404301307942
Kreatinín_S,Addisov sediment: Leukocyty,55,0.292,0.030665423748516506,0.0799087108590342
ELFO_S: Albumín,AFP_S,53,-0.292,0.03385204161886185,0.08678854737878504
Krvný obr._DIFF_5pop: Leukocyty_WBC,Krvný obr._DIFF_5pop: Bazofily_%,5476,-0.292,7.019317744107449e-108,3.716143802359552e-106
APTT: APTT_sekundy,Fibrinogén,3382,-0.292,2.3157565484509893e-67,8.504047024456148e-66
Chloridy_U (zbieraný,Addisov sediment: Leukocyty,37,0.292,0.07944354669499548,0.1740361559149332
Urea_S,ABR_kapilára: pH_B,35,-0.292,0.08901542835406162,0.19111693691563147
Kreatinín_S,Prokalcitonín_S,898,0.292,4.427906493530037e-19,5.985210628382197e-18
APTT: APTT_sekundy,Krvný obr._DIFF_RET: Šírka dist.kriv._RBC,104,0.291,0.0027093666154489587,0.009785449748690866
IgM_S,AFP_S,39,0.291,0.07275767406172924,0.16201524826994948
Kreatinín_S,Krvný obr._DIFF_5pop: Stredná konc._HGB,48,0.291,0.044995249805459527,0.11011356780203559
AMAM2,SLA a LP,148,0.291,0.0003405775782097551,0.001494260603844319
Bili-celkový_S,IgA_S,545,0.291,3.97364779673742e-12,3.685340796010632e-11
Krvný obraz: Stred. far.konc._HGB,Krvný obraz: Šírka dist.kriv._RBC,3759,-0.291,2.736410911948168e-74,1.1215753886197878e-72
GMT_S,Quickov test: PT_INR,32,0.291,0.10592068792591416,0.21833683659744735
Kreatinín_S,Krvný obr._DIFF_5pop: Bazofily_%,48,0.291,0.04474504191162138,0.10971256320514498
Krvný obr._DIFF_RET: Stredná konc._HGB,Krvný obr._DIFF_RET: Šírka dist.kriv._RBC,297,-0.291,3.3688656996002936e-07,2.1618589686424912e-06
Bili-priamy_S,IgG_S,518,0.291,1.4163816334541741e-11,1.2638023198503326e-10
Albumín_S,Troponín T hs,100,-0.291,0.003275058675031586,0.011564174502364112
Kreatinín_U (zbier.),Kalcium_U (zbieraný),52,0.291,0.036417818275376185,0.09217625478225694
AST_S,Quickov test: PT_%,39,-0.291,0.07188861220813642,0.16041740546480177
Imunoblot Liver Pro: SLA,Imunoblot Liver Pro: Sp100,188,0.29,5.436257610635947e-05,0.00026876688404957333
IgA_S,Beta2 mikroglob. _S,113,0.29,0.0018304367175704143,0.006921883611145739
Krvný obr._DIFF_5pop: Trombocyty_PLT,APTT: APTT_sekundy,1492,-0.29,2.4399077814208975e-30,4.613313730763977e-29
Urea_S,APTT: APTT_ratio,45,0.29,0.05359145596075715,0.12722964115048213
Kalcium-S,Močový sediment A: Leukocyty,84,-0.29,0.0074986903125681785,0.023939286208917405
alfa1 AT_S,IGG4,39,-0.29,0.07361619165076455,0.16352575718786963
Cholest-HDL_S,CK-MB_S,41,-0.29,0.06626262703141104,0.15093813894964303
Ak.TLyCD3+HLADR+_ap,Leukocyty,359,0.29,2.18445690535445e-08,1.5681191773691324e-07
Krvný obr._DIFF_5pop: Šírka dist.kriv._RBC,Quickov test: PT_%,1560,-0.289,2.0076786444745925e-31,3.8650855843476016e-30
CA 19-9_S,NSE_S,58,0.289,0.027705155047294344,0.07324629630273032
Krvný obr._DIFF_5pop: Lymfocyty_#,D_dimer INOV,208,-0.289,2.3087640265374333e-05,0.00012052241463099684
Krvný obr._DIFF_5pop: Lymfocyty_%,Krvný obr._DIFF_5pop: Monocyty_#,5475,-0.289,1.9368328869860857e-105,9.843759464818082e-104
Kálium_U (zbieraný),Kalcium_U (zbieraný),55,0.289,0.032268718849876664,0.08357598638558053
Urea_S,ABR_artéria: HCO3_B -  stand.,130,-0.289,0.0008601128610810706,0.003484883294928598
dsDNA IgG,SLA a LP,34,0.289,0.09725972543580855,0.2042614994028733
Kalcium-S,"ELFO_S: beta1,2_globulín",356,0.288,3.1286376655050535e-08,2.2060194327362493e-07
Foláty,Meď_S,142,0.288,0.0005076943595267915,0.0021690533060347724
Triacylglyceroly_S,Močový sediment A: Spermie,55,0.288,0.03319716172749671,0.08548520392049798
Reumat. faktor_S,Cholest-LDL_S,72,-0.288,0.014283549851948496,0.04210830264938691
ALT_S,IgA_S,1317,0.288,1.7575889972822096e-26,2.977590106595701e-25
Krvný obr._DIFF_5pop: Stredný objem_RBC,Fibrinogén,1499,-0.288,5.536464180322125e-30,1.0345046158113663e-28
ELFO_S: Albumín,Moč chemický A: Špec. hmotnosť,38,0.288,0.08005251144335565,0.17524934707086093
ALP_S,CA 19-9_S,45,0.287,0.056108125003012696,0.13231437199114315
Urea_S,Moč chemický A: pH,155,-0.287,0.0002952998440378991,0.0013073448844409567
GMT_S,Quickov test: PT_%,32,-0.287,0.11093771317075064,0.2261107769566182
GF(S)- MDRD,Krvný obraz: Trombocyty_PLT,49,0.287,0.045336318134481426,0.11077754965706174
ELFO_S: Albumín,Železo_S,373,0.287,1.7488370247007625e-08,1.2639774309356023e-07
Bielkoviny_S,Močový sediment: Valce,44,-0.287,0.05897119598189161,0.13763556505251925
Transferín_S,alfa1 AT_S,183,-0.287,7.9857470361673e-05,0.0003846357158511816
Albumín_S,CA 19-9_S,45,-0.286,0.057130113292910636,0.1342758452644696
Triacylglyceroly_S,Cholest-HDL_S,831,-0.286,3.8507671907649063e-17,4.686575471825565e-16
Krvný obr._DIFF_5pop: Šírka dist.kriv._RBC,Quickov test: PT_INR,1560,0.286,1.2018993739793944e-30,2.292993009877205e-29
AST_S,Kalcium ionizované_S,282,-0.286,1.0498581351203644e-06,6.444201673835435e-06
CRP_S,Meď_S,116,0.286,0.001891376847842791,0.00713110807973012
"ELFO_S: beta1,2_globulín",Močový sediment A: Kryštály,37,0.286,0.08653857343794638,0.18680922767627367
AST_S,GF(S)-Cockroft,37,0.286,0.08661476650386403,0.1869101941572854
Cholest-celk._S,Transferín_S,168,0.286,0.00016997634811461752,0.0007791195812208984
Pomoc.TLy_CD4+_a.p,NKbb._CD16+CD56+_ap,354,0.286,4.365285502211306e-08,3.030891671644637e-07
Urea_S,ABR_artéria: BE_B,130,-0.285,0.0010223258905812953,0.004066898173364414
Addisov sediment: Erytrocyty,FE_Chloridov,36,-0.285,0.09206753058897181,0.19601374726264675
Addisov sediment: Leukocyty,FE_Chloridov,36,-0.285,0.09239886008710853,0.19632440071351187
Chloridy-S,Močový sediment A: Kvasinky,126,-0.285,0.0012129147018974415,0.0047477800992941745
Krvný obraz: Hematokrit_HCT,APTT: APTT_ratio,1487,-0.285,3.497218003850779e-29,6.439949558975072e-28
p-ANCA,LC1,69,0.285,0.01742088980821566,0.04985356439260995
Chloridy-S,NVK_S,119,0.285,0.0017005021727661634,0.006476137259798624
Krvný obraz_RET: Leukocyty_WBC,Krvný obraz_RET: Retikulocyty_#,34,0.285,0.1021282244385787,0.2119636098850998
DGP IgG,anti transglutam.IgA,30,0.284,0.1284093112613984,0.25423240993079793
Fosfor_S,Addisov sediment: Valce,45,-0.284,0.05835378212812892,0.13644518875966252
GMT_S,Kys. močová_S,1305,0.284,1.1791837934349615e-25,1.9508736040865392e-24
Fosfor_U (zbieraný),FE_ Kália,50,-0.284,0.045401454922248355,0.11089405733219677
Urea_S,ABR_artéria: HCO3_B - akt.,130,-0.284,0.0010362527908149293,0.004119720888640329
Glukóza_ S,Krvný obr._DIFF_5pop: Neutrofily_%,34,0.284,0.10350577263932613,0.214192890416169
Bili-priamy_S,Kalcium-S,1559,-0.284,2.458567259882235e-30,4.6348005347275483e-29
ALP_S,Proteinúria kvant._U,31,0.283,0.12235255668504672,0.24458961378857827
GMT_S,Foláty,232,-0.283,1.2228762344742733e-05,6.657183134203135e-05
Addisov sediment: Erytrocyty,FE_ Kalcia,36,-0.283,0.09452447930215582,0.1997053598292637
ELFO_S: Albumín,Feritin_S,372,-0.283,2.87365523130472e-08,2.0338611833117654e-07
Kálium_U (zbieraný),GF(S+U)-deti,48,0.283,0.05123673655516318,0.1225092161591839
GMT_S,Krvný obr._DIFF_5pop: Erytrocyty_RBC,30,-0.283,0.1299330460746977,0.2561963506246289
Horčík-S,Močový sediment A: Spermie,61,0.283,0.02729374876539037,0.07236944319971829
GF(S)-Schwarz,FE_Chloridov,48,-0.283,0.05088557280088503,0.12194494304187951
Kálium-S,NVK_S,116,0.283,0.0020877256923263234,0.00777907408994084
Osmolalita_U (jednor,FE_H2O,42,-0.283,0.0696292710260946,0.1564749765931302
Quickov test: PT_INR,Fibrinogén,3412,-0.283,5.892570788565656e-64,2.0235406605274384e-62
B Ly _CD19+_ a.p.,NKbb._CD16+CD56+_ap,354,0.283,5.8824140970378265e-08,4.035742630505541e-07
Krvný obr._DIFF_5pop: Hemoglobín_HGB,Factor V,45,0.283,0.05935428199570788,0.13822498296141209
IgM_S,Amoniak_B,84,0.283,0.009070867676221244,0.02833196772223872
GF(S)- MDRD,Krvný obr._DIFF_5pop: Eozinofily_#,41,-0.282,0.07420763072128801,0.16449444451233172
Kálium-S,FE_Chloridov,50,0.282,0.04718757022509135,0.11459580796636291
Proteinúria kvant._U,Osmolalita_U (jednor,43,0.282,0.06723691084648502,0.15233812218534926
Tub. resorbcia,Osmolalita_U (jednor,43,0.282,0.06666905174770578,0.15164643242147327
Bili-priamy_S,ABR_artéria: pH_B,93,-0.282,0.006250993257958081,0.020459845526948836
Proteinúria kvant._U,FE_ Kália,50,-0.282,0.04698329619931981,0.11418702400699264
AST_S,Močový sediment: Valce,62,0.281,0.02703722550591083,0.07183918596363509
Kalcium-S,Amoniak_B,246,-0.28,8.530640931746036e-06,4.729071713733208e-05
Reumat. faktor_S,Kalcium ionizované_S,131,-0.28,0.0011786523551121201,0.004625063874013156
Osmolalita_U (jednor,GF(S)-Schwarz,41,-0.28,0.07652731603511956,0.1686946699413999
anti TPO_S,anti TG II,68,0.28,0.02094873663472463,0.0579648622998282
ALT_S,Lipáza_S,369,0.28,4.6448913315123914e-08,3.2215059638753515e-07
Amyláza_S,Močový sediment A: Erytrocyty,44,-0.28,0.0652156301317924,0.14887348121713154
Krvný obr._DIFF_RET: Retikulocyty_%,Krvný obr._DIFF_RET: Šírka dist.kriv._RBC,297,0.28,9.31754141521646e-07,5.747023360278657e-06
Nátrium-S,GF(S)-Schwarz,49,-0.28,0.051425755490320996,0.1228342149223954
anti- transglut. IgA,DGP IgG,80,0.28,0.012040278219240003,0.036217749775961997
Krvný obr._DIFF_5pop: Erytrocyty_RBC,Krvný obr._DIFF_5pop: Lymfocyty_#,5477,0.279,3.689411330044668e-98,1.775668953013165e-96
Krvný obr._DIFF_5pop: Erytrocyty_RBC,Krvný obr._DIFF_5pop: Lymfocyty_%,5477,0.279,3.081429551824205e-98,1.505870918672244e-96
CA 19-9_S,CA 125_S,64,0.279,0.025529547636452623,0.06843426841113229
Addisov sediment: Leukocyty,FE_ Nátria,36,-0.279,0.0998812556698397,0.20886952510549425
Cholest-celk._S,T4f_S,162,-0.279,0.00032949956449609215,0.001447656108743896
AST_S,ABR_artéria: HCO3_B -  stand.,101,-0.279,0.004751395549621726,0.016116185759074652
Quickov test: PT_INR,Krvný obr._DIFF_RET: Erytrocyty_RBC,106,-0.279,0.0037808272781205796,0.013096835167884428
TSH_S,Meď_S,43,0.279,0.0695444203136951,0.1563949388505858
ELFO_S: gama_globulín,Vitamín B12,175,0.279,0.0001853471868529233,0.000845912843445849
Imunoblot ANA: Rib-PO,SLA a LP,135,0.278,0.0010966524479061913,0.004330039155716615
Krvný obraz: Hematokrit_HCT,APTT: APTT_sekundy,1487,-0.278,7.592733401776582e-28,1.3473920475275594e-26
Bili-priamy_S,CA 19-9_S,32,0.278,0.12385210891117918,0.24688812297230037
APTT: APTT_ratio,Fibrinogén,3381,-0.278,7.52454281389937e-61,2.5292815077620477e-59
Fosfor_S,FE_ Kalcia,50,-0.278,0.05088264734044324,0.12194494304187951
GF(S)- MDRD,Fosfor_S,513,-0.278,1.393174242160505e-10,1.1661180448545045e-09
IgA_S,Močový sediment A: Kryštály,38,0.278,0.09087294308051079,0.19412098432766814
Nátrium-S,alfa1 AT_S,237,-0.278,1.450407706041737e-05,7.802235526234678e-05
Kreatinín_S,Krvný obr._DIFF_5pop: Eozinofily_%,48,0.277,0.05648224668071836,0.13304846613370552
ALP_S,ABR_artéria: PCO2_B,30,0.277,0.13822270403830889,0.26948512043870976
ANA,Imunoblot ANA: SS-A/Ro60kD,341,0.277,1.928054625995929e-07,1.2653854379082787e-06
ASLO_S,Močový sediment A: Leukocyty,45,-0.277,0.06579933098700329,0.1500442030726604
Fibrinogén,D_dimer INOV,279,0.277,2.5369086005595407e-06,1.4964698550932926e-05
Chloridy-S,ABR_artéria: BB_B,167,0.277,0.00029448213416819456,0.001304633890077085
AST_S,ABR_artéria: BB_B,101,-0.277,0.005089750478037501,0.01713576300316494
Glukóza_ S,Prokalcitonín_S,727,0.277,2.568566067620417e-14,2.6576710468391706e-13
IgG_S,anti TG_S,46,-0.277,0.06280952524492373,0.14462809491881132
Fosfor_S,FE_Chloridov,50,-0.277,0.05131418815368953,0.12264824580150097
Krvný obr._DIFF_5pop: Lymfocyty_%,Antitrombín III,81,0.277,0.012369850879384237,0.037016327195821035
Kreatinín_S,Krvný obr._DIFF_5pop: Leukocyty_WBC,48,-0.276,0.05738529820660888,0.13472608998765195
Quickov test: PT_%,Fibrinogén,3414,0.276,1.4946926876926554e-60,4.9977803394270735e-59
CRP_S,Tub. resorbcia,36,-0.276,0.10347278847062989,0.214192890416169
Krvný obr._DIFF_RET: Retikulocyty_%,Krvný obr._DIFF_RET: Hematokrit_HCT,299,-0.276,1.311569673824046e-06,7.958359252917063e-06
c-ANCA,dsDNA IgG,224,0.276,2.7867579794892448e-05,0.00014382025543212975
Krvný obr._DIFF_5pop: Hemoglobín_HGB,Krvný obr._DIFF_5pop: Stredná konc._HGB,5478,0.276,2.5143293658872937e-96,1.2010176286828553e-94
Amoniak_B,Haptoglobín_S,67,-0.276,0.023741076278701086,0.06429115839667007
Imunoblot ANA: U1-sn RNP,Imunoblot ANA: Rib-PO,419,0.276,9.422562843879376e-09,6.912418215608046e-08
AST_S,ABR_artéria: BE_B,101,-0.276,0.0051418696183195035,0.017274615380848127
CK-celková_S,Kalcium ionizované_S,64,-0.276,0.02753380719984105,0.07285392633927121
Fosfor_U (zbieraný),FE_ Nátria,50,-0.275,0.05324371402901549,0.12654594658673227
Krvný obr._DIFF_5pop: Erytrocyty_RBC,Krvný obr._DIFF_5pop: Stredná konc._HGB,5478,-0.275,1.5972020747032977e-95,7.516314652288927e-94
Krvný obr._DIFF_RET: Retikulocyty_#,Krvný obr._DIFF_RET: Neutrofily_#,298,0.275,1.3905292914129444e-06,8.40535926579109e-06
Krvný obr._DIFF_5pop: Bazofilily_#,Krvný obr._DIFF_5pop: Neutrofily_%,5473,-0.275,1.0115978447890488e-95,4.796030677570766e-94
Bili-priamy_S,Kalcium ionizované_S,254,-0.275,8.388843103673024e-06,4.654525784946264e-05
Krvný obr._DIFF_RET: Stredná konc._HGB,Krvný obr._DIFF_RET: Leukocyty_WBC,299,-0.275,1.3602528869241948e-06,8.238023441972745e-06
ALT_S,Prokalcitonín_S,749,0.274,2.0648591163067357e-14,2.1469803544839103e-13
ELFO_S: gama_globulín,Močový sediment A: Spermie,39,-0.274,0.0915608117444835,0.1951020484131518
c-ANCA,SLA a LP,73,0.274,0.01891934834941452,0.053348699540093414
GF(S)- MDRD,Krvný obr._DIFF_5pop: Neutrofily_#,41,0.274,0.08287971304461407,0.18075345587793792
IgG_S,Močový sediment A: Spermie,39,-0.274,0.09157788578120866,0.1951020484131518
ELFO_S: gama_globulín,Močový sediment A: Hyalínové valce,39,-0.274,0.0915608117444835,0.1951020484131518
IgG_S,Močový sediment A: Hyalínové valce,39,-0.274,0.09157788578120866,0.1951020484131518
CRP_S,Krvný obraz: Leukocyty_WBC,47,0.274,0.06264597583128778,0.14435614234899213
Cholest-celk._S,T3f_S,104,0.274,0.004840788669731843,0.016332198841639087
ELFO_S: Albumín,Močový sediment A: Hyalínové valce,39,-0.274,0.09157788578120866,0.1951020484131518
ELFO_S: Albumín,Močový sediment A: Spermie,39,-0.274,0.09157788578120866,0.1951020484131518
Fosfor_S,GF-rozdiel,32,-0.274,0.12881738089624659,0.25470800523929493
c-ANCA,DNP / Nucleo-h /,105,0.273,0.004780511328047447,0.016197647182445565
Urea_S,Laktát_P_artéria,80,-0.273,0.014309669552132425,0.04214618945975767
Nátrium_U (zbieraný),Addisov sediment: Leukocyty,37,0.273,0.10145765475045081,0.21112364252525842
C4_S,Saturácia Trf,102,-0.273,0.0055047337620239695,0.018328916975963457
ALT_S,Cholinesteráza_S,122,0.273,0.0023245860267887965,0.008536471114560245
CRP_S,Cholest-celk._S,678,-0.273,4.921418724978952e-13,4.751637258326943e-12
Imunoblot ANA: dsDNA,AMAM2,144,0.272,0.0009755015045812127,0.003905079432012882
Kys. močová_S,NT-proBNP,61,0.272,0.03383098236383541,0.08678854737878504
Krvný obraz_RET: Stredný objem_RBC,Krvný obraz_RET: Hematokrit_HCT,34,-0.272,0.11937893542527271,0.2397011304540953
Albumín_S,Močový sediment A: Erytrocyty,106,-0.272,0.004721971693628327,0.016033504099209384
C3_S,Vitamín B12,127,-0.272,0.001986862444884701,0.0074381479742796144
ALT_S,ABR_kapilára: pH_B,31,-0.272,0.13918520530835596,0.2708249951987704
Leukocyty,B Ly_ CD19+,354,0.272,2.0531067018316283e-07,1.3405330808567663e-06
Krvný obraz_RET: Stredná konc._HGB,Krvný obraz_RET: Stredný objem_PLT,30,0.272,0.1465689953424321,0.2819201986668944
Urea_S,ABR_kapilára: BB_B,34,-0.271,0.12058063940685736,0.24157956548463097
Transferín_S,Solub.transf.recep_S,30,0.271,0.1479384847593333,0.2835152922099682
Amyláza_S,Močový sediment A: Baktérie,44,-0.271,0.07527300319180853,0.16641934981060608
ABR_kapilára: O2_B sat,ABR_kapilára: pH_B,102,0.271,0.005932522011761152,0.01956869799621942
AST_S,CEA _S,57,0.271,0.041092784697528036,0.10209716901970889
C3_S,Močový sediment A: Hlienové vlákna,36,0.271,0.10996017714084762,0.2245506285360993
Fosfor_U (zbieraný),FE_Chloridov,50,-0.271,0.05659828639723367,0.13322301351671934
Horčík-S,FE_Horčíka,50,-0.271,0.0574208148588132,0.1347596737340378
Krvný obraz: Stredná konc._ HGB,Quickov test: PT_INR,1493,0.27,2.3906357771325574e-26,4.0285700509610443e-25
Amoniak_B,Vitamín B12,115,0.27,0.003457862783884686,0.012136907329292491
Krvný obraz: Trombocyty_PLT,APTT: APTT_sekundy,1487,-0.27,2.5420380839060962e-26,4.272372472765986e-25
Železo_S,Cholinesteráza_S,102,0.27,0.006100561822196148,0.020060491333546652
Triacylglyceroly_S,Vitamin D total,42,-0.27,0.08389107284055126,0.1825205430671309
p-ANCA,Imunoblot Liver Pro: LC1,90,0.269,0.010234626480938007,0.031456498322883
C4_S,Močový sediment A: Spermie,36,0.269,0.11283847096282071,0.22881034344934567
T Ly_CD3+,T Ly_CD3+_ a.p.,359,0.269,2.305472440499416e-07,1.5022221963582348e-06
C4_S,Močový sediment A: Hyalínové valce,36,0.269,0.11283847096282071,0.22881034344934567
Krvný obr._DIFF_5pop: Monocyty_%,Diff.rozpočet_ WBC: Neutrofil.nesegmenty,128,0.269,0.0021518228104867127,0.007989789780842832
GMT_S,"ELFO_S: beta1,2_globulín",1153,0.269,1.4057123158933026e-20,1.9934130229620873e-19
Imunoblot ANA: SS-A/Ro60kD,Imunoblot Liver Pro: Sp100,164,0.269,0.0004979550685303138,0.0021303087881300226
Kreatinín_S,GF-rozdiel,74,-0.269,0.02057838412015225,0.057039473959566864
Kálium_U (zbieraný),Osmolalita_U (jednor,43,0.269,0.08155040439925845,0.1781601510139233
ELFO_S: gama_globulín,anti TG_S,46,-0.269,0.07029159370014924,0.15757026138368743
GMT_S,Moč chemický A: UBG,128,0.269,0.0021136905715779205,0.00785738806391722
IgM_S,Močový sediment A: Leukocyty,39,0.268,0.0988455904611682,0.20711280877302163
AST_S,Krvný obraz: Stred. far.konc._HGB,30,0.268,0.1522465514868359,0.28967425624314724
T Ly_CD3+,Pomoc.TLy_CD4+_a.p,355,0.268,2.8264612669845483e-07,1.8267048249392508e-06
NVK_S,Haptoglobín_S,55,0.268,0.04749272317500269,0.11508442011249968
Addisov sediment: Erytrocyty,Horčík_U (zbieraný),37,0.268,0.10880621010138691,0.22291062649922963
CK-celková_S,Cholest-celk._S,352,0.268,3.258978072605271e-07,2.0934567942630216e-06
Albumín_S,Močový sediment: Valce,46,-0.267,0.07311649963132294,0.1625863220713317
Cholest-LDL_S,T3f_S,93,0.267,0.009679782613141251,0.029954047219330912
Transferín_S,Vitamin D total,44,-0.267,0.07919459672690947,0.17361051518497442
Albumín_S,Močový sediment A: Baktérie,104,-0.267,0.006114990522035731,0.020097534809360062
Kreatinín_S,Moč chemický A: pH,157,-0.267,0.0007364901723786721,0.003034320405396695
Močový sediment A: Zhluky leukocytov,Močový sediment A: Erytrocyty,474,0.267,3.5057812674350183e-09,2.6577838176628484e-08
Kalcium-S,Reumat. faktor_S,325,-0.267,1.0685068124022949e-06,6.546021002113577e-06
Bili-celkový_S,CIK_S,35,0.267,0.12073874770803628,0.24182007067753925
Krvný obraz: Stredná konc._ HGB,Quickov test: PT_%,1495,-0.266,1.2164819759633599e-25,2.007353245011747e-24
Bili-priamy_S,Proteinúria kvant._U,30,-0.266,0.15478644894690896,0.29362744406082786
Triacylglyceroly_S,Meď_S,60,0.266,0.040261824262029955,0.10040039886913486
Krvný obr._DIFF_5pop: Erytrocyty_RBC,Krvný obr._DIFF_5pop: Šírka dist.kriv._RBC,5474,-0.266,1.9977959089322368e-89,9.130933388091007e-88
Krvný obr._DIFF_RET: Bazofily_#,Krvný obr._DIFF_RET: Retikulocyty_#,299,0.266,3.1906431116532977e-06,1.8716671919052077e-05
Imunoblot Liver Pro: LKM1,Imunoblot Liver Pro: AMA-M2,188,0.266,0.00022586383034135733,0.0010176687334458462
Bili-priamy_S,Cholest-celk._S,830,-0.266,6.908284947356401e-15,7.339186332868765e-14
"ELFO_S: beta1,2_globulín",AFP_S,51,-0.266,0.05932410531539896,0.1382053689287604
Nátrium-S,Krvný obraz: Stred. far.konc._HGB,50,-0.265,0.06255524266363317,0.14425170840002233
Železo_S,Cholest-LDL_S,202,0.265,0.00014232127481819657,0.000663852466167403
Krvný obr._DIFF_5pop: Šírka dist.kriv._RBC,D_dimer INOV,208,0.265,0.00010785804308721072,0.0005110082170264786
ELFO_S: alfa2_globulín,Močový sediment A: Leukocyty,39,0.265,0.10253370735519118,0.2127356769521651
Imunoblot ANA: Mi-2,Imunoblot ANA: Histones,419,0.265,3.484119516560031e-08,2.443113828775483e-07
ALT_S,Krvný obraz: Stredný objem_PLT,30,0.264,0.15911450056391657,0.29998758547865684
Bili-celkový_S,IgG_S,525,0.264,7.621894172747283e-10,6.067906476123244e-09
Glukóza_ S,Feritin_S,763,0.264,1.1803224564273566e-13,1.182742675975236e-12
GF(S)- MDRD,Močový sediment A: Spermie,128,-0.264,0.00257511359049913,0.009357991653936075
AST_S,CA 19-9_S,49,0.264,0.06702355985634699,0.1520173779962058
Kreatinín_U (zbier.),GF(S)-Schwarz,49,-0.264,0.0664924392092482,0.15129887761330726
Krvný obraz: Stredný objem_RBC,APTT: APTT_ratio,1487,0.264,4.576823524639877e-25,7.436460320214102e-24
Krvný obraz_RET: Trombocyty_PLT,Krvný obraz_RET: Stredný objem_PLT,30,-0.264,0.15826741707688496,0.29889206322516354
Kálium-S,Etanol v sére,145,-0.263,0.0013651415270983923,0.005272184876386679
B Ly _CD19+_ a.p.,NKbb._ CD16+CD56+,354,-0.263,5.1982643797131e-07,3.276247381380687e-06
IgG_S,CVK_S,97,-0.263,0.009241447595691767,0.028765760203542278
FE_ Nátria,GF(S)-Shull,48,-0.263,0.07054355535256435,0.15791515403623724
Fosfor_S,Addisov sediment: Leukocyty,45,-0.263,0.08073434722178681,0.17662028508953567
Amyláza_S,Etanol v sére,74,0.263,0.023832967404105922,0.06434799911529321
ALP_S,HBDH_S,59,0.263,0.04437981005842529,0.10890109436121123
APTT: APTT_ratio,Diff.rozpočet_ WBC: Neutrofil.nesegmenty,32,-0.263,0.14630396095745382,0.28181476271535455
ALT_S,ABR_artéria: PCO2_B,84,-0.263,0.01584280143538216,0.04606376087825303
Elementy_CSF: Ly_CSF,CB_CSF,72,0.262,0.02599569973610674,0.06942021035035145
C4_S,Cholest-celk._S,206,0.262,0.0001382265401565362,0.0006466518480224407
c-ANCA,ASCA IgG,110,0.262,0.005717943525039039,0.018919841257590112
Horčík_U (zbieraný),Osmolalita_U (jednor,43,0.262,0.09003096978515497,0.19277612101283773
GF(S)- MDRD,Prokalcitonín_S,830,-0.262,1.875323169102819e-14,1.956310031742235e-13
Meď_S,AFP_S,40,-0.262,0.10204032914317483,0.2119636098850998
Krvný obr._DIFF_5pop: Trombocyty_PLT,Krvný obr._DIFF_5pop: Monocyty_#,5475,0.262,1.9885107012308655e-86,8.896484848534992e-85
Albumín_S,anti TG II,36,-0.262,0.1227008514090288,0.24497753268433686
Krvný obr._DIFF_5pop: Stredný objem_PLT,Fibrinogén,1471,-0.262,1.4951314111545102e-24,2.3986287512789403e-23
Imunoblot ANA: Mi-2,LC1,112,0.262,0.005249120132392477,0.017610996241098163
Albumín_S,Kreatinín_U (zbier.),43,0.262,0.08928711178468017,0.19157076027290545
Bielkoviny_S,Močový sediment A: Leukocyty,99,-0.261,0.008969317255072783,0.028069986463781966
Moč chemicky _ úplne: Ketolátky,Beta2 mikroglob. _S,35,-0.261,0.13053348691896907,0.2571408503554141
ASLO_S,Močový sediment A: Spermie,45,-0.261,0.0829667156017884,0.18081905462029557
Urea_S,HBDH_S,105,0.261,0.007256905402907078,0.02329616979518376
Fosfor_S,GF-(S+U)-dospelí,32,-0.261,0.14921065055950272,0.28569477486573863
Krvný obraz: Stredná konc._ HGB,APTT: APTT_ratio,1487,0.261,1.147383697695254e-24,1.854863679600409e-23
Krvný obr._DIFF_5pop: Eozinofily_%,Diff.rozpočet_ WBC: Neutrofilné segmenty,206,-0.261,0.0001519806923920354,0.000703741500558747
Prokalcitonín_S,Močový sediment A: Leukocyty,31,0.261,0.15676024310733594,0.29657469459824454
Chloridy-S,Krvný obraz: Stredný objem_PLT,48,-0.261,0.07307863183238687,0.16255901541707066
Krvný obraz: Šírka dist.kriv._RBC,Trombínový čas,71,0.261,0.028095354793174272,0.07413199767562069
Leukocyty,Cyt.TLy_CD8+_a.p,353,0.261,6.730447186199197e-07,4.200248622192878e-06
Krvný obraz: Hemoglobín_HGB,APTT: APTT_sekundy,1487,-0.261,1.4232646961739715e-24,2.2949240139069137e-23
Kálium-S,Foláty,230,0.261,6.016233055445379e-05,0.0002960583160437219
Addisov sediment: Erytrocyty,FE_Fosforu,36,-0.26,0.1261478674212072,0.25052122592276627
ABR_kapilára: PCO2_B,ABR_kapilára: O2_B sat,102,-0.26,0.00821113400566826,0.02597875216036377
ELFO_S: alfa2_globulín,Triacylglyceroly_S,267,0.26,1.737774126167808e-05,9.229225632149925e-05
CRP_S,anti TPO_S,125,-0.26,0.0033937034180738113,0.011931487446055851
LKM1,LC1,122,0.26,0.003826278172290044,0.01323983944910602
Kalcium-S,anti TG_S,77,-0.26,0.022625895380191923,0.06190452771333303
Fosfor_S,Transferín_S,72,0.26,0.027432269412787147,0.07264577222986109
Krvný obr._DIFF_5pop: Stredná konc._HGB,Factor V,45,-0.26,0.08511728056385827,0.1846093074047905
Bili-priamy_S,Transferín_S,536,-0.26,1.0556854842662897e-09,8.269753244813487e-09
ASLO_S,anti TG_S,45,-0.26,0.0846556704479137,0.18378396123894752
ALT_S,Krvný obraz: Erytrocyty_RBC,30,0.26,0.16533666930515212,0.3093003121600799
Bielkoviny_S,Cholest-LDL_S,500,0.259,4.134042925677395e-09,3.108115349920531e-08
Nátrium-S,Krvný obraz: Stredný objem_PLT,49,-0.259,0.07260434881702636,0.16173051473862848
Cholest-LDL_S,Kalcium ionizované_S,41,0.259,0.10194121815402543,0.2119636098850998
LD_S,Interleukín -6,59,0.259,0.047756766592328914,0.11558047168040593
Horčík-S,Kalcium ionizované_S,219,-0.259,0.00010786431906697747,0.0005110082170264786
Kreatinín_S,ABR_artéria: O2_B sat,130,0.259,0.0028887193488221752,0.010346598428519316
Krvný obr._DIFF_5pop: Eozinofily_%,Diff.rozpočet_ WBC: Lymfocyty,207,0.259,0.00016368344371395682,0.0007535368970396867
Krvný obraz: Šírka dist.kriv._RBC,Fibrinogén,1441,-0.259,1.383828693897327e-23,2.1600647892702012e-22
TSH_S,Vitamín B12,79,0.259,0.021170888483601547,0.058477675885356795
TSH_S,NT-proBNP,49,0.258,0.07370029357028973,0.1635981708777256
LD_S,Saturácia Trf,145,0.258,0.0017480300405931229,0.006649841226280305
Krvný obr._DIFF_5pop: Trombocyty_PLT,Quickov test: PT_INR,1562,-0.258,3.943054313143718e-25,6.423134372154369e-24
Cholest-LDL_S,anti TPO_S,31,-0.258,0.1617308979326598,0.30373589764820896
GF(S)- MDRD,Krvný obraz: Erytrocyty_RBC,49,0.258,0.07291286462314556,0.16224708544688046
ELFO_S: Albumín,Ceruloplazmín,263,-0.258,2.3406146538285106e-05,0.00012196794438147178
ELFO_S: alfa1_globulín,Močový sediment A: Kryštály,37,0.258,0.12256143253308172,0.24490902846232093
"ELFO_S: beta1,2_globulín",T4f_S,131,-0.258,0.002944221262716133,0.010502323235281073
Prokalcitonín_S,Cholest-celk._S,103,-0.258,0.008509506987959391,0.026749578374322618
Addisov sediment: Valce,Addisov sediment: Erytrocyty,64,0.258,0.039572341752393936,0.09893864114638279
ELFO_S: alfa2_globulín,Vitamín B12,179,-0.257,0.0005104389564587661,0.002179313636009772
ABR_artéria: BB_B,ABR_artéria: PO2_B,298,-0.257,7.238242789733167e-06,4.051502770323772e-05
Fibrinogén,Krvný obr._DIFF_RET: Stredný objem_RBC,105,-0.256,0.008280317029191056,0.02613890902407913
AST_S,Kalcium-S,1951,-0.256,1.3193858000276947e-30,2.509598199873037e-29
ANA,Imunoblot ANA: SS-A/Ro52kD,341,0.256,1.6354278925999035e-06,9.792529125058612e-06
Aktiv.TLy_CD3+HLADR+,Cyt.TLy_CD8+,354,0.256,1.064502647912592e-06,6.527785060027699e-06
Krvný obr._DIFF_RET: Trombocyty_PLT,Krvný obr._DIFF_RET: Erytrocyty_RBC,299,0.256,7.301349934973603e-06,4.079637303156315e-05
IgM_S,Vitamín B12,133,0.256,0.0029887603769439795,0.010637307941022467
Krvný obr._DIFF_RET: Leukocyty_WBC,Krvný obr._DIFF_RET: Retikulocyty_%,299,0.256,7.195874713747352e-06,4.031339687516484e-05
Urea_S,GF-rozdiel,38,-0.255,0.12165289133131883,0.2434974223780304
Chloridy-S,Feritin_S,646,-0.255,4.9558795339486424e-11,4.260446911931763e-10
Reumat. faktor_S,Ceruloplazmín,100,-0.255,0.01050188971678012,0.03220005085458692
AST_S,ABR_artéria: pH_B,101,-0.255,0.010188990614003666,0.031331392725443025
ALT_S,Reumat. faktor_S,1447,0.255,6.239803804422524e-23,9.43844608797531e-22
Osmolalita_U (jednor,GF(S)-Shull,41,-0.255,0.10739421135385341,0.2205869462434629
Ak.TLyCD3+HLADR+_ap,NKbb._CD16+CD56+_ap,354,0.255,1.1983688391984816e-06,7.2923728308696874e-06
Krvný obr._DIFF_5pop: Bazofilily_#,Trombínový čas,131,0.255,0.003275394198729472,0.011564174502364112
Krvný obr._DIFF_5pop: Bazofily_%,Diff.rozpočet_ WBC: Lymfocyty,209,0.255,0.00019473484798726662,0.0008862109521942012
ELFO_S: alfa1_globulín,Meď_S,172,0.255,0.0007180481302622494,0.002966033661609929
Amoniak_B,Saturácia Trf,89,0.255,0.015931807573945262,0.04625903725652388
Krvný obr._DIFF_5pop: Stredná konc._HGB,Trombínový čas,131,0.255,0.003238505441237362,0.011449207049627692
Krvný obr._DIFF_5pop: Trombocyty_PLT,Quickov test: PT_%,1562,0.254,1.669001071409964e-24,2.670822117548489e-23
CRP_S,Bielkoviny_S,3572,-0.254,1.4860955506251706e-53,4.474485797688014e-52
dsDNA IgG,Imunoblot Liver Pro: LC1,41,0.254,0.10948872806421954,0.22380369671556843
LD_S,Amoniak_B,104,0.254,0.009312559771226343,0.028972914900392242
CRP_S,Troponín T hs,191,0.254,0.00039869890040454407,0.0017336989146270148
Krvný obraz: Hemoglobín_HGB,APTT: APTT_ratio,1487,-0.254,2.8582659306916867e-23,4.375557459682961e-22
Bili-priamy_S,ELFO_S: gama_globulín,493,0.254,1.0433571901360843e-08,7.627673451017888e-08
Urea_S,Močový sediment A: Spermie,155,0.253,0.0015163511299936426,0.005799746374984714
Chloridy-S,CVK_S,128,0.253,0.003968919731005056,0.013688679180822541
Krvný obr._DIFF_RET: Erytrocyty_RBC,Krvný obr._DIFF_RET: Šírka dist.kriv._RBC,297,-0.253,1.0484263557744381e-05,5.7667988209826884e-05
Chloridy-S,Cholinesteráza_S,104,0.253,0.009513065766546341,0.029550395746135095
Reumat. faktor_S,Močový sediment: Leukocyty,174,-0.253,0.0007587310793503402,0.0031098184174920716
p-ANCA,LKM1,71,0.252,0.0338430764846215,0.08678854737878504
LD_S,Triacylglyceroly_S,113,0.252,0.007158370174001963,0.023026229145648745
ABR_artéria: pH_B,ABR_artéria: PCO2_B,298,-0.252,1.098135989272078e-05,6.009007700125334e-05
GMT_S,Kalcium-S,1699,-0.252,4.2794477492906495e-26,7.173438404022031e-25
Feritin_S,Beta2 mikroglob. _S,107,0.252,0.008947836654644839,0.028030377843667978
Krvný obraz: Stredný objem_RBC,Krvný obraz: Stredný objem_PLT,3655,0.252,3.193714790624438e-54,9.754649069633199e-53
Kálium-S,Krvný obr._DIFF_5pop: Lymfocyty_%,52,0.252,0.07166736389604299,0.1599798885564164
Glukóza_ S,Krvný obr._DIFF_5pop: Lymfocyty_%,34,-0.252,0.1501077899398466,0.2871529025859216
Albumín_S,Amoniak_B,391,-0.252,4.3036569064437565e-07,2.7368500827464647e-06
Kreatinín_S,Močový sediment A: Spermie,157,0.252,0.0014677497157103005,0.005627407328851863
Chloridy-S,Saturácia Trf,191,-0.252,0.0004439341408249531,0.001912077014685374
Bielkoviny_S,CEA _S,50,0.252,0.07804969057980736,0.1713371403778563
Reumat. faktor_S,Močový sediment A: Kryštály,42,-0.251,0.1094860444946448,0.22380369671556843
Krvný obr._DIFF_RET: Retikulocyty_%,Krvný obr._DIFF_RET: Hemoglobín_HGB,299,-0.251,1.0897657993224598e-05,5.968346657841023e-05
Krvný obraz_RET: Hemoglobín_HGB,Krvný obraz_RET: Stredný objem_RBC,34,-0.251,0.1524191368212414,0.2898858968773352
ANA,anti-LKM-1,91,0.251,0.016523801075371092,0.047608030944141747
Saturácia Trf,Meď_S,151,-0.251,0.0018960758449585798,0.007140349640202642
Cholest-celk._S,Lipáza_S,32,-0.25,0.1669513593218872,0.31167851477283265
ALP_S,Nátrium-S,4401,-0.25,1.320140126243935e-63,4.509059259154688e-62
Nátrium_U (zbieraný),Kalcium_U (zbieraný),55,0.25,0.06616326582437368,0.1508199597352874
Proteinúria kvant._U,Addisov sediment: Erytrocyty,58,0.25,0.05811840146372191,0.13617038111567412
Ak.TLyCD3+HLADR+_ap,NKbb._ CD16+CD56+,354,-0.25,1.8325049846544593e-06,1.0962244978822768e-05
Fosfor_S,Kalcium_U (zbieraný),51,-0.25,0.07646337709207529,0.1686122300124798
CEA _S,NSE_S,64,0.25,0.04638014976775388,0.113067187825994
Bili-priamy_S,Laktát_P_artéria,59,0.25,0.05607814327124918,0.13229277541858375
Horčík-S,Fosfor_S,850,0.25,1.28904200837244e-13,1.2856018648650097e-12
Krvný obr._DIFF_5pop: Stredný objem_PLT,APTT: APTT_sekundy,1464,0.249,4.077328741460349e-22,5.9961271978003695e-21
Krvný obr._DIFF_5pop: Stredný objem_RBC,Krvný obr._DIFF_5pop: Stredný objem_PLT,5414,0.249,3.492198190720274e-77,1.4692672255394635e-75
Krvný obraz_RET: Leukocyty_WBC,Krvný obraz_RET: Hematokrit_HCT,34,0.249,0.15514849155653995,0.2940508254351725
AST_S,Žlčové kyseliny,319,0.249,6.5276343111922905e-06,3.666672040583963e-05
Kalcium-S,GF(S)-Shull,48,-0.249,0.08740411909166591,0.18829378385532505
GMT_S,CVK_S,131,-0.248,0.004341497674852307,0.014868751875114125
Krvný obr._DIFF_RET: Bazofily_#,Krvný obr._DIFF_RET: Retikulocyty_%,299,0.248,1.4168384210116908e-05,7.628113973463789e-05
Chloridy-S,T4f_S,285,-0.248,2.3422145780795778e-05,0.00012196794438147178
Pomoc.TLy_CD4+_a.p,Imunoreg.index_IRI,354,0.248,2.421258259593915e-06,1.4322396390316705e-05
Krvný obr._DIFF_RET: Leukocyty_WBC,Krvný obr._DIFF_RET: Stredný objem_PLT,274,-0.248,3.3988591587805355e-05,0.00017329817203637837
anti- transglut. IgG,ASCA IgG,69,0.248,0.04026762416473408,0.10040039886913486
Krvný obr._DIFF_5pop: Stredný objem_PLT,Trombínový čas,125,0.248,0.005329585977483579,0.01782983660608382
Moč chemicky _ úplne: Bielkoviny,Kalcium ionizované_S,98,-0.248,0.013889572874577111,0.041180903673176915
Urea_S,NSE_S,31,0.247,0.18097695578633832,0.33048192012377337
Nátrium-S,Vitamín B12,235,-0.247,0.00013285479451828825,0.0006228977930440482
ELFO_S: alfa2_globulín,Foláty,179,0.247,0.0008411455362725074,0.0034167503784777744
Krvný obr._DIFF_RET: Stred. far.konc._HGB,Krvný obr._DIFF_RET: Nezrelé formy RET,298,-0.247,1.6521397208269148e-05,8.827622915402347e-05
IgM_S,NVK_S,96,-0.247,0.015254282227898949,0.044577026216118684
Nátrium-S,Addisov sediment: Leukocyty,46,-0.247,0.09856995520198679,0.20673982350552064
Urea_S,APTT: APTT_sekundy,45,0.247,0.1021128445525034,0.2119636098850998
FE_ Nátria,GF(S)-Schwarz,48,-0.247,0.09017873029316341,0.19302745065783933
Nátrium-S,ABR_artéria: pH_B,167,0.246,0.0013527533774789705,0.005230701282485636
Reumat. faktor_S,anti TPO_S,76,-0.246,0.03245919636629843,0.08396305965598287
Glukóza_ S,Krvný obr._DIFF_5pop: Eozinofily_#,34,-0.246,0.1612602872774626,0.30319224772823916
T Ly_CD3+,Cyt.TLy_CD8+_a.p,353,0.246,2.923131171306634e-06,1.7179141842100876e-05
Kreatinín_S,Feritin_S,824,0.246,8.174838235815155e-13,7.774662771277497e-12
ELFO_S: alfa1_globulín,C4_S,1052,0.246,5.237606233523222e-16,5.9738801439089824e-15
Proteinúria kvant._U,FE_Fosforu,50,-0.246,0.08467427271311183,0.18378396123894752
Imunoblot ANA: SS-A/Ro60kD,ANA  HEp-2,217,0.246,0.00025985221178714157,0.0011584849834973406
Reumat. faktor_S,Moč chemický A: pH,43,-0.245,0.11336842498389667,0.22951867556491254
Kálium-S,Albumín_S,3628,0.245,1.4940606497200983e-50,4.314439685305356e-49
AST_S,Albumín_S,4935,-0.245,4.00587402555502e-68,1.4882641920673123e-66
ELFO_S: alfa2_globulín,Močový sediment A: Hyalínové valce,39,0.245,0.1326558896099514,0.26051402370696175
ELFO_S: alfa2_globulín,Močový sediment A: Spermie,39,0.245,0.1326558896099514,0.26051402370696175
CK-celková_S,Močový sediment A: Kvasinky,45,-0.244,0.10654852566092915,0.21941743388132348
Glukóza_ S,CA 19-9_S,49,0.244,0.09067631342201948,0.1938965396062234
CRP_S,Krvný obraz: Šírka dist.kriv._RBC,47,0.244,0.0984139371412436,0.20648076045519173
Krvný obr._DIFF_5pop: Stred.far.konc._HGB,Antitrombín III,81,-0.244,0.027931506519319655,0.07378331015269761
Triacylglyceroly_S,Lipáza_S,32,0.244,0.17904683878817387,0.3278053506689535
c-ANCA,Imunoblot Liver Pro: SLA,88,0.244,0.02184345487702762,0.05999631164451209
FE_Chloridov,GF(S)-Shull,48,-0.244,0.09396964599102206,0.19886381111957466
Bielkoviny_S,Moč chemicky _ úplne: Bielkoviny,485,-0.244,5.342937832110754e-08,3.677538900043296e-07
Krvný obraz: Erytrocyty_RBC,D_dimer INOV,49,-0.243,0.0923466226690571,0.19632440071351187
Horčík-S,Močový sediment A: Kvasinky,61,-0.243,0.05924892016763778,0.1380808473312556
Nátrium-S,Osmolalita_S,130,0.243,0.005296421361714853,0.017728221765529222
anti- transglut. IgG,ASCA IgA,69,-0.243,0.044285072461836376,0.10871061257729772
Krvný obr._DIFF_5pop: Lymfocyty_%,Krvný obr._DIFF_5pop: Eozinofily_#,5475,0.243,1.5085110168243446e-74,6.223097720704585e-73
Krvný obraz: Stredný objem_RBC,APTT: APTT_sekundy,1487,0.243,2.175370977551534e-21,3.140939050087476e-20
Krvný obr._DIFF_RET: Eozinofily_%,Krvný obr._DIFF_RET: Monocyty_%,298,0.243,2.184524069868301e-05,0.00011479140956057331
C3_S,Foláty,127,0.243,0.005847632689546361,0.01930873725399586
Imunoblot ANA: AMA-M2,Imunoblot ANA: Nucleosomes,419,0.243,4.780176256679499e-07,3.02776268780507e-06
Krvný obr._DIFF_RET: Lymfocyty_#,Krvný obr._DIFF_RET: Stredný objem_PLT,274,-0.243,4.949230410671156e-05,0.00024526100467233894
Kalcium-S,Troponín T hs,135,-0.243,0.004474782600828268,0.015284028958635478
Protrombín IgM,Beta2-Glyco-Check,41,0.242,0.1269923910024397,0.25196210494643956
Krvný obraz_RET: Leukocyty_WBC,Krvný obraz_RET: Stred. far.konc._HGB,34,0.242,0.16881555499562248,0.3142353416018721
IgG_S,NVK_S,96,-0.242,0.017505659609215646,0.04999176731842212
IgA_S,"ELFO_S: beta1,2_globulín",1356,0.242,1.3520150235626007e-19,1.8631998795429942e-18
ELFO_S: gama_globulín,ASLO_S,942,0.242,5.523265461482981e-14,5.659565399484093e-13
Glukóza_ S,Triacylglyceroly_S,810,0.242,3.1411080920893546e-12,2.930317137891875e-11
ALT_S,Kalcium ionizované_S,282,-0.242,4.1170171643212746e-05,0.00020594811059002408
Bielkoviny_S,Foláty,281,0.242,4.2811914338620754e-05,0.00021348829811087728
AST_S,ELFO_S: Albumín,1239,-0.241,7.590910247224147e-18,9.568462857264881e-17
Bielkoviny_S,Močový sediment A: Baktérie,97,-0.241,0.017503458402504505,0.04999176731842212
Bielkoviny_S,Kalcium ionizované_S,235,0.241,0.00018607206622213034,0.0008486115123540516
ALP_S,ABR_artéria: HCO3_B - akt.,30,0.241,0.19981288017988771,0.3549807683956451
Chloridy-S,Kreatinín_U (zbier.),86,0.241,0.025580716747037227,0.06851361445781093
Bili-celkový_S,ELFO_S: gama_globulín,499,0.241,5.047368731709299e-08,3.485427560059693e-07
Kalcium-S,Moč chemicky _ úplne: Bielkoviny,361,-0.241,3.589738671678029e-06,2.094179043266347e-05
Chloridy-S,NSE_S,30,0.241,0.1990308709440602,0.35408656485791495
CRP_S,Krvný obraz: Erytrocyty_RBC,47,-0.241,0.10340753030512026,0.21412908736259093
Moč chemicky _ úplne: pH,Cholest-HDL_S,227,0.24,0.00026687442489150176,0.001187292171803719
Imunoblot ANA: Histones,ANA  HEp-2,217,0.24,0.0003506909063482533,0.0015354509497108567
Urea_S,Quickov test: PT_INR,45,0.24,0.11183787314513871,0.22750752740668145
GMT_S,Amyláza_U (jednoráz),65,-0.24,0.054659998491993975,0.12938144605558968
CCP,dsDNA IgG,187,0.24,0.0009521094012286052,0.003821068241317327
ANA  HEp-2,AMAM2,41,0.24,0.1304818232465955,0.25711880368660706
Kalcium-S,Meď_S,55,0.24,0.07757487565389679,0.17058954137390317
Krvný obr._DIFF_5pop: Bazofily_%,Diff.rozpočet_ WBC: Neutrofilné segmenty,208,-0.24,0.0004765782130581288,0.0020471273749548967
Fosfor_S,Tub. resorbcia,80,0.24,0.032047607226687924,0.08313534042921535
ALT_S,CK-celková_S,2070,0.24,1.3184030463082452e-28,2.372751998072601e-27
Albumín_S,Moč chemicky _ úplne: Bielkoviny,520,-0.239,3.5118601248178477e-08,2.4544386548919456e-07
CRP_S,Cholest-LDL_S,314,-0.239,1.925479090944903e-05,0.0001017684581095921
ELFO_S: Albumín,Močový sediment: Erytrocyty,89,0.239,0.023795421259577773,0.0643286430902543
FE_Horčíka,GF(S)-Shull,48,-0.239,0.10124279796692114,0.21095293390746145
Krvný obraz: Hemoglobín_HGB,Trombínový čas,72,-0.239,0.04294717239343087,0.1059997615444702
CRP_S,Krvný obr._DIFF_5pop: Erytrocyty_RBC,55,-0.239,0.0794211504972646,0.1740361559149332
Kálium-S,Prokalcitonín_S,885,-0.239,6.044768996365406e-13,5.809745451423514e-12
alfa1 AT_S,CIK_S,34,-0.239,0.1741471815576027,0.3215219542096629
GMT_S,Fosfor_S,574,-0.239,6.614280961081502e-09,4.914681514122899e-08
CRP_S,NT-proBNP,197,0.238,0.0007517270651840039,0.0030890828234889887
Feritin_S,Cholest-HDL_S,180,-0.238,0.001307519649614955,0.0050712285311378565
GF(S)- MDRD,Glukóza_ S,5648,-0.238,1.3623754689968294e-73,5.443503996564061e-72
Kálium-S,ABR_kapilára: HCO3_B - akt.,50,0.238,0.09632994225026303,0.20250963703372638
Krvný obr._DIFF_5pop: Eozinofily_%,Krvný obr._DIFF_5pop: Monocyty_%,5474,0.238,3.709500563552412e-71,1.454719572854844e-69
CEA _S,CA 19-9_S,140,0.238,0.004676117755877311,0.01588629738133078
Krvný obraz_RET: Leukocyty_WBC,Krvný obraz_RET: Šírka dist.kriv._RBC,34,-0.238,0.17590055146461317,0.3233495959070276
ELFO_S: alfa1_globulín,Kalcium ionizované_S,134,-0.238,0.005592948390640415,0.01859340718249009
CK-celková_S,Cholest-LDL_S,261,0.238,0.00010166041892885248,0.0004830580713949138
Kreatinín_S,Solub.transf.recep_S,57,-0.238,0.07453969791238692,0.16505775560731759
Cholest-celk._S,Močový sediment A: Spermie,56,0.238,0.07707803402951259,0.16984972257700087
Bili-celkový_S,Amoniak_B,568,0.238,9.338406693009045e-09,6.858600892564908e-08
AST_S,Krvný obr._DIFF_5pop: Eozinofily_%,38,0.238,0.15034012210975572,0.2874443996729547
CRP_S,anti TG II,43,0.237,0.1257291831311849,0.24976782377498988
T4f_S,Saturácia Trf,42,0.237,0.13155653501062,0.25875500523915446
Nátrium-S,Amoniak_P,97,-0.237,0.019493726275580447,0.054556670937780875
Fibrinogén,Antitrombín III,117,0.237,0.010022927457370188,0.03088053255900718
Nátrium-S,Laktát_P_artéria,96,0.237,0.020245818821372063,0.05619121318137908
Bili-priamy_S,Cholest-LDL_S,480,-0.237,1.4811584234410137e-07,9.859631014361996e-07
GMT_S,CA 19-9_S,49,0.237,0.10061833425811874,0.20999614899534438
Diff.rozpočet_ WBC: Lymfocyty,Diff.rozpočet_ WBC: Neutrofil.nesegmenty,188,-0.237,0.0010405880559871995,0.0041343689303856655
CRP_S,Bili-priamy_S,3650,0.237,8.200539042502784e-48,2.2359667183270462e-46
Krvný obr._DIFF_5pop: Trombocyty_PLT,Krvný obr._DIFF_5pop: Stred.far.konc._HGB,5478,-0.237,1.3255286399097073e-70,5.166308864629676e-69
Quickov test: PT_%,Diff.rozpočet_ WBC: Monocyty,49,-0.237,0.10044168894731359,0.20976530239391297
Kalcium-S,Feritin_S,261,-0.236,0.00011928866293600167,0.0005621964952762749
Beta2 mikroglob. _S,Haptoglobín_S,60,-0.236,0.06943513303407862,0.15620446181497927
Krvný obr._DIFF_RET: Trombocyty_PLT,Krvný obr._DIFF_RET: Eozinofily_#,298,0.236,3.722676144167206e-05,0.0001879981044824663
Krvný obr._DIFF_5pop: Hematokrit_HCT,Trombínový čas,131,-0.236,0.0066528150458664646,0.02152738871556811
ELFO_S: alfa1_globulín,Železo_S,373,-0.236,4.011828110358038e-06,2.3212335141261034e-05
ASCA IgA,DGP IgG,69,0.236,0.05043258086254816,0.12106090029453072
Prokalcitonín_S,Laktát_P,36,0.235,0.1681069699303916,0.31309984754259096
ALP_S,Quickov test: PT_%,31,-0.235,0.20273128144755925,0.35866105013543415
Horčík-S,Moč chemický A: UBG,61,-0.235,0.06843548683382666,0.15450271778795338
Krvný obr._DIFF_5pop: Stred.far.konc._HGB,Trombínový čas,131,0.235,0.006816429517942259,0.02201564653151356
Moč chemicky _ úplne: pH,T3f_S,35,-0.235,0.1745699463122912,0.3220229555959647
Imunoblot ANA: CENP-B,SLA a LP,135,0.235,0.006173233496416385,0.02024705854555152
Fosfor_S,Kalcium ionizované_S,82,-0.235,0.03393478231120623,0.08693051291253757
Kreatinín_S,Krvný obraz: Stred. far.konc._HGB,50,0.235,0.10076775723643049,0.21023893652645087
Addisov sediment: Valce,Fosfor_U (zbieraný),37,-0.234,0.16303510987435674,0.30553452891793165
Moč chemicky _ úplne: Ketolátky,Ceruloplazmín,30,-0.234,0.21248900822203193,0.37055796575200906
CK-celková_S,ELFO_S: Albumín,605,0.234,5.478021622448954e-09,4.099160349519223e-08
ELFO_S: Albumín,Triacylglyceroly_S,267,-0.234,0.00011428961028816548,0.0005398378395246955
GMT_S,Troponín T hs,140,0.234,0.005369769291663866,0.017935932865373577
Kálium-S,Bielkoviny_S,3009,0.234,1.1103443337312742e-38,2.5192919829267087e-37
ALP_S,Fosfor_S,571,0.233,1.6910521936844428e-08,1.2250005229734623e-07
AST_S,ABR_artéria: HCO3_B - akt.,101,-0.233,0.018874932814458373,0.053270745522103084
IgA_S,alfa1 AT_S,305,0.233,4.0719554297097636e-05,0.0002038544747434683
Glukóza_ S,Kreatinín_U (zbier.),39,-0.233,0.1536125313810104,0.2917490020518861
Bielkoviny_S,CA 19-9_S,43,-0.233,0.13269947737431234,0.26051909139647905
Imunoblot ANA: Histones,SLA a LP,135,0.233,0.006579026047890576,0.021335657214011653
Krvný obr._DIFF_5pop: Trombocyty_PLT,Diff.rozpočet_ WBC: Neutrofil.nesegmenty,131,-0.233,0.0074687400164735445,0.02387967052071285
GF(S)- MDRD,Krvný obr._DIFF_5pop: Bazofilily_#,41,-0.233,0.14282680402961437,0.27621877808223444
Krvný obr._DIFF_5pop: Erytrocyty_RBC,Krvný obr._DIFF_5pop: Neutrofily_%,5473,-0.233,3.106083429460675e-68,1.160761648668451e-66
Bili-celkový_S,Haptoglobín_S,69,-0.233,0.05416289920972781,0.12835966644215135
Krvný obr._DIFF_5pop: Neutrofily_#,D_dimer INOV,208,0.233,0.0007117415419346468,0.0029418959114579125
Feritin_S,Foláty,381,-0.233,4.1781591067052834e-06,2.410885086730124e-05
Krvný obr._DIFF_5pop: Stredná konc._HGB,Krvný obr._DIFF_5pop: Šírka dist.kriv._RBC,5474,-0.232,7.688325084261733e-68,2.8397633290880693e-66
Urea_S,Krvný obr._DIFF_5pop: Erytrocyty_RBC,48,-0.232,0.11249635036818983,0.22840821792557048
GF(S)- MDRD,Krvný obraz: Stredný objem_RBC,49,-0.232,0.10916597504093732,0.2234467832025158
Protrombín IgM,Protrombín IgG,47,0.232,0.1162733163501066,0.23450297738800863
Moč chemický A: UBG,Močový sediment A: Baktérie,472,0.232,3.378741590690056e-07,2.1638251336344683e-06
ELFO_S: gama_globulín,Fosfor_S,157,-0.232,0.00345016056844026,0.01212326885580806
Amoniak_B,AFP_S,30,0.232,0.21756111966944824,0.3768172827862608
Chloridy-S,Bili-priamy_S,3637,-0.232,9.330405125491729e-46,2.409596087896299e-44
Moč chemicky _ úplne: pH,CK-MB_S,60,-0.232,0.07497569075373886,0.16590754557941587
Albumín_S,Bili-celkový_S,2971,-0.232,1.6295412786784655e-37,3.5575518018708906e-36
ALT_S,Krvný obraz: Trombocyty_PLT,30,0.232,0.21700225955744784,0.3762596492817866
Albumín_S,CK-celková_S,1352,0.232,6.033475913674316e-18,7.635592127404966e-17
Kálium_U (zbieraný),FE_ Kalcia,50,-0.231,0.1070860056291637,0.22019465273637723
ALP_S,Quickov test: PT_INR,31,0.231,0.21153532803703662,0.36919888434595977
IgG_S,Močový sediment A: Kvasinky,39,0.231,0.15778532789371655,0.298070231373411
C4_S,Močový sediment A: Zhluky leukocytov,36,-0.231,0.1752934517985407,0.3227548623393367
CVK_S,Haptoglobín_S,57,0.231,0.08399381740598849,0.1826307285292036
C4_S,Močový sediment A: Epitélie,36,-0.231,0.17457060586691364,0.3220229555959647
Krvný obr._DIFF_5pop: Lymfocyty_#,Krvný obr._DIFF_5pop: Monocyty_#,5475,0.231,4.071126702874456e-67,1.4864291921472078e-65
AST_S,Krvný obr._DIFF_5pop: Eozinofily_#,38,0.231,0.16367748335310864,0.30655750346176275
Glukóza_ S,Fibrinogén,34,0.23,0.19007302284158525,0.3420775960658899
Krvný obr._DIFF_RET: Retikulocyty_%,Krvný obr._DIFF_RET: Neutrofily_#,298,0.23,6.364690074556952e-05,0.00031223842504756995
Krvný obr._DIFF_5pop: Monocyty_#,Diff.rozpočet_ WBC: Neutrofilné segmenty,206,0.23,0.0008906279742969562,0.0035993381174990857
Kreatinín_S,Krvný obr._DIFF_5pop: Monocyty_%,48,0.23,0.11519841943467075,0.2327044701648532
T3f_S,anti TPO_S,212,0.23,0.0007574694248631165,0.003106651553360477
Chloridy-S,Krvný obr._DIFF_5pop: Šírka dist.kriv._RBC,52,-0.23,0.10129988966150717,0.2110026882031328
Krvný obraz: Trombocyty_PLT,Krvný obraz: Stred. far.konc._HGB,3776,-0.23,1.1624825444919529e-46,3.064419753177335e-45
Bili-priamy_S,Amoniak_B,563,0.229,3.967027760990241e-08,2.7695085017110993e-07
Železo_S,Močový sediment: Erytrocyty,68,-0.229,0.06010259589269157,0.1395074138495687
Imunoblot ANA: AMA-M2,Imunoblot ANA: SmD1,418,0.229,2.1959115590778264e-06,1.3037968350300403e-05
Tub. resorbcia,Addisov sediment: Leukocyty,55,0.229,0.09238107478571603,0.19632440071351187
Nátrium-S,GF(S)-Shull,48,-0.229,0.11796239110827453,0.2373741151905014
APTT: APTT_ratio,Krvný obr._DIFF_RET: Trombocyty_PLT,104,-0.229,0.019152348225415387,0.053814625509095076
Krvný obr._DIFF_5pop: Lymfocyty_%,Krvný obr._DIFF_5pop: Bazofilily_#,5476,0.229,2.7761587094256176e-66,9.964370780215225e-65
GF(S)- MDRD,Horčík-S,845,-0.229,1.7567990864042194e-11,1.5544491080676888e-10
Fosfor_S,CK-MB_S,65,0.229,0.06710562196934011,0.15209490416383079
Krvný obr._DIFF_5pop: Leukocyty_WBC,Trombínový čas,131,0.229,0.00857283920751908,0.026935335057056736
Quickov test: PT_INR,Diff.rozpočet_ WBC: Monocyty,49,0.229,0.11425580606514224,0.23109428078059494
Moč chemicky _ úplne: pH,Vitamín B12,40,0.229,0.1551061940753002,0.2940508254351725
CK-celková_S,Močový sediment A: Baktérie,43,-0.229,0.13906789731908836,0.2706796420551987
Kreatinín_S,ALT_S,7422,0.228,1.8866343306303813e-88,8.56127707321058e-87
Kalcium-S,Železo_S,290,0.228,8.719017161862592e-05,0.00041805219644764567
Kálium_U (zbieraný),FE_ Kália,50,0.228,0.1110681815723167,0.22630409157438355
CRP_S,Fosfor_S,556,-0.228,5.379703550499121e-08,3.6988373004676316e-07
Chloridy-S,Fosfor_U (zbieraný),51,0.228,0.10810704454530551,0.22176430545570744
GF(S)- MDRD,Krvný obraz: Hematokrit_HCT,49,0.228,0.11490596249754209,0.23226139985583355
ABR_artéria: pH_B,ABR_artéria: PO2_B,298,-0.228,7.162041119007355e-05,0.00034812889999275996
ELFO_S: gama_globulín,Foláty,175,-0.228,0.0023648420581433194,0.008669268087354015
ANA,dsDNA IgG,219,0.228,0.0006838486970515736,0.0028395364525285274
Bielkoviny_S,Cholest-celk._S,849,0.228,1.9423715507222038e-11,1.711496041849953e-10
Kys. močová_S,Beta2 mikroglob. _S,95,0.228,0.026479853308259048,0.07056481043094368
Kálium_U (zbieraný),FE_Horčíka,50,-0.228,0.11187886191129878,0.22751550529818532
Krvný obr._DIFF_RET: Monocyty_#,Krvný obr._DIFF_RET: Nezrelé formy RET,297,0.228,7.370081742775029e-05,0.0003576938832074084
Glukóza_ S,Krvný obr._DIFF_5pop: Trombocyty_PLT,34,-0.227,0.19728229211387724,0.351677047808166
ALP_S,Cholest-HDL_S,749,-0.227,3.545486086625741e-10,2.8840554556124625e-09
c-ANCA,LKM1,70,0.227,0.05921064589652646,0.13806345211450025
Proteinúria kvant._U,Kreatinín_U (zbier.),112,0.227,0.01623774806218035,0.04696960500628159
Kys. močová_S,Močový sediment A: Zhluky leukocytov,67,-0.227,0.0641236248300585,0.14674977973536082
Krvný obr._DIFF_RET: Hematokrit_HCT,Krvný obr._DIFF_RET: Lymfocyty_#,298,0.227,7.827107939968711e-05,0.0003787175684891182
Pomoc.TLy_CD4+,B Ly_ CD19+,354,-0.227,1.570328250244222e-05,8.425925146791844e-05
Nátrium-S,NSE_S,30,0.227,0.22667381751893784,0.388770174954862
Kreatinín_S,Krvný obraz: Leukocyty_WBC,50,-0.226,0.11505037168175805,0.23247932929205117
Krvný obr._DIFF_5pop: Erytrocyty_RBC,APTT: APTT_ratio,1492,-0.226,8.325108776021328e-19,1.1064731392063492e-17
Krvný obr._DIFF_RET: Stredná konc._HGB,Krvný obr._DIFF_RET: Hemoglobín_HGB,299,0.226,8.258808625787118e-05,0.0003968851074101782
Amyláza_S,Močový sediment A: Zhluky leukocytov,45,-0.226,0.13471906674466638,0.2635068445285916
Lymfocyty,NKbb._ CD16+CD56+,354,-0.226,1.814653477594339e-05,9.623116480097526e-05
Chloridy-S,Krvný obr._DIFF_5pop: Stred.far.konc._HGB,52,0.226,0.1074814842464976,0.22069485113703918
LD_S,T4f_S,149,0.226,0.005476326740464958,0.018243892911470307
ELFO_S: alfa1_globulín,Prealbumín_S,163,-0.226,0.0037139743044122225,0.012900425782356943
ABR_kapilára: PCO2_B,ABR_kapilára: pH_B,102,-0.226,0.022601160658900388,0.061863495763030664
Vitamín B12,alfa1 AT_S,80,0.226,0.04372989795628699,0.10755557170588124
ELFO_S: alfa2_globulín,Amoniak_B,101,-0.225,0.023948197805990185,0.06457678296326641
AST_S,Krvný obraz: Hemoglobín_HGB,30,0.225,0.23167675962954493,0.3945958321518764
Ak.TLyCD3+HLADR+_ap,Cyt.TLy_CD8+,354,0.225,1.8478398965828295e-05,9.790931495405101e-05
Moč chemický A: Špec. hmotnosť,Močový sediment A: Baktérie,472,0.225,7.598071683148595e-07,4.7185287784010775e-06
Krvný obr._DIFF_5pop: Hemoglobín_HGB,Krvný obr._DIFF_5pop: Lymfocyty_%,5477,0.225,4.895409510343791e-64,1.6963463814304368e-62
IgA_S,Saturácia Trf,220,0.225,0.0007946056074105706,0.0032490299988682633
IgA_S,ASLO_S,921,0.225,4.427772375686484e-12,4.094561557894648e-11
Albumín_S,Fosfor_S,600,0.225,2.50442463726338e-08,1.787708957363399e-07
Reumat. faktor_S,T4f_S,136,-0.225,0.00847740563954937,0.026663903587957435
Imunoblot ANA: Histones,dsDNA IgG,218,0.225,0.0008366799306782242,0.0034007854124112336
ELFO_S: alfa1_globulín,Močový sediment A: Leukocyty,39,0.224,0.1712250803098562,0.3173258270736629
Krvný obr._DIFF_RET: Monocyty_%,Krvný obr._DIFF_RET: Lymfocyty_%,298,0.224,9.466953286929618e-05,0.00045220717467566823
CRP_S,CK-celková_S,1898,-0.224,5.673805854724658e-23,8.644050022797542e-22
AST_S,Kys. močová_S,1327,0.224,1.4638084527589663e-16,1.7157887639073271e-15
Bili-celkový_S,C3_S,250,-0.224,0.0003543655127325751,0.0015483384473109006
Ceruloplazmín,NVK_S,124,0.224,0.012289260855029401,0.03680984168411211
Krvný obraz_RET: Hemoglobín_HGB,Krvný obraz_RET: Retikulocyty_#,34,-0.224,0.20267671469983786,0.35866105013543415
Amyláza_S,Feritin_S,370,-0.224,1.3421032348381753e-05,7.2875058554931e-05
Železo_S,Vitamín B12,392,0.223,8.566862395003344e-06,4.745011054529751e-05
Cholest-LDL_S,Troponín T hs,39,-0.223,0.17314473812580136,0.3199501225460198
Imunoblot ANA: AMA-M2,LC1,112,0.223,0.01817476834967255,0.05156958612124596
Fosfor_U (zbieraný),GF(S+U)-deti,48,0.223,0.1284968154081209,0.25423240993079793
"ELFO_S: beta1,2_globulín",Močový sediment: Erytrocyty,88,0.223,0.0368550231814459,0.09294956819044295
C4_S,Moč chemický A: UBG,35,-0.223,0.19735870011799067,0.35170261482457077
Transferín_S,Cholest-LDL_S,159,0.223,0.00463466828079985,0.01577078071125948
Prokalcitonín_S,Močový sediment A: Kvasinky,31,0.222,0.22900429683960533,0.3916683829396264
Horčík-S,Močový sediment A: Kryštály,60,0.222,0.08886652205736797,0.19092628157945846
Feritin_S,T4f_S,79,0.222,0.04943234527155667,0.1191364527732168
Kys. močová_S,Močový sediment A: Kryštály,65,0.222,0.07617092155352229,0.1681424130053951
Močový sediment A: Spermie,Močový sediment A: Hyalínové valce,478,0.222,9.901173495900402e-07,6.095170079404579e-06
CRP_S,Moč chemicky _ úplne: Bielkoviny,686,0.222,3.986838314560432e-09,3.0081215929219034e-08
Krvný obr._DIFF_5pop: Monocyty_#,Trombínový čas,131,0.222,0.01070955976769185,0.032757743478163855
Chloridy-S,Horčík_U (zbieraný),51,0.222,0.11805412326371613,0.2373741151905014
IgG_S,Moč chemický A: pH,39,0.222,0.17396891124311484,0.32128618986264784
Addisov sediment: Erytrocyty,FE_ Nátria,36,-0.222,0.1939723180452339,0.3474220852950017
Krvný obr._DIFF_RET: Retikulocyty_#,Krvný obr._DIFF_RET: Monocyty_#,298,0.222,0.00010851469113423692,0.0005137062837375612
Imunoblot ANA: SS-A/Ro60kD,Imunoblot Liver Pro: SLA,164,0.222,0.00432397017252654,0.014816711168317748
LD_S,AFP_S,47,0.222,0.13337066543614332,0.26151353009747486
CK-MB_S,Lipáza_S,96,0.222,0.029899296258828163,0.0781430180844267
ANA,CCP,195,0.221,0.0019037106500061976,0.007164854122920245
Nátrium-S,NVK_S,118,0.221,0.016190269435242866,0.046880939709251564
Fosfor_S,Interleukín -6,61,-0.221,0.08672118181177137,0.186954290792886
IgG_S,AFP_S,40,0.221,0.17007605892364552,0.31584133362815553
Močový sediment A: Epitélie,Močový sediment A: Baktérie,474,0.221,1.1722307108979337e-06,7.1401550396304635e-06
Krvný obr._DIFF_5pop: Eozinofily_#,Factor V,45,0.221,0.14466514937890176,0.2790096217377544
GMT_S,Močový sediment A: Epitélie,129,-0.221,0.011928011118767299,0.03598226715932035
Krvný obr._DIFF_5pop: Lymfocyty_%,Quickov test: PT_%,1562,0.221,1.165486885099952e-18,1.5266676661938133e-17
Kreatinín_S,Glukóza_ S,6266,0.221,2.4089712732877572e-70,9.331825914144587e-69
C3_S,Močový sediment A: Baktérie,34,0.221,0.20942572728974912,0.366422926321062
ELFO_S: alfa1_globulín,Močový sediment A: Erytrocyty,39,-0.221,0.17726749095046007,0.3251098065843744
GMT_S,Glukóza_ S,5207,0.221,1.7785266606019237e-58,5.741346491955226e-57
Krvný obraz_RET: Hemoglobín_HGB,Krvný obraz_RET: Stredná konc._HGB,34,-0.221,0.20973247080853058,0.366777462159556
Krvný obraz: Stredná konc._ HGB,APTT: APTT_sekundy,1487,0.221,6.953248500117318e-18,8.782104914760501e-17
ELFO_S: alfa2_globulín,CVK_S,121,0.221,0.014634179780326556,0.04288327681937943
Horčík-S,Močový sediment A: Hlienové vlákna,61,-0.221,0.08672348417545019,0.186954290792886
GF(S)- MDRD,ABR_artéria: O2_B sat,130,-0.221,0.011530400598503607,0.03491545996296159
Moč chemicky _ úplne: pH,Amoniak_B,79,0.22,0.051207726054623336,0.1225092161591839
ELFO_S: gama_globulín,NVK_S,116,-0.22,0.017905069746756035,0.050940845544622075
Bili-celkový_S,Kalcium ionizované_S,255,-0.22,0.0004099630159613146,0.0017765996182825588
AST_S,ABR_kapilára: pH_B,32,-0.22,0.22594609354511563,0.3878507247479383
GF(S)- MDRD,T3f_S,123,0.22,0.014620666205863522,0.04286344827219703
CRP_S,ABR_artéria: BE_B,101,0.22,0.02710833705950425,0.07199802062668499
CEA _S,CA 15-3_S,55,0.22,0.10587706365439385,0.21831774923608055
Krvný obraz: Stredná konc._ HGB,Krvný obraz: Stredný objem_PLT,3655,0.22,1.7602900172926027e-41,4.268367358725155e-40
GF(S)- MDRD,Krvný obr._DIFF_5pop: Leukocyty_WBC,41,0.22,0.166484166086116,0.31098909354457366
Prokalcitonín_S,Močový sediment A: Erytrocyty,31,0.22,0.2342741509646945,0.3978464798392687
anti- transglut. IgA,ASCA IgA,69,0.22,0.06927244884851538,0.15600420685381716
Krvný obr._DIFF_5pop: Stredná konc._HGB,Krvný obr._DIFF_5pop: Stredný objem_PLT,5414,0.22,2.2145189291726717e-60,7.365884165986379e-59
ELFO_S: Albumín,CIK_S,181,0.22,0.0029165246295162857,0.010424426159504665
Nátrium-S,Addisov sediment: Erytrocyty,46,-0.22,0.1422094554140436,0.27536015551521453
Beta2 mikroglob. _S,NVK_S,44,-0.22,0.15144176182873378,0.2885751388416154
Urea_S,Quickov test: PT_%,45,-0.22,0.14645800049966048,0.28186842689316666
Bielkoviny_S,Železo_S,901,0.219,2.8381447540846542e-11,2.4699635099588777e-10
ELFO_S: alfa2_globulín,Močový sediment A: Erytrocyty,39,-0.219,0.17978218095755769,0.3287726527413253
Bili-priamy_S,alfa1 AT_S,292,0.219,0.00015653605476191587,0.000722203018084569
Bili-priamy_S,GF-(S+U)-dospelí,32,-0.219,0.22909487029807207,0.3916683829396264
Močový sediment A: Erytrocyty,Močový sediment A: Baktérie,471,0.219,1.5966961310191103e-06,9.569632566381516e-06
ALT_S,Kys. močová_S,1324,0.219,7.960584761133692e-16,8.998860318057357e-15
T4f_S,anti TG_S,209,-0.219,0.0014128488384283506,0.0054267404295860406
Prolaktín_S,LH_S,35,0.219,0.2057744502113219,0.36232956823517964
Kálium_U (zbieraný),Addisov sediment: Valce,37,-0.219,0.19376094265406474,0.34723928594676257
ANA,anti-SLA/LP,92,0.219,0.0362367479449992,0.09182770630019142
AST_S,Fibrinogén,39,-0.218,0.1824543901831135,0.33253674953781964
CRP_S,Močový sediment A: Erytrocyty,145,0.218,0.008478055288473795,0.026663903587957435
ELFO_S: alfa2_globulín,Močový sediment A: Baktérie,37,0.218,0.19437271144730153,0.3479430362988748
Krvný obr._DIFF_5pop: Neutrofily_#,Fibrinogén,1498,0.218,1.3234271816759014e-17,1.6398218384515675e-16
Imunoblot ANA: PM-Scl,LKM1,133,0.218,0.011745559770490625,0.03548242568802993
Reumat. faktor_S,CVK_S,57,-0.218,0.1028797222508272,0.21317510615117585
Moč chemicky _ úplne: Ketolátky,T4f_S,47,0.218,0.14151641673357754,0.2742690041209329
GMT_S,ELFO_S: gama_globulín,1155,0.218,6.245637715887244e-14,6.379185917850749e-13
Addisov sediment: Leukocyty,GF(S)-Shull,36,0.218,0.2024281790018576,0.35837756821459327
IgG_S,ASLO_S,920,0.218,2.4729802541903956e-11,2.1551225726847164e-10
Bili-celkový_S,Močový sediment A: Kvasinky,93,0.218,0.03619922413327048,0.0917692222341051
Kreatinín_S,FE_ Nátria,50,0.217,0.1293621090768803,0.25543528301573043
Železo_S,Cholest-HDL_S,192,0.217,0.0024609617954965204,0.00899567910632301
Kreatinín_S,Krvný obr._DIFF_5pop: Stredný objem_RBC,48,0.217,0.13841292339791356,0.26971763759622047
Urea_S,Krvný obraz: Stred. far.konc._HGB,49,0.217,0.13383602038283826,0.2621477172616286
Imunoblot Liver Pro: AMA-M2,AMAM2,147,0.217,0.008266158662793613,0.026126818897874535
Kalcium-S,Cholest-HDL_S,416,0.217,8.21655688188678e-06,4.5709094457641604e-05
Osmolalita_S,Addisov sediment: Leukocyty,30,-0.217,0.250307230559935,0.4175950198916142
Krvný obr._DIFF_RET: Stredný objem_RBC,Krvný obr._DIFF_RET: Leukocyty_WBC,299,-0.217,0.00015171632297372544,0.0007030297591918875
GF(S)- MDRD,Kalcium ionizované_S,299,0.217,0.00015953151514754726,0.0007349555589067205
ELFO_S: alfa1_globulín,Feritin_S,372,0.217,2.3325112071982494e-05,0.00012166209933768864
Chloridy-S,Bili-celkový_S,3664,-0.217,2.490976678583956e-40,5.882964624179879e-39
Proteinúria kvant._U,Kálium_U (zbieraný),53,0.216,0.1205207180121799,0.24153568502567158
Vitamín B12,CVK_S,196,-0.216,0.002407577361757657,0.008820841395182466
ALT_S,"ELFO_S: beta1,2_globulín",1233,0.216,1.7183480679635572e-14,1.7984621541635055e-13
ALT_S,Krvný obr._DIFF_5pop: Šírka dist.kriv._RBC,38,0.216,0.19220204454210058,0.34493208728134606
Nátrium-S,Feritin_S,704,-0.216,6.623790274161891e-09,4.915997618195151e-08
Cholest-celk._S,CVK_S,57,0.216,0.1066912802447331,0.2195690649157076
CK-celková_S,Močový sediment A: Hyalínové valce,44,-0.216,0.15867649344703597,0.29947904973617867
Imunoblot ANA: Histones,Imunoblot ANA: SmD1,418,0.216,8.340549009579599e-06,4.635827459130288e-05
Krvný obr._DIFF_RET: Stred. far.konc._HGB,Krvný obr._DIFF_RET: Stredný objem_RBC,299,0.216,0.00016695632754303605,0.0007669367670867014
Krvný obr._DIFF_5pop: Hematokrit_HCT,Krvný obr._DIFF_5pop: Lymfocyty_%,5477,0.216,8.244158408478432e-59,2.685904531746845e-57
Kys. močová_S,Ceruloplazmín,50,-0.216,0.13227860168672123,0.25993379415890505
GF(S)- MDRD,Fibrinogén,42,0.215,0.17154000554481535,0.31781675567985185
CRP_S,Beta2 mikroglob. _S,142,0.215,0.010256946946084599,0.03150985684162256
Nátrium-S,Moč chemický A: UBG,128,-0.215,0.014954428108065848,0.0438015130339061
Fibrinogén,Diff.rozpočet_ WBC: Lymfocyty,50,-0.215,0.13385915233696258,0.2621477172616286
Fosfor_S,GF(S)-Schwarz,48,0.215,0.1419770687757565,0.27507786457224187
AST_S,Amyláza_U (jednoráz),75,-0.215,0.06420090111843486,0.14687372157199016
Kreatinín_S,Krvný obr._DIFF_5pop: Erytrocyty_RBC,48,-0.215,0.14211728862195344,0.2752655898217287
Kreatinín_S,CRP_S,6928,0.215,3.6832158577215636e-73,1.4624668965065682e-71
Imunoblot ANA: dsDNA,Imunoblot Liver Pro: SLA,164,0.215,0.005755767030252931,0.01903507961644814
Krvný obraz_RET: Stredná konc._HGB,Krvný obraz_RET: Šírka dist.kriv._RBC,34,0.215,0.22105511253982457,0.38120606133699936
CK-celková_S,anti TPO_S,76,-0.215,0.062140422678473486,0.14345134639401963
TSH_S,Ceruloplazmín,85,0.215,0.04791454463585971,0.11591816529764536
ALT_S,Cholest-LDL_S,584,0.215,1.503664050226511e-07,9.98200387783597e-07
CRP_S,ABR_artéria: HCO3_B -  stand.,101,0.215,0.031081836682115456,0.08086114186792773
Urea_S,Krvný obraz: Trombocyty_PLT,49,-0.214,0.1403555483995884,0.27260128369996484
Amyláza_S,Troponín T hs,110,0.214,0.024661887841508575,0.06633233423247416
Krvný obr._DIFF_5pop: Lymfocyty_#,Diff.rozpočet_ WBC: Neutrofil.nesegmenty,130,-0.214,0.014558189747887562,0.042759213808751584
Triacylglyceroly_S,Vitamín B12,72,0.214,0.07045806652182712,0.1577805366587271
Kys. močová_S,Meď_S,39,-0.214,0.19070270811777168,0.342725404433438
C3_S,Cholest-celk._S,206,0.214,0.0020523896432946206,0.007660888016363529
Krvný obr._DIFF_RET: Retikulocyty_#,Krvný obr._DIFF_RET: Šírka dist.kriv._RBC,297,0.214,0.00019769437797770902,0.0008990353495292665
Ceruloplazmín,CVK_S,126,0.214,0.01589500472245582,0.046173280750691284
Nátrium-S,Krvný obraz: Hematokrit_HCT,50,0.214,0.135333534902232,0.2645552485580942
Krvný obr._DIFF_RET: Retikulocyty_%,Krvný obr._DIFF_RET: Monocyty_#,298,0.213,0.0002124040954029439,0.0009604293367223506
Krvný obr._DIFF_5pop: Neutrofily_#,Diff.rozpočet_ WBC: Eozinofily,157,-0.213,0.007410194970145516,0.023716357000168498
Nátrium-S,CA 19-9_S,44,-0.213,0.16410838060210023,0.30718342426786766
Močový sediment A: Epitélie,Močový sediment A: Hlienové vlákna,479,0.213,2.6741189391323473e-06,1.5744835607328825e-05
Železo_S,NSE_S,32,-0.213,0.2413650476356049,0.4064119129681945
C4_S,Foláty,128,0.213,0.01597880098477267,0.04637429084342658
ALP_S,ABR_artéria: pH_B,30,-0.213,0.25900053787442257,0.4281630021119455
CRP_S,Quickov test: PT_%,43,-0.213,0.16925476970708406,0.3148683900290205
Krvný obraz_RET: Stredný objem_RBC,Krvný obraz_RET: Retikulocyty_%,34,0.213,0.2263436910016719,0.38832337805390804
Krvný obraz_RET: Trombocyty_PLT,Krvný obraz_RET: Retikulocyty_%,34,-0.213,0.22613662314977637,0.3880729246003591
Bielkoviny_S,Amyláza_U (jednoráz),32,0.213,0.24223864296959252,0.4071275393613284
Krvný obr._DIFF_5pop: Stredný objem_PLT,APTT: APTT_ratio,1464,0.213,1.629698224418698e-16,1.9067169097112317e-15
Reumat. faktor_S,Moč chemický A: Špec. hmotnosť,42,0.213,0.17512908616340522,0.32267838874597254
ANA,c-ANCA,278,0.213,0.00035321916468903345,0.0015443918467098622
Horčík-S,Cholest-celk._S,415,0.212,1.3827846794626833e-05,7.470094446110907e-05
ABR_artéria: pH_B,Laktát_P_artéria,98,-0.212,0.03570462387844217,0.09073259019989724
Imunoblot ANA: Ku,Imunoblot Liver Pro: Sp100,164,0.212,0.006492647340082056,0.021109410722385518
Krvný obr._DIFF_5pop: Neutrofily_#,Factor V,45,-0.212,0.16183252716965293,0.30381857124964695
Cholest-LDL_S,HbA1c,44,-0.212,0.16806327661130022,0.31309984754259096
GF(S)- MDRD,anti TPO_S,39,-0.212,0.19487790366823676,0.34865089327071475
APTT: APTT_sekundy,Krvný obr._DIFF_RET: Trombocyty_PLT,104,-0.212,0.03047809089353923,0.07948576003557256
GF(S)- MDRD,HBDH_S,38,-0.211,0.20365048404299546,0.35968627331808456
Kreatinín_S,Fibrinogén,45,-0.211,0.1640825409807178,0.30718342426786766
Bili-priamy_S,T3f_S,76,-0.211,0.06695537784515047,0.15200213198091436
Cholest-LDL_S,NT-proBNP,48,-0.211,0.15066901161972368,0.2876202616646949
Imunoblot ANA: AMA-M2,SLA a LP,135,0.211,0.014038717859467642,0.04150208215970123
Amyláza_S,Bielkovina_ ascites,31,0.211,0.25347340609219704,0.4217696566012907
Cholest-HDL_S,Cholest-LDL_S,641,0.21,8.500568018490153e-08,5.800656135496019e-07
Krvný obr._DIFF_5pop: Lymfocyty_%,Quickov test: PT_INR,1562,-0.21,4.8070420927982555e-17,5.816978745818537e-16
Chloridy-S,Amoniak_P,96,-0.21,0.04029838097010489,0.10043766743941794
Leukocyty,NKbb._CD16+CD56+_ap,354,0.21,6.69284128545362e-05,0.0003268226032781464
Nátrium_U (zbieraný),Addisov sediment: Erytrocyty,37,0.21,0.21283117915549513,0.37105282139815055
CRP_S,Quickov test: PT_INR,43,0.21,0.17560578269393814,0.3229011685830938
Chloridy_U (zbieraný,GF(S)-Schwarz,48,-0.21,0.15112275741416323,0.28805366872252597
Kálium-S,Močový sediment A: Baktérie,124,-0.21,0.0194774167979782,0.054535050206062356
AST_S,Laktát_P_artéria,62,0.21,0.10141893227336424,0.21111221387047283
Imunoblot ANA: dsDNA,LC1,112,0.21,0.026044864801768423,0.06952227986791377
Reumat. faktor_S,Cholinesteráza_S,55,-0.21,0.12301295039513202,0.24544637998124175
C4_S,Triacylglyceroly_S,192,0.21,0.003530230360962809,0.01234317748112093
Kálium-S,GF(S)-Shull,48,-0.21,0.152959936345139,0.29059643409110886
ELFO_S: Albumín,Močový sediment A: Epitélie,39,-0.21,0.19909194072389155,0.3540960524688922
Krvný obr._DIFF_RET: Bazofily_#,Krvný obr._DIFF_RET: Monocyty_#,298,0.21,0.0002529274259032473,0.00112919742569454
Bielkoviny_S,IgM_S,1448,0.21,7.16712925388414e-16,8.131620097815972e-15
Albumín_S,Amoniak_P,62,-0.209,0.1027512276908183,0.2130478294777313
Chloridy-S,GF(S)-Schwarz,49,-0.209,0.14970748318086383,0.2864733857373578
Kreatinín_S,Kalcium ionizované_S,311,-0.209,0.00019851990346559352,0.00090214373871024
C3_S,Saturácia Trf,101,-0.209,0.036049295619075446,0.09147190525885593
Krvný obr._DIFF_5pop: Šírka dist.kriv._RBC,APTT: APTT_ratio,1490,0.209,3.1684463732020626e-16,3.679915870009634e-15
IgM_S,Močový sediment A: Erytrocyty,39,-0.209,0.20174574391699335,0.35768318091295676
Kreatinín_S,Krvný obraz: Stredný objem_RBC,50,0.209,0.1445801092443167,0.2790096217377544
GMT_S,ELFO_S: alfa1_globulín,1155,0.209,7.884066085185023e-13,7.509366092830652e-12
ABR_artéria: HCO3_B -  stand.,ABR_artéria: PO2_B,298,-0.209,0.00028941679609441806,0.0012830878615407103
C3_S,Moč chemický A: UBG,35,0.209,0.22878426398388937,0.3914533878507
ALT_S,ABR_artéria: O2_B sat,84,0.208,0.057662458766898926,0.13527680965513622
Kálium-S,Transferín_S,468,0.208,5.454936649589361e-06,3.096980566116283e-05
ALP_S,Osmolalita_S,61,-0.208,0.10792545428905026,0.22146331107827402
Cholest-LDL_S,HbA1c %,45,-0.208,0.17110416978623663,0.3172690717292843
Prokalcitonín_S,Močový sediment: Erytrocyty,33,-0.208,0.24595076933738652,0.41194970672302045
ELFO_S: alfa1_globulín,Moč chemický A: Špec. hmotnosť,38,-0.208,0.2091424948916094,0.366129035559767
Horčík-S,CIK_S,36,0.208,0.22249687448983566,0.3834841681047005
Imunoblot ANA: Histones,Imunoblot ANA: PM-Scl,419,0.208,1.7389238283776895e-05,9.229225632149925e-05
Krvný obr._DIFF_RET: Erytrocyty_RBC,Krvný obr._DIFF_RET: Stredný objem_PLT,274,-0.208,0.0005317883290900793,0.0022613462213582824
ELFO_S: gama_globulín,Močový sediment A: Erytrocyty,39,-0.208,0.2029487028498999,0.35884584169368605
"ELFO_S: beta1,2_globulín",Feritin_S,366,-0.207,6.84439473657467e-05,0.0003337102053834143
GMT_S,Krvný obr._DIFF_5pop: Hemoglobín_HGB,30,-0.207,0.2728914238544703,0.44476423785620683
GMT_S,Moč chemicky _ úplne: Bielkoviny,654,0.207,9.211603248103401e-08,6.254707621550742e-07
Krvný obr._DIFF_5pop: Eozinofily_%,Antitrombín III,81,0.207,0.06318943042392652,0.14523967130361984
ABR_artéria: PO2_B,Laktát_P_artéria,98,-0.207,0.04075990965627789,0.10138907832667715
Bili-priamy_S,Haptoglobín_S,69,-0.207,0.08793378538477613,0.18930645155861836
Krvný obr._DIFF_5pop: Lymfocyty_#,Quickov test: PT_%,1562,0.207,1.6480221281507815e-16,1.924611136055499e-15
Kálium-S,Krvný obr._DIFF_5pop: Erytrocyty_RBC,52,0.207,0.14147466350233112,0.2742690041209329
GMT_S,Močový sediment A: Kvasinky,128,0.207,0.018985031807058673,0.053486433290573725
ABR_artéria: BE_B,ABR_artéria: PO2_B,298,-0.207,0.0003263766820465813,0.0014379133571719356
Krvný obr._DIFF_5pop: Hematokrit_HCT,Diff.rozpočet_ WBC: Neutrofil.nesegmenty,131,-0.207,0.017899644161990993,0.050940845544622075
Imunoblot ANA: Mi-2,SLA a LP,135,0.207,0.01610241406329688,0.046690386373402594
Urea_S,Horčík-S,1023,0.206,3.079980248293647e-11,2.6767598519028096e-10
IgA_S,IGG4,82,0.206,0.06371801709435929,0.14608464907992225
Bili-celkový_S,Transferín_S,539,-0.206,1.403003396718534e-06,8.464653921512675e-06
Kys. močová_S,Cholest-HDL_S,512,-0.206,2.5351405154747702e-06,1.4964698550932926e-05
Imunoblot ANA: dsDNA,Imunoblot Liver Pro: gp210,163,0.206,0.008272373151679521,0.026133459290213823
Imunoblot ANA: AMA-M2,Imunoblot ANA: dsDNA,419,0.206,2.2034219370454974e-05,0.00011549785120503337
Nátrium-S,T4f_S,288,-0.206,0.00043504469362650995,0.0018750603382694827
Imunoblot ANA: Ku,Imunoblot ANA: Rib-PO,419,0.206,2.2062607555499613e-05,0.00011555131558127702
Kalcium-S,Laktát_P,48,-0.206,0.16066268980799137,0.30224757724316526
Amoniak_B,Etanol v sére,43,0.206,0.18610022021279385,0.3369320886326245
ALT_S,ELFO_S: Albumín,1235,-0.206,3.0298526028780253e-13,2.952247482528235e-12
Quickov test: PT_INR,Diff.rozpočet_ WBC: Lymfocyty,50,-0.206,0.15086295924121074,0.2877836885661337
GMT_S,NT-proBNP,164,0.206,0.008110383986016703,0.025724048658594165
AST_S,Krvný obr._DIFF_5pop: Trombocyty_PLT,38,-0.206,0.2143287663662727,0.37253916627221084
Imunoblot ANA: Mi-2,LKM1,133,0.206,0.017249369733901752,0.04938496886862453
Krvný obraz_RET: Stredná konc._HGB,Krvný obraz_RET: Retikulocyty_%,34,0.206,0.24325031379435022,0.40839567746710015
Imunoblot ANA: Nucleosomes,AMAM2,144,0.206,0.013411218895081,0.03994443208647426
Horčík-S,Močový sediment A: Hyalínové valce,61,0.206,0.1117454660383329,0.22746521811647832
Imunoblot ANA: Mi-2,Imunoblot ANA: SS-B/La,415,0.206,2.3457677942653735e-05,0.00012205293036009761
ELFO_S: alfa2_globulín,Saturácia Trf,251,-0.205,0.0010724046531197945,0.004246934430578724
Krvný obr._DIFF_5pop: Neutrofily_%,Fibrinogén,1498,0.205,1.0981571419541585e-15,1.218910194766052e-14
Bili-celkový_S,ELFO_S: Albumín,499,-0.205,3.7871911144287855e-06,2.202258642811908e-05
Horčík-S,Ceruloplazmín,37,-0.205,0.22450901661408673,0.3860096840458168
Horčík_U (zbieraný),FE_ Kalcia,50,-0.205,0.1524490447768262,0.2898858968773352
ASLO_S,Cholinesteráza_S,48,-0.205,0.16235152132958755,0.30461288098253686
GMT_S,Chloridy-S,4325,-0.205,2.3154064730324934e-42,5.791250914635997e-41
Krvný obr._DIFF_5pop: Eozinofily_%,D_dimer INOV,208,-0.205,0.0030046502772255734,0.01068787413841773
GF(S)- MDRD,Kreatinín_U (zbier.),75,0.205,0.07774184779785506,0.17083845003797068
Krvný obr._DIFF_5pop: Bazofily_%,Trombínový čas,131,0.205,0.01880616299552965,0.053100246004711055
ELFO_S: alfa2_globulín,NSE_S,31,0.205,0.26749575790450764,0.4386681853297204
"ELFO_S: beta1,2_globulín",Triacylglyceroly_S,267,0.205,0.0007388370111356836,0.003042016546821126
ALP_S,Amoniak_P,94,-0.205,0.04693172912793949,0.11410534831603505
Imunoblot ANA: Nucleosomes,Imunoblot ANA: SmD1,418,0.205,2.353955285246365e-05,0.0001223787064416543
Osmolalita_S,FE_ Kália,42,0.205,0.19171800779002998,0.3442579150621991
Bielkoviny_S,C3_S,1070,0.205,1.2274740630697217e-11,1.102990484113429e-10
Transferín_S,Meď_S,196,0.205,0.003938236991908696,0.013612415456798664
Chloridy-S,Krvný obr._DIFF_5pop: Trombocyty_PLT,52,-0.204,0.1470680896464774,0.28252905156458147
ELFO_S: alfa2_globulín,NVK_S,119,0.204,0.026124331299789316,0.06970511413169321
Kreatinín_U (zbier.),GF(S)-Cockroft,74,0.204,0.08058687961430118,0.17635840378562018
ALP_S,Beta2 mikroglob. _S,119,-0.204,0.025905984403604698,0.06923883841653371
CRP_S,ABR_kapilára: pH_B,35,0.204,0.2404871043276438,0.40547095907471364
Troponín T hs,HBDH_S,54,0.204,0.1395027578963446,0.2712767128605685
CK-celková_S,Foláty,47,0.204,0.16993316366193717,0.31566824232289087
Addisov sediment: Valce,Osmolalita_U (jednor,32,-0.204,0.2621101264069979,0.43229947649720807
Krvný obr._DIFF_5pop: Erytrocyty_RBC,APTT: APTT_sekundy,1492,-0.204,1.7234803695951068e-15,1.8813180048174766e-14
IgG_S,Foláty,130,-0.204,0.02004676332651578,0.05590741326310568
GMT_S,HBDH_S,69,0.204,0.09225568223198596,0.19628276933014294
C3_S,Fosfor_S,107,0.204,0.03524853807336273,0.08971713236381146
DGP IgA,anti transglutam.IgA,30,0.204,0.2784294805279741,0.45066560249534254
Amoniak_B,Beta2 mikroglob. _S,38,0.204,0.2203238810254808,0.3803580478681738
C3_S,CIK_S,198,-0.204,0.003953674553175104,0.013650920889305126
Bili-priamy_S,Močový sediment A: Kvasinky,92,0.203,0.05221098918817641,0.12432399337049654
Fosfor_S,FE_ Nátria,50,-0.203,0.15738692850846567,0.2974945423428392
ELFO_S: alfa1_globulín,Močový sediment A: Baktérie,37,0.203,0.22853169641727092,0.3911265806408734
Krvný obr._DIFF_5pop: Šírka dist.kriv._RBC,APTT: APTT_sekundy,1490,0.203,2.687969764770942e-15,2.91410783542488e-14
Osmolalita_S,Fosfor_U (zbieraný),42,0.203,0.19728899707040828,0.351677047808166
TSH_S,anti TG_S,207,0.203,0.0033163550206175706,0.011685415111471673
ASLO_S,Močový sediment A: Baktérie,43,-0.203,0.190777311127272,0.3427625162872056
Imunoblot ANA: Nucleosomes,SLA a LP,135,0.203,0.018194875880784354,0.05160359217438527
C3_S,Moč chemický A: Špec. hmotnosť,35,0.202,0.24355959327160734,0.4088068945982884
CA 19-9_S,CYFRA  21-1_S,73,0.202,0.08587423541568334,0.18575383643031537
Krvný obraz: Hematokrit_HCT,Fibrinogén,1450,0.202,7.990395760785788e-15,8.446420011359752e-14
Reumat. faktor_S,NVK_S,55,-0.202,0.13999614793069162,0.2719863999399645
"ELFO_S: beta1,2_globulín",Saturácia Trf,248,-0.202,0.0013904800690402903,0.005357016299947219
CRP_S,Krvný obr._DIFF_5pop: Trombocyty_PLT,55,-0.202,0.13905822876787394,0.2706796420551987
CK-celková_S,ELFO_S: alfa2_globulín,605,-0.202,5.385652458258699e-07,3.3876287195363875e-06
ALP_S,IgA_S,1232,-0.202,8.917842612652187e-13,8.468617954884805e-12
IgA_S,Močový sediment A: Kvasinky,39,0.202,0.21791005196578717,0.3773187680944797
Kreatinín_S,Haptoglobín_S,72,0.202,0.08890122024670848,0.19093625835947903
Imunoblot ANA: Mi-2,Imunoblot ANA: Nucleosomes,419,0.202,3.2441667545047515e-05,0.0001659435699788139
Imunoblot ANA: PCNA,Imunoblot Liver Pro: SLA,164,0.202,0.009605350703308221,0.029781743786294352
Kálium-S,C4_S,411,0.202,3.660078813463036e-05,0.00018513121577970278
LD_S,Močový sediment A: Hlienové vlákna,32,-0.202,0.2674281241199248,0.4386681853297204
Imunoblot ANA: dsDNA,Imunoblot Liver Pro: LKM1,164,0.202,0.009557715545267818,0.029648518974163304
C4_S,Močový sediment: Erytrocyty,77,0.201,0.07896202323738406,0.17322021188781112
ALP_S,ABR_artéria: BE_B,30,0.201,0.28581104250403666,0.45933659322745884
Krvný obr._DIFF_5pop: Lymfocyty_#,Quickov test: PT_INR,1562,-0.201,9.93052562732974e-16,1.1087632567737407e-14
ALP_S,T4f_S,310,0.201,0.0003717479136290919,0.0016198316154222364
Kreatinín_S,FE_ Kália,50,0.201,0.16117570965090938,0.3031229376590371
C4_S,CK-MB_S,46,-0.201,0.17937502352070112,0.32821702892483123
Quickov test: PT_INR,Krvný obr._DIFF_RET: Stred. far.konc._HGB,106,-0.201,0.03874272458710873,0.09720873985067209
Amyláza_S,Moč chemický A: pH,46,0.201,0.18094078107162043,0.33048192012377337
Kálium-S,Močový sediment A: Spermie,126,0.201,0.023786865511454116,0.0643286430902543
AST_S,Triacylglyceroly_S,858,0.201,2.721564549803596e-09,2.073153427446312e-08
Kálium-S,GF(S+U)-deti,48,0.201,0.1717844284517238,0.31808407868079314
Cholest-celk._S,Saturácia Trf,130,0.201,0.02168105482600832,0.05957601267717598
Vitamín B12,T3f_S,39,-0.201,0.22044254343349595,0.3804595160100515
Reumat. faktor_S,Foláty,128,-0.201,0.022717904345410454,0.062102773797931415
HbA1c %,C-Peptid_S,30,-0.201,0.28657089064782976,0.46009220831075626
IgG_S,"ELFO_S: beta1,2_globulín",1384,0.201,4.132538225582672e-14,4.2551078358390143e-13
APTT: APTT_ratio,Diff.rozpočet_ WBC: Eozinofily,33,0.201,0.26232809603040724,0.43253838413734164
Kálium-S,Cholinesteráza_S,107,0.2,0.03840555451217868,0.09647706121624008
AST_S,Krvný obr._DIFF_5pop: Bazofily_%,38,0.2,0.2285101110270747,0.3911265806408734
C4_S,Moč chemický A: Špec. hmotnosť,35,-0.2,0.2483665719799936,0.4150112655941345
CRP_S,ABR_artéria: BB_B,101,0.2,0.04503928395849885,0.11017888755808362
Krvný obr._DIFF_5pop: Lymfocyty_%,Diff.rozpočet_ WBC: Neutrofil.nesegmenty,130,-0.2,0.02232929632347618,0.06117206534844508
Imunoblot ANA: CENP-B,Imunoblot ANA: Nucleosomes,419,0.2,3.654462121862452e-05,0.00018499440526049529
Bili-priamy_S,T4f_S,128,0.2,0.02355353472888977,0.06386496207112108
ELFO_S: Albumín,Močový sediment A: Kryštály,37,0.2,0.2350803838208818,0.39889574743965334
Urea_S,Kalcium ionizované_S,316,-0.2,0.0003457567564241069,0.001515936972782851
Kálium-S,ABR_kapilára: pH_B,50,-0.199,0.16589089559415257,0.31024576382385965
Urea_S,Feritin_S,815,0.199,1.0292489516628924e-08,7.533201140454326e-08
Quickov test: PT_%,Krvný obr._DIFF_RET: Stred. far.konc._HGB,106,0.199,0.04063362966495591,0.10119382566109952
IgA_S,Kys. močová_S,311,0.199,0.000427874031784355,0.0018479155159252258
Bili-priamy_S,IgM_S,511,0.199,5.761246621997353e-06,3.256334500849572e-05
IgM_S,Beta2 mikroglob. _S,113,0.199,0.034324376283173516,0.08785768030902552
Chloridy-S,GF(S+U)-deti,48,0.199,0.17471175614175966,0.32209628170882154
Feritin_S,Fosfor_S,135,-0.199,0.020995248542442085,0.058042999995706945
IgA_S,Amoniak_B,84,0.199,0.06919863649832231,0.15589324030987292
Chloridy-S,ABR_kapilára: BB_B,49,-0.199,0.1711445157903758,0.3172690717292843
AST_S,Krvný obraz: Šírka dist.kriv._RBC,30,0.199,0.292271958889512,0.4661074433279477
Bili-priamy_S,Foláty,199,-0.199,0.004828885255314386,0.016309360992563686
ALT_S,CVK_S,139,0.199,0.019129377248535147,0.05377386445130256
ALT_S,ABR_artéria: pH_B,84,-0.199,0.07017774150499732,0.15742909314309605
Ceruloplazmín,IGG4,37,-0.198,0.23946612776263027,0.40407126419017003
CK-MB_S,NT-proBNP,135,0.198,0.021251235593428452,0.05864860978499173
Krvný obr._DIFF_5pop: Stredný objem_RBC,Trombínový čas,131,0.198,0.023439872728965857,0.06358390753506409
CRP_S,ABR_kapilára: PCO2_B,35,0.198,0.2542567017647765,0.42251970345582657
Imunoblot ANA: PM-Scl,Imunoblot ANA: SmD1,418,0.198,4.630054394699508e-05,0.0002301622501527854
Močový sediment: Leukocyty,Cholest-LDL_S,85,0.198,0.06957499366523957,0.1564083279388772
CRP_S,Vitamín B12,223,0.198,0.0029174609966314013,0.010424426159504665
Nátrium-S,GF(S)-Cockroft,38,0.198,0.2323761849874727,0.3952572699398699
Reumat. faktor_S,alfa1 AT_S,219,0.198,0.003282532179657432,0.011579082141789931
Urea_S,Glukóza_ S,6237,0.198,5.848590132807834e-56,1.830349414469368e-54
CIK_S,Prealbumín_S,34,0.198,0.2605752870928752,0.43031837767118175
AST_S,Nátrium-S,5165,-0.198,7.604513811530082e-47,2.021400679692494e-45
Tub. resorbcia,GF(S)-Shull,49,0.198,0.1722590994479343,0.318684350259967
Bielkoviny_S,Meď_S,204,0.198,0.004453265734007439,0.015218718239994222
Kys. močová_S,Močový sediment A: Kvasinky,67,-0.198,0.10767267496598124,0.2210159948493954
Urea_S,Moč chemický A: Špec. hmotnosť,154,0.198,0.013914248067793624,0.041216062811781466
Triacylglyceroly_S,NT-proBNP,46,-0.197,0.1891892166524412,0.34087325394014717
Triacylglyceroly_S,Moč chemický A: Špec. hmotnosť,55,-0.197,0.14963015442889122,0.28641168155671765
Imunoblot ANA: dsDNA,dsDNA IgG,218,0.197,0.003572463582205844,0.012456564839601387
Triacylglyceroly_S,Močový sediment A: Hyalínové valce,55,0.197,0.14900611473269632,0.2853891609577388
Krvný obraz: Hematokrit_HCT,Krvný obraz: Stred. far.konc._HGB,3776,0.197,3.2895217403894833e-34,6.69818321047897e-33
ASLO_S,Haptoglobín_S,81,-0.197,0.07754985234908388,0.17058954137390317
ALP_S,Foláty,227,-0.197,0.002924744435141344,0.010444576389237188
Kálium-S,Kalcium ionizované_S,330,0.197,0.00032763276381786514,0.0014414480253011753
Chloridy-S,Močový sediment A: Zhluky leukocytov,126,-0.196,0.027753263566383836,0.07334296316024813
Urea_S,Krvný obr._DIFF_5pop: Šírka dist.kriv._RBC,48,0.196,0.18275519464167603,0.3329635077598416
ELFO_S: alfa2_globulín,Močový sediment A: Zhluky leukocytov,39,-0.196,0.2321756386869578,0.3950219155271138
Krvný obr._DIFF_RET: Bazofily_#,Krvný obr._DIFF_RET: Nezrelé formy RET,298,0.196,0.0006590186444095313,0.0027454068511041
C4_S,Moč chemický A: pH,36,-0.196,0.2529472156742964,0.42122507501410356
NSE_S,CA 125_S,31,0.196,0.2913273555754592,0.46555976671347893
Bili-priamy_S,Amyláza_U (jednoráz),65,-0.196,0.11688010771565638,0.23539829626524522
GMT_S,Močový sediment A: Kryštály,127,0.196,0.026910496387066107,0.07159228791751716
Krvný obr._DIFF_RET: Lymfocyty_#,Krvný obr._DIFF_RET: Neutrofily_#,298,0.196,0.0006670134958857363,0.0027768917033827536
Leukocyty,CCP,59,-0.196,0.13698402196939466,0.2672787136276303
Krvný obr._DIFF_RET: Retikulocyty_#,Krvný obr._DIFF_RET: Lymfocyty_#,298,0.196,0.0006507738314088573,0.002714619928391642
FE_ Kália,GF(S)-Schwarz,48,-0.196,0.18246861465273717,0.33253674953781964
Pomoc.TLy_CD4+,Cyt.TLy_CD8+_a.p,353,-0.196,0.00021279487846429532,0.0009615119935161224
Bielkoviny_S,HBDH_S,64,-0.196,0.12036638947966355,0.24130251573502762
Bili-priamy_S,Reumat. faktor_S,369,0.195,0.00016718637994283413,0.0007674386356768968
Krvný obr._DIFF_5pop: Eozinofily_%,Diff.rozpočet_ WBC: Neutrofil.nesegmenty,128,-0.195,0.027166938053475986,0.07212350917414666
Krvný obr._DIFF_5pop: Neutrofily_#,Trombínový čas,131,0.195,0.025315854567123135,0.06794745418881845
ALT_S,Albumín_S,4925,-0.195,3.0748946133243764e-43,7.751906935892763e-42
Imunoblot ANA: dsDNA,DNP / Nucleo-h /,97,0.195,0.05615688926435858,0.13238022912670502
Bili-celkový_S,Laktát_P_artéria,59,0.195,0.1384462798994609,0.26971763759622047
Krvný obr._DIFF_5pop: Lymfocyty_#,Krvný obr._DIFF_5pop: Stredný objem_PLT,5414,-0.195,1.2612745029519664e-47,3.424306374894804e-46
ALT_S,Tub. resorbcia,41,0.195,0.22095831485939604,0.3811425941628409
Glukóza_ S,Krvný obr._DIFF_5pop: Hemoglobín_HGB,34,-0.195,0.26990358335482195,0.4415909000909564
Kreatinín_S,Železo_S,891,0.195,4.1302322726130665e-09,3.108115349920531e-08
Kálium-S,C3_S,411,0.195,7.156813504486437e-05,0.00034812889999275996
Krvný obr._DIFF_5pop: Lymfocyty_%,Krvný obr._DIFF_5pop: Šírka dist.kriv._RBC,5473,-0.194,2.208376592258785e-47,5.94483749602545e-46
ASLO_S,Močový sediment: Erytrocyty,90,-0.194,0.06686899961962464,0.15193803811998405
Železo_S,Haptoglobín_S,119,-0.194,0.034352071256233595,0.08785777322498069
Krvný obr._DIFF_5pop: Leukocyty_WBC,Diff.rozpočet_ WBC: Eozinofily,158,-0.194,0.014617531525425978,0.04286344827219703
Imunoblot ANA: SS-B/La,Imunoblot Liver Pro: LKM1,160,0.194,0.013891181579036382,0.041180903673176915
Prokalcitonín_S,Močový sediment A: Zhluky leukocytov,31,-0.194,0.29646844217521817,0.47074831620573887
Osmolalita_U (jednor,FE_Horčíka,42,-0.194,0.21876093867480767,0.3782766040830302
Nátrium_U (zbieraný),GF(S)-Schwarz,48,-0.194,0.1863596320979436,0.33720955360815597
Imunoblot ANA: Mi-2,Imunoblot ANA: Rib-PO,419,0.194,6.689582196031779e-05,0.0003268226032781464
Quickov test: PT_%,Diff.rozpočet_ WBC: Lymfocyty,50,0.194,0.1765566972475134,0.3240868817143753
Krvný obraz: Trombocyty_PLT,Krvný obraz: Hematokrit_HCT,3776,0.194,1.81640084728956e-33,3.6402506570443457e-32
Krvný obr._DIFF_5pop: Hemoglobín_HGB,Krvný obr._DIFF_5pop: Neutrofily_%,5473,-0.194,1.53118353350407e-47,4.139408080149514e-46
Krvný obr._DIFF_5pop: Stredný objem_PLT,Antitrombín III,76,-0.194,0.09349635832614109,0.19803714669931177
ALP_S,AFP_S,82,0.194,0.08136255005285715,0.17781089799993172
Krvný obr._DIFF_5pop: Hemoglobín_HGB,Diff.rozpočet_ WBC: Neutrofil.nesegmenty,131,-0.193,0.02684342834121718,0.07144377890731159
IgA_S,ELFO_S: alfa1_globulín,1362,0.193,6.799521694542014e-13,6.505626705636357e-12
Glukóza_ S,Krvný obr._DIFF_5pop: Erytrocyty_RBC,34,-0.193,0.27414004421109883,0.44622385366976963
GMT_S,Amoniak_P,97,0.193,0.05814394091648432,0.13617038111567412
Imunoblot ANA: U1-sn RNP,c-ANCA,274,-0.193,0.0013317113915570595,0.0051585884717956325
Bili-celkový_S,Kys. močová_S,722,0.193,1.617382896299757e-07,1.0670024444644191e-06
ALP_S,CK-MB_S,528,0.193,8.095458580610229e-06,4.511442838826033e-05
AST_S,Lipáza_S,366,0.193,0.00020600857709741232,0.000934170228622313
Kálium-S,Haptoglobín_S,78,0.193,0.09073982563914564,0.19390182047947938
GF(S)- MDRD,Moč chemický A: pH,128,0.193,0.028884768000995577,0.07585983096747619
Močový sediment A: Epitélie,Močový sediment A: Zhluky leukocytov,477,0.193,2.1751906661198307e-05,0.00011439558196903381
Kálium-S,Močový sediment A: Epitélie,126,-0.193,0.030318026083835062,0.0791007883821783
Krvný obr._DIFF_5pop: Stredný objem_RBC,Quickov test: PT_INR,1562,0.193,1.2569195024126511e-14,1.3220545693423132e-13
Glukóza_ S,Močový sediment A: Spermie,142,0.193,0.02122337897213088,0.058597186705757275
Cholest-HDL_S,Močový sediment A: Baktérie,49,-0.192,0.1861862676692271,0.3369918400292307
Bili-priamy_S,Močový sediment A: Erytrocyty,91,0.192,0.06802539642231097,0.15379549589713223
Bili-celkový_S,CK-MB_S,588,0.192,2.7042654282189115e-06,1.5907590986550688e-05
c-ANCA,anti- transglut. IgG,71,0.192,0.10948464310429558,0.22380369671556843
FE_H2O,GF(S)-Shull,48,-0.192,0.1904868530198938,0.3425416525507913
ELFO_S: gama_globulín,CVK_S,118,-0.192,0.03683102194284052,0.09294956819044295
C4_S,Beta2 mikroglob. _S,116,-0.192,0.038837875617771085,0.09739206924682454
Feritin_S,Cholinesteráza_S,102,-0.192,0.05309606272051068,0.1262422479279208
Krvný obr._DIFF_5pop: Hematokrit_HCT,APTT: APTT_ratio,1492,-0.192,6.978360261326595e-14,7.104731208366644e-13
Krvný obr._DIFF_5pop: Lymfocyty_#,Krvný obr._DIFF_5pop: Bazofily_%,5476,0.192,8.614305624241358e-47,2.2802784846168895e-45
ALT_S,Saturácia Trf,360,0.192,0.00024117838442910385,0.0010805403922976705
Bielkoviny_S,Amoniak_B,302,-0.192,0.0008059254668324142,0.0032926331130458696
ELFO_S: alfa2_globulín,"ELFO_S: beta1,2_globulín",1602,0.192,8.051464744098266e-15,8.496836464992739e-14
Bielkoviny_S,Tub. resorbcia,40,0.191,0.23698570775434,0.4013783528028051
Kreatinín_S,FE_Horčíka,50,0.191,0.18405772511983445,0.3341865469237806
Glukóza_ S,GF-(S+U)-dospelí,37,0.191,0.25773763662354454,0.4267415182354387
Horčík-S,Addisov sediment: Leukocyty,45,-0.191,0.20847024498287986,0.36515342331851
Nátrium-S,IgG_S,615,-0.191,1.873010873821335e-06,1.1183494437393742e-05
Amyláza_S,Močový sediment A: Leukocyty,44,-0.191,0.2140973374289146,0.37234064732709954
Kreatinín_S,Osmolalita_U (jednor,46,0.191,0.2024582232523493,0.35837756821459327
Kreatinín_U (zbier.),Addisov sediment: Valce,56,0.191,0.15868440731955719,0.29947904973617867
CK-celková_S,ELFO_S: alfa1_globulín,605,-0.191,2.14361409566907e-06,1.2763243064466357e-05
Bili-priamy_S,Interleukín -6,205,0.191,0.006089709395533039,0.020035175447861934
CK-celková_S,Moč chemicky _ úplne: Bielkoviny,219,-0.191,0.004544096731530705,0.015495784506395367
B Ly _CD19+_ a.p.,Cyt.TLy_CD8+,354,-0.19,0.0003266949663267602,0.0014383181712223892
Kálium-S,Meď_S,116,0.19,0.04143530393598864,0.1027071735877237
ELFO_S: alfa2_globulín,CK-MB_S,48,-0.19,0.19658537074032045,0.35101373252199436
Glukóza_ S,Močový sediment: Valce,57,0.19,0.15659721511307167,0.29652228753955856
Albumín_S,Močový sediment A: Kvasinky,106,-0.19,0.05100174073960749,0.12215648437983954
Aktiv.TLy_CD3+HLADR+,B Ly_ CD19+,354,-0.19,0.00032093458835659634,0.0014149184176470897
GMT_S,Krvný obr._DIFF_5pop: Stredná konc._HGB,30,0.19,0.31554832110717,0.49194564024388987
Imunoblot ANA: Histones,LC1,112,0.19,0.04460509187630084,0.10941164042090316
Krvný obr._DIFF_5pop: Neutrofily_%,Factor V,45,-0.19,0.21169660929213668,0.36937889558718606
AMAM2,LC1,122,0.19,0.03588611531993705,0.09112089953139892
Krvný obr._DIFF_RET: Stredná konc._HGB,Krvný obr._DIFF_RET: Eozinofily_#,298,-0.19,0.0010040016420315274,0.004006546753659732
ASLO_S,Moč chemický A: UBG,44,0.189,0.21989234513957487,0.37971624590152736
Meď_S,Cholinesteráza_S,74,0.189,0.10635850464982619,0.21909714009090328
Krvný obr._DIFF_5pop: Lymfocyty_%,Fibrinogén,1499,-0.189,1.5797996169882454e-13,1.570652107468908e-12
Ak.TLyCD3+HLADR+_ap,CCP,59,0.189,0.152182278376277,0.28967425624314724
Kálium-S,Krvný obraz: Trombocyty_PLT,50,0.189,0.18856144962760807,0.34003147586834914
Cholest-HDL_S,Močový sediment A: Epitélie,49,0.189,0.19325224618419357,0.346620982498075
Cholest-LDL_S,Saturácia Trf,122,0.189,0.036958756337996584,0.09317419802194139
C3_S,anti TG_S,46,-0.189,0.2074706020545476,0.36390412337176725
ELFO_S: gama_globulín,AFP_S,52,0.189,0.18005294578485412,0.32907835574544825
ALT_S,Cholest-celk._S,984,0.189,2.433359534191958e-09,1.864792897553861e-08
CRP_S,Laktát_P_artéria,62,0.189,0.14135121632603936,0.27411607976780467
CRP_S,ELFO_S: gama_globulín,1083,0.189,3.3480786589579184e-10,2.73046774330676e-09
AST_S,Foláty,239,-0.188,0.0034676532360697057,0.012164550529404109
AST_S,Krvný obr._DIFF_5pop: Bazofilily_#,38,0.188,0.2582723499399193,0.4274656790516607
Horčík-S,Močový sediment A: Epitélie,61,-0.188,0.1476473062774561,0.28328851783359676
CK-celková_S,C4_S,585,-0.188,4.450047822523418e-06,2.556162189556173e-05
Krvný obraz_RET: Hematokrit_HCT,Krvný obraz_RET: Retikulocyty_#,34,-0.188,0.28829806068199026,0.4621644157236145
Krvný obr._DIFF_5pop: Lymfocyty_%,Factor V,45,0.188,0.2156287384035513,0.37418447830586216
Kálium-S,Krvný obr._DIFF_5pop: Monocyty_%,52,0.188,0.1819010342876812,0.33178790434385264
ALT_S,ALP_S,7062,0.188,2.5475178089694194e-57,8.132854593157147e-56
CRP_S,ABR_artéria: O2_B sat,101,0.188,0.05948982708749556,0.1384898759570756
Nátrium-S,Krvný obr._DIFF_5pop: Bazofilily_#,52,-0.188,0.18286659311388384,0.3330309644570568
Urea_S,ABR_artéria: pH_B,130,-0.188,0.032185549137800855,0.08342504841797178
Urea_S,T3f_S,224,-0.188,0.004800392786201319,0.016247680005720286
Imunoblot ANA: SS-A/Ro52kD,Imunoblot Liver Pro: SLA,164,0.188,0.0156526704436466,0.04559441326386375
GF(S)- MDRD,Krvný obr._DIFF_5pop: Monocyty_%,41,-0.188,0.23914220901741512,0.4038082520623367
Foláty,Beta2 mikroglob. _S,83,-0.188,0.08828424219556641,0.18999654155434736
Krvný obr._DIFF_5pop: Leukocyty_WBC,Fibrinogén,1499,0.188,2.486234251337489e-13,2.445053591137317e-12
Krvný obr._DIFF_5pop: Stredná konc._HGB,Quickov test: PT_%,1562,-0.188,6.296381191805766e-14,6.420691767502734e-13
Kreatinín_S,NSE_S,31,0.188,0.3113635457362032,0.48733496084308914
Krvný obr._DIFF_5pop: Stredný objem_PLT,Factor V,42,-0.188,0.23407943622384278,0.39767550514851946
Kálium-S,Nátrium_U (zbieraný),53,0.188,0.1770149132799684,0.32474032459360075
Triacylglyceroly_S,Močový sediment A: Leukocyty,55,0.187,0.17243453389855443,0.31873288510932424
Addisov sediment: Valce,Horčík_U (zbieraný),37,0.187,0.2668721394719728,0.4380978558308639
Imunoblot ANA: AMA-M2,Imunoblot Liver Pro: LKM1,164,0.187,0.016653464001764335,0.04791642065362719
Urea_S,Krvný obraz: Stredný objem_PLT,48,0.187,0.2040118291001275,0.3598243060169656
Quickov test: PT_INR,Lupus antikoagulans1,33,0.187,0.2969031407859749,0.47102807093886223
CK-celková_S,Moč chemický A: Špec. hmotnosť,45,0.187,0.21887327886809976,0.37833422128331107
Krvný obr._DIFF_5pop: Stredná konc._HGB,Quickov test: PT_INR,1562,0.187,1.0725006160860786e-13,1.081523240316644e-12
ALP_S,Močový sediment A: Epitélie,110,-0.187,0.05039078912698606,0.12103315059498768
"ELFO_S: beta1,2_globulín",anti TG_S,46,-0.187,0.21354268428736609,0.3718850529818083
Chloridy-S,alfa1 AT_S,210,-0.187,0.0066550907346727166,0.02152738871556811
Addisov sediment: Valce,Kalcium_U (zbieraný),37,-0.187,0.2668721394719728,0.4380978558308639
Albumín_S,anti TPO_S,119,0.187,0.04217794983850043,0.10438508582937017
C3_S,Močový sediment A: Erytrocyty,36,-0.186,0.2772700171447214,0.44959071437478687
GMT_S,Etanol v sére,139,0.186,0.028244114018255072,0.07442341615842989
Bielkoviny_S,Moč chemický A: pH,101,0.186,0.06276178195165191,0.14457055864352597
Krvný obr._DIFF_5pop: Monocyty_#,Quickov test: PT_%,1561,-0.186,1.278933517530442e-13,1.2775258863004558e-12
Fosfor_S,FE_ Kália,50,-0.186,0.19535809961881526,0.3493132583389624
Urea_S,Krvný obr._DIFF_5pop: Neutrofily_#,48,-0.186,0.20461254550593663,0.36078365295565235
D_dimer INOV,Trombínový čas,34,0.186,0.2932489926367112,0.46738857255921384
GMT_S,Ceruloplazmín,276,0.186,0.0019439805949884104,0.007299118628818777
Ceruloplazmín,AFP_S,53,-0.186,0.18332799067385958,0.3334415383534609
Amoniak_B,Kalcium ionizované_S,39,-0.186,0.25622766365300675,0.4249058593546207
Aktiv.TLy_CD3+HLADR+,Imunoreg.index_IRI,354,-0.186,0.0004262497781696304,0.0018421529528650762
Nátrium-S,Močový sediment A: Zhluky leukocytov,126,-0.186,0.036652904628124504,0.09261916337849677
Imunoblot Liver Pro: LKM1,LC1,116,0.186,0.04510426550928473,0.11029538059295069
Moč chemicky _ úplne: pH,Kys. močová_S,339,-0.186,0.0005747388096683506,0.0024212968553203123
CRP_S,Krvný obraz: Trombocyty_PLT,47,0.186,0.21121432181756009,0.36884128271219335
CRP_S,Amyláza_S,2192,-0.186,1.7128556572491238e-18,2.2298713095294436e-17
Horčík-S,Amoniak_B,75,-0.186,0.10917343224627878,0.2234467832025158
ELFO_S: Albumín,C3_S,1052,-0.186,1.218894754121109e-09,9.501396776602952e-09
Chloridy_U (zbieraný,Addisov sediment: Erytrocyty,37,0.185,0.2725374082000215,0.4445263554030132
ALP_S,Interleukín -6,223,0.185,0.005683644120368404,0.018828955393034714
Kalcium-S,Amoniak_P,59,-0.185,0.16155625020141653,0.3035690202690326
T Ly_CD3+,Aktiv.TLy_CD3+HLADR+,359,0.185,0.0004327201674017732,0.001867575559445289
Imunoblot ANA: dsDNA,ANA  HEp-2,217,0.185,0.006261512769116626,0.020474574426005764
Imunoblot Liver Pro: LC1,Imunoblot Liver Pro: gp210,187,0.185,0.011112484287033698,0.03385999988968996
Bili-celkový_S,T4f_S,128,0.185,0.03612205715316899,0.09161015133496311
Krvný obr._DIFF_5pop: Stredný objem_RBC,Quickov test: PT_%,1562,-0.185,1.9440260093754806e-13,1.923737887470783e-12
Imunoblot ANA: SS-B/La,CCP,197,0.184,0.009633738903558753,0.029855191831370125
Kreatinín_S,Krvný obraz: Erytrocyty_RBC,50,-0.184,0.2002595742681607,0.3556748882654808
Imunoblot ANA: SmD1,Imunoblot ANA: SS-B/La,414,0.184,0.00016388919742537421,0.0007539377778735715
CRP_S,Kálium-S,5190,-0.184,1.0034481424726833e-40,2.3876052618460512e-39
Glukóza_CSF,Elementy_CSF: Le_CSF,71,-0.184,0.12431520526782078,0.24739153529840632
Krvný obr._DIFF_RET: Stredný objem_RBC,Krvný obr._DIFF_RET: Retikulocyty_%,299,0.184,0.0013862288240170714,0.00534387847025513
ELFO_S: Albumín,C4_S,1052,-0.184,1.9748537921786756e-09,1.518915997785851e-08
T4f_S,NT-proBNP,38,0.184,0.2680802770380112,0.43928656178036757
IgM_S,alfa1 AT_S,318,0.184,0.0009908103422808063,0.0039613707391503855
ASLO_S,T4f_S,129,-0.184,0.036516658195772836,0.09238961749014131
Bielkoviny_S,Cholest-HDL_S,654,0.184,2.2167703878186878e-06,1.3149525932597688e-05
Proteinúria kvant._U,Nátrium_U (zbieraný),53,0.184,0.18695479516482588,0.33799767037055745
Imunoblot ANA: Mi-2,ANA  HEp-2,217,0.184,0.006444800803542969,0.02097531736931787
Bili-priamy_S,Vitamin D total,70,0.184,0.12785615856561935,0.2534384322519126
Urea_S,ABR_kapilára: PO2_B,35,0.184,0.29070169347178665,0.4649616965322912
Urea_S,ABR_kapilára: PCO2_B,35,-0.184,0.2902435993924843,0.46434590454305025
Quickov test: PT_%,Lupus antikoagulans1,33,-0.184,0.30484581759496754,0.4798526955353887
T Ly_CD3+,Ak.TLyCD3+HLADR+_ap,359,0.184,0.00045446927845409105,0.0019548025226938663
Nátrium-S,ABR_kapilára: PO2_B,50,-0.184,0.20045037503924928,0.35591426289109857
Glukóza_ S,Kys. močová_S,1181,0.184,1.9262085246962505e-10,1.5933857757025103e-09
LD_S,IgA_S,803,-0.184,1.5765859091512827e-07,1.0433385709206352e-06
Krvný obraz_RET: Stred. far.konc._HGB,Krvný obraz_RET: Stredný objem_PLT,30,-0.183,0.3339835905635504,0.5127592438014104
Nátrium-S,ELFO_S: Albumín,601,0.183,6.098571276356873e-06,3.4408724084098764e-05
ASLO_S,Močový sediment A: Hyalínové valce,45,-0.183,0.22966802844502499,0.39233153662577136
GMT_S,AFP_S,82,0.183,0.09893609949288444,0.2071658009486799
IgA_S,CK-MB_S,43,-0.183,0.24042614183078595,0.40547095907471364
Bielkoviny_S,Močový sediment A: Erytrocyty,99,-0.183,0.07058123130522495,0.15794384025434804
Kalcium ionizované_S,Prealbumín_S,106,0.183,0.06022574682884855,0.13969119007071004
IgA_S,Meď_S,127,-0.183,0.03995450774312218,0.09977633163995882
Horčík-S,FE_ Kália,50,0.183,0.2023243280581159,0.35834024425793426
Bili-celkový_S,Amyláza_U (jednoráz),67,-0.183,0.1382420915330954,0.26948512043870976
Chloridy-S,ABR_kapilára: O2_B sat,50,-0.183,0.20228709663408612,0.35834024425793426
Krvný obraz: Stredný objem_PLT,Fibrinogén,1385,-0.183,6.483138364664009e-12,5.943344593176111e-11
Foláty,Ceruloplazmín,166,0.183,0.0180695260149294,0.051339757948500216
Triacylglyceroly_S,Fosfor_S,170,-0.183,0.016722024655742535,0.04807014599001463
ASCA IgA,DGP IgA,70,0.183,0.12938146277106416,0.25543528301573043
LD_S,Železo_S,325,0.183,0.0009353516448816777,0.003760942405021075
B Ly_ CD19+,CCP,59,-0.182,0.16708643949125493,0.31183905701760944
Aktiv.TLy_CD3+HLADR+,B Ly _CD19+_ a.p.,354,-0.182,0.0005939426341372224,0.002497232001769539
Krvný obr._DIFF_5pop: Stredný objem_RBC,Krvný obr._DIFF_5pop: Lymfocyty_#,5477,-0.182,3.535433270027199e-42,8.773674829876093e-41
Nátrium-S,Saturácia Trf,240,-0.182,0.0046484416683626,0.015809180898879872
Močový sediment: Leukocyty,Prealbumín_S,66,-0.182,0.14248650736271543,0.27576480787521035
Krvný obr._DIFF_5pop: Hematokrit_HCT,Krvný obr._DIFF_5pop: Neutrofily_%,5473,-0.182,4.636761530786773e-42,1.146200233661026e-40
ALT_S,HbA1c,55,0.182,0.18321053885017655,0.3334106425995908
ELFO_S: gama_globulín,Prokalcitonín_S,85,-0.182,0.09619949710841043,0.20230235191318485
ALP_S,Feritin_S,835,0.182,1.1246594443418826e-07,7.584884766352421e-07
Cholest-celk._S,Vitamin D total,50,-0.182,0.2067332546163775,0.36301170994412557
Prokalcitonín_S,ABR_artéria: PO2_B,77,0.182,0.112741300717632,0.22875933678029894
Kálium-S,FE_ Kalcia,50,0.182,0.2051528757887089,0.3614354464463859
AST_S,Ceruloplazmín,277,0.182,0.0023153628329640966,0.00850751884200168
Kalcium-S,FE_Fosforu,50,0.182,0.20703897186112213,0.36344807632873966
Krvný obr._DIFF_5pop: Monocyty_#,Diff.rozpočet_ WBC: Monocyty,203,0.182,0.009358310668917636,0.029101002290569625
Imunoblot ANA: Ku,Imunoblot Liver Pro: SLA,164,0.182,0.019526487158397082,0.05462242615190743
Urea_S,Močový sediment A: Hyalínové valce,154,0.182,0.023915058766508433,0.06451480609071256
Krvný obr._DIFF_5pop: Monocyty_%,Quickov test: PT_INR,1561,0.181,5.969950518963047e-13,5.7465296434806426e-12
Krvný obr._DIFF_5pop: Hematokrit_HCT,Krvný obr._DIFF_5pop: Lymfocyty_#,5477,0.181,1.3209368538250127e-41,3.2152918897893894e-40
CRP_S,IgG_S,1103,0.181,1.4960668740449828e-09,1.160502179585809e-08
GF(S)- MDRD,Krvný obr._DIFF_5pop: Stred.far.konc._HGB,41,-0.181,0.2576066707695316,0.4267415182354387
Imunoblot ANA: Histones,Imunoblot Liver Pro: AMA-M2,164,0.181,0.02071714372108624,0.05736774368787225
Krvný obr._DIFF_5pop: Stredný objem_PLT,Diff.rozpočet_ WBC: Lymfocyty,208,-0.181,0.008956576435961946,0.02804392809150628
Krvný obr._DIFF_5pop: Monocyty_#,Quickov test: PT_INR,1561,0.181,5.375353347541562e-13,5.182036391036653e-12
Imunoblot ANA: AMA-M2,Imunoblot ANA: Mi-2,419,0.181,0.00020036660416158816,0.0009098849437016224
"ELFO_S: beta1,2_globulín",CIK_S,181,-0.181,0.014491767124962418,0.04260351529147906
ALP_S,Amyláza_U (jednoráz),63,-0.181,0.15644442286651694,0.2963799280599517
Krvný obr._DIFF_RET: Neutrofily_#,Krvný obr._DIFF_RET: Stredný objem_PLT,274,-0.181,0.0026977466005306183,0.009749023977912979
ELFO_S: Albumín,anti TG II,31,-0.181,0.32944160795773025,0.5081190908850353
GMT_S,Krvný obr._DIFF_5pop: Trombocyty_PLT,30,-0.18,0.33993092418643955,0.5197547921435501
Tub. resorbcia,Addisov sediment: Valce,55,-0.18,0.18779099437530034,0.3390441597577613
ELFO_S: alfa2_globulín,Transferín_S,300,0.18,0.001760197385113399,0.0066921208782916965
Krvný obr._DIFF_5pop: Monocyty_%,Factor V,45,-0.18,0.23682029923201398,0.4012051629389293
Kálium-S,Addisov sediment: Leukocyty,46,-0.18,0.2324765017369789,0.39532205983271596
Imunoblot ANA: Mi-2,CCP,197,0.18,0.01144278335899009,0.034683207385335896
Moč chemicky _ úplne: pH,IgA_S,176,-0.18,0.016983946634374195,0.048778938954873084
IgM_S,Meď_S,140,-0.18,0.03321207150736614,0.08548520392049798
AST_S,CRP_S,6499,0.18,1.7099727737670178e-48,4.743867699450596e-47
ANA  HEp-2,SLA a LP,33,0.18,0.3154532628661436,0.4919181588091827
Nátrium-S,Proteinúria kvant._U,80,-0.18,0.10955723336519542,0.22387169622678885
ELFO_S: Albumín,Fosfor_S,157,0.179,0.024502893439756476,0.06596054322998851
Kys. močová_S,Vitamín B12,68,-0.179,0.1433001679330322,0.27696561207135795
Bili-priamy_S,CK-MB_S,587,0.179,1.3498299668448837e-05,7.316953736660022e-05
Cholest-HDL_S,NT-proBNP,46,-0.179,0.23411087505988712,0.39767550514851946
CK-celková_S,C3_S,585,-0.179,1.374710163489915e-05,7.432794611618238e-05
Beta2 mikroglob. _S,AFP_S,47,0.179,0.22819957934595986,0.3907687136347393
Reumat. faktor_S,ELFO_S: alfa1_globulín,953,0.179,2.5388081463110104e-08,1.8102186479813524e-07
Nátrium-S,Lipáza_S,366,0.179,0.0005981775815861479,0.002511713268880897
Cholest-celk._S,anti TPO_S,40,-0.179,0.26848267729568254,0.4398325035738709
Imunoblot ANA: CENP-B,Imunoblot ANA: Scl-70,419,0.179,0.00022831601004927123,0.0010265333417148056
Kálium-S,Močový sediment A: Erytrocyty,125,-0.179,0.04608214543733914,0.11242698539301672
ALT_S,Etanol v sére,157,0.178,0.025903961473192363,0.06923883841653371
Glukóza_ S,Osmolalita_S,76,0.178,0.12418233763018445,0.24731360218324824
Imunoblot ANA: PM-Scl,LC1,112,0.178,0.059972398695059354,0.1393579549779488
Kalcium-S,GF(S+U)-deti,48,-0.178,0.226974974801528,0.38904286383561043
Glukóza_ S,Močový sediment A: Hyalínové valce,141,0.178,0.03433910326363517,0.08785777322498069
Krvný obr._DIFF_5pop: Bazofily_%,Diff.rozpočet_ WBC: Eozinofily,157,0.178,0.025676901759987495,0.06874224900177014
Bili-priamy_S,C3_S,247,-0.178,0.005096290343672453,0.017148693089698675
Reumat. faktor_S,Močový sediment A: Leukocyty,43,-0.178,0.2537655871863141,0.42192430656756175
Reumat. faktor_S,Močový sediment A: Hyalínové valce,43,-0.178,0.2521701457355613,0.42004114731463577
Krvný obr._DIFF_5pop: Neutrofily_%,Antitrombín III,81,-0.177,0.1132860594260535,0.22951867556491254
Albumín_S,Parathormón_S,32,-0.177,0.3317466513996431,0.510435087513183
ALT_S,AFP_S,82,-0.177,0.11181644563802993,0.22750752740668145
ALP_S,ABR_artéria: HCO3_B -  stand.,30,0.177,0.34948376891572674,0.5300239636957775
Glukóza_ S,Močový sediment A: Epitélie,142,-0.177,0.03492275175670567,0.08899488243495833
IgM_S,Moč chemický A: Špec. hmotnosť,39,-0.177,0.28165719439648745,0.45426965118072726
Urea_S,Krvný obr._DIFF_5pop: Monocyty_%,48,0.177,0.22761394721796552,0.38987096432346585
Krvný obr._DIFF_5pop: Stredná konc._HGB,APTT: APTT_ratio,1492,0.177,5.778128643907406e-12,5.312366320512843e-11
Cholest-HDL_S,Moč chemický A: Špec. hmotnosť,49,0.177,0.22491959787028432,0.3865064120286492
Cholest-LDL_S,alfa1 AT_S,77,-0.177,0.12433829249296575,0.24739153529840632
p-ANCA,dsDNA IgG,224,0.177,0.008029136085300847,0.025479071703254884
Bili-celkový_S,IgM_S,518,0.177,5.069282579971173e-05,0.00025101443671517426
ELFO_S: alfa1_globulín,Moč chemický A: UBG,38,0.177,0.2865066237729172,0.46009220831075626
Transferín_S,IGG4,50,0.177,0.21873323181221488,0.3782766040830302
GMT_S,Cholest-HDL_S,748,-0.177,1.0813833654148444e-06,6.6185245862047264e-06
Krvný obr._DIFF_5pop: Eozinofily_%,APTT: APTT_sekundy,1492,0.177,5.888980322101485e-12,5.406458379524673e-11
CRP_S,ABR_artéria: PO2_B,101,0.177,0.07628551353515625,0.1683368765157512
CRP_S,Močový sediment A: Baktérie,143,0.177,0.03441772491915588,0.08791950398528238
ABR_artéria: HCO3_B - akt.,ABR_artéria: PO2_B,298,-0.177,0.0021553208667692684,0.00799343459812327
LD_S,Močový sediment A: Erytrocyty,32,0.177,0.33137482645511007,0.5101100732903596
ALT_S,APTT: APTT_ratio,39,0.177,0.28054781084717645,0.45303070289865216
Krvný obr._DIFF_5pop: Bazofily_%,Krvný obr._DIFF_5pop: Monocyty_%,5474,0.176,3.3307638797346266e-39,7.722752893413899e-38
Kys. močová_S,Triacylglyceroly_S,551,0.176,3.129177272705293e-05,0.00016070867593772614
Triacylglyc._ascites,Glukóza_pleur.punkt.,46,-0.176,0.24122628940583035,0.4062859534982079
IgG_S,anti TG II,31,0.176,0.34398773469996136,0.5240686685564405
ASLO_S,TSH_S,147,-0.176,0.03265354997536045,0.0843448938828044
Proteinúria kvant._U,Chloridy_U (zbieraný,53,0.176,0.20869672222344912,0.3654493595053948
C3_S,Močový sediment A: Zhluky leukocytov,36,-0.176,0.3047846661854641,0.4798526955353887
Krvný obr._DIFF_5pop: Monocyty_%,Quickov test: PT_%,1561,-0.176,2.6969646614889948e-12,2.5196788962411154e-11
Horčík-S,Kreatinín_U (zbier.),80,-0.176,0.11891032594708832,0.2389112273060886
Krvný obr._DIFF_5pop: Eozinofily_%,APTT: APTT_ratio,1492,0.176,7.994225564824656e-12,7.265710302336343e-11
Imunoblot ANA: dsDNA,Imunoblot Liver Pro: AMA-M2,164,0.176,0.0239939588453077,0.0646727282750275
Urea_S,Solub.transf.recep_S,57,-0.176,0.19049262686320564,0.3425416525507913
Reumat. faktor_S,Močový sediment: Erytrocyty,107,-0.176,0.0697689657994544,0.15667806282217525
Krvný obr._DIFF_5pop: Leukocyty_WBC,Factor V,45,-0.176,0.24859477895900473,0.4151741931457826
Bili-celkový_S,Amoniak_P,94,0.176,0.09038142642799471,0.19333104447712135
GF(S)- MDRD,Močový sediment A: Leukocyty,126,-0.176,0.049238701979077634,0.11876458676861505
Krvný obr._DIFF_RET: Eozinofily_%,Krvný obr._DIFF_RET: Lymfocyty_#,298,0.176,0.002309452428074237,0.008490712543724322
Chloridy-S,Krvný obr._DIFF_5pop: Monocyty_#,52,-0.176,0.21116987770576032,0.36884128271219335
Imunoblot ANA: SS-A/Ro60kD,Imunoblot ANA: SS-B/La,415,0.176,0.00031634331720371156,0.001397586296380514
C4_S,CIK_S,199,-0.176,0.013047194458888592,0.03900650653991493
CRP_S,Nátrium-S,5196,-0.176,1.6207786819861198e-37,3.550623091950972e-36
IgA_S,anti TG_S,49,-0.176,0.2270080113707867,0.38904286383561043
Krvný obr._DIFF_RET: Bazofily_#,Krvný obr._DIFF_RET: Monocyty_%,298,0.175,0.0024544516134869434,0.008977047265677923
"ELFO_S: beta1,2_globulín",Močový sediment A: Erytrocyty,39,-0.175,0.285320935262667,0.45878104321025653
Krvný obr._DIFF_RET: Bazofily_%,Krvný obr._DIFF_RET: Lymfocyty_#,298,0.175,0.0024291901463433254,0.008889772465276006
Krvný obr._DIFF_5pop: Erytrocyty_RBC,Diff.rozpočet_ WBC: Eozinofily,158,-0.175,0.027414111231205986,0.07262796023847025
Chloridy-S,ELFO_S: Albumín,543,0.175,4.003712007030171e-05,0.00020075439921596433
IgM_S,CVK_S,97,-0.175,0.08580667238759947,0.18569244020644715
Moč chemicky _ úplne: Bielkoviny,ASLO_S,196,-0.175,0.01391601680013714,0.041216062811781466
Glukóza_ S,Interleukín -6,257,0.175,0.004828689257807015,0.016309360992563686
Saturácia Trf,Ceruloplazmín,253,-0.175,0.005295844434090111,0.017728221765529222
Krvný obr._DIFF_5pop: Hemoglobín_HGB,Krvný obr._DIFF_5pop: Lymfocyty_#,5477,0.175,9.587123348393908e-39,2.190899087494478e-37
Imunoblot Liver Pro: LKM1,AMAM2,147,0.175,0.033786426526386575,0.08676037498873643
CRP_S,Chloridy-S,5117,-0.175,1.38109718631424e-36,2.9344850918576473e-35
Foláty,alfa1 AT_S,81,-0.175,0.11807054997670147,0.2373741151905014
Kreatinín_S,ELFO_S: alfa2_globulín,1224,-0.175,7.726908167601053e-10,6.136130948596186e-09
Fosfor_S,Beta2 mikroglob. _S,56,-0.174,0.1986828183935101,0.353665437168386
Krvný obr._DIFF_RET: Monocyty_#,Krvný obr._DIFF_RET: Lymfocyty_%,298,-0.174,0.002558110538842383,0.009318621704854164
Imunoblot Liver Pro: AMA-M2,SLA a LP,137,0.174,0.04247060722699442,0.10491933507173279
Chloridy-S,NT-proBNP,207,-0.174,0.012162594790058264,0.036482041879716785
Imunoblot ANA: Rib-PO,Imunoblot ANA: SS-B/La,415,0.174,0.00035517209128239143,0.0015507960796680637
Kreatinín_S,Krvný obr._DIFF_5pop: Eozinofily_#,48,0.174,0.23764914956436933,0.40218035353820947
Kálium-S,Krvný obr._DIFF_5pop: Stred.far.konc._HGB,52,-0.174,0.21841775985265435,0.3779306450304141
Kálium-S,Bili-priamy_S,3829,-0.174,2.927110028841421e-27,5.094775346090287e-26
Cholest-HDL_S,alfa1 AT_S,188,-0.174,0.016947206545237344,0.04869543337037216
Krvný obraz: Stredný objem_PLT,Quickov test: PT_%,1428,-0.174,3.689500455491595e-11,3.1977348422562214e-10
Krvný obr._DIFF_RET: Stredný objem_RBC,Krvný obr._DIFF_RET: Eozinofily_#,298,-0.174,0.00258108735384733,0.00937008454799548
Addisov sediment: Erytrocyty,Osmolalita_U (jednor,32,-0.174,0.34142885003436174,0.5212923538255948
Horčík-S,GF(S)-Cockroft,32,-0.174,0.34076682369252553,0.5206569578928847
Krvný obr._DIFF_5pop: Erytrocyty_RBC,Diff.rozpočet_ WBC: Neutrofil.nesegmenty,131,-0.174,0.046505412719961614,0.11324514585651428
Chloridy-S,FE_H2O,50,-0.174,0.22734397236151113,0.38951355350935285
CA 72-4_S,PSAc_S,30,0.174,0.35802112238491735,0.5378031723389031
Bili-priamy_S,Amoniak_P,93,0.174,0.09582455691916594,0.20174036131563947
Krvný obraz: Stredný objem_PLT,Quickov test: PT_INR,1426,0.174,4.14953260184028e-11,3.576930884598548e-10
Glukóza_ S,Krvný obr._DIFF_5pop: Hematokrit_HCT,34,-0.174,0.32559681188862744,0.5034111817786444
ELFO_S: gama_globulín,Močový sediment A: Kvasinky,39,0.173,0.2922984502154169,0.4661074433279477
Imunoblot ANA: Nucleosomes,Imunoblot Liver Pro: SLA,164,0.173,0.026935065807984087,0.07162765721143696
Glukóza_ S,Krvný obr._DIFF_5pop: Stred.far.konc._HGB,34,-0.173,0.32672696494440534,0.5046672521983484
Nátrium-S,Močový sediment A: Baktérie,125,-0.173,0.05362936240116346,0.1272720729677219
AST_S,anti TG II,48,0.173,0.23915754255996272,0.4038082520623367
Nátrium-S,ABR_kapilára: PCO2_B,50,0.173,0.22986182052165596,0.39245153071058325
GF(S)- MDRD,Prealbumín_S,152,-0.173,0.03356233552261443,0.08621978066120883
IgM_S,C4_S,1048,-0.173,1.7005832748385266e-08,1.2305017705067379e-07
Kalcium-S,Vitamín B12,120,-0.173,0.05809455398137677,0.13617038111567412
Krvný obraz_RET: Nezrelé formy RET,Krvný obraz_RET: Stredná konc._HGB,34,0.173,0.32671579685579655,0.5046672521983484
Albumín_S,Amyláza_S,1334,0.173,1.8043471195658597e-10,1.498433627529661e-09
Krvný obr._DIFF_5pop: Hematokrit_HCT,Krvný obr._DIFF_5pop: Stredná konc._HGB,5478,0.173,4.147163416076511e-38,9.244536555204938e-37
ELFO_S: alfa2_globulín,CIK_S,181,-0.173,0.02014891885781122,0.05604150493597252
Cholinesteráza_S,Haptoglobín_S,53,0.173,0.2151845212999048,0.3736177271982223
Chloridy-S,ABR_kapilára: HCO3_B -  stand.,50,-0.173,0.22929293792662794,0.391901542816214
Imunoblot Liver Pro: SLA,SLA a LP,137,0.173,0.042938039366917945,0.1059997615444702
GMT_S,Nátrium-S,4530,-0.173,1.1060012038558546e-31,2.1422029414927575e-30
Krvný obr._DIFF_5pop: Monocyty_#,Factor V,45,-0.172,0.25955937632506887,0.42897521274535966
IgG_S,Fosfor_S,162,-0.172,0.02848930604575895,0.07491413961453089
Bili-priamy_S,"ELFO_S: beta1,2_globulín",491,-0.172,0.00012625546019837258,0.0005932699250297788
Bili-celkový_S,ABR_artéria: PCO2_B,93,-0.172,0.100114060404012,0.20921862689035797
ALT_S,CRP_S,6432,0.172,6.342157705595502e-44,1.605248123651324e-42
AST_S,Krvný obraz: Stredná konc._ HGB,30,0.172,0.36302870757557393,0.5431750775382999
Imunoblot ANA: SmD1,Imunoblot Liver Pro: Sp100,163,0.172,0.02809851257719103,0.07413199767562069
Urea_S,Krvný obraz: Stredná konc._ HGB,49,0.172,0.23779040782324135,0.4023122399203868
LD_S,ELFO_S: Albumín,805,-0.172,9.529311321677739e-07,5.871941302290851e-06
Bili-celkový_S,Močový sediment A: Erytrocyty,92,0.172,0.1013899861700173,0.21111221387047283
Krvný obr._DIFF_RET: Stred. far.konc._HGB,Krvný obr._DIFF_RET: Leukocyty_WBC,299,-0.172,0.0029065570853245067,0.010397160564789749
Krvný obr._DIFF_5pop: Hematokrit_HCT,APTT: APTT_sekundy,1492,-0.172,2.021591064624639e-11,1.7788321376122343e-10
Železo_S,Vitamin D total,65,0.172,0.17065567817072874,0.316732551393117
GMT_S,IgG_S,1211,0.172,1.5848914789043417e-09,1.2249167354597667e-08
LD_S,Cholest-celk._S,117,0.172,0.06331788578916492,0.14530638084033645
Foláty,Haptoglobín_S,103,0.172,0.0816096878946114,0.17822837648486292
Glukóza_ S,Krvný obr._DIFF_5pop: Monocyty_#,34,-0.172,0.3299659956901896,0.5086808955641288
Reumat. faktor_S,AFP_S,33,0.171,0.3410074693157862,0.5208993634439022
ELFO_S: Albumín,Cholest-celk._S,284,0.171,0.0037680272886340127,0.013059616674681878
Urea_S,Krvný obr._DIFF_5pop: Bazofily_%,48,0.171,0.24435576389399888,0.4098184181675224
ELFO_S: alfa1_globulín,Močový sediment A: Zhluky leukocytov,39,-0.171,0.2973087332725854,0.4712851047139021
LD_S,Cholest-HDL_S,73,-0.171,0.14717656337945959,0.28265196709483276
Močový sediment: Leukocyty,CK-MB_S,51,-0.171,0.22952282427487117,0.39218894637392593
Kalcium-S,IgA_S,353,-0.171,0.0012684027244116733,0.004936706146491202
Krvný obr._DIFF_RET: Stredná konc._HGB,Krvný obr._DIFF_RET: Monocyty_#,298,-0.17,0.0031655177730004363,0.011216137429934062
Krvný obr._DIFF_RET: Stredná konc._HGB,Krvný obr._DIFF_RET: Neutrofily_#,298,-0.17,0.0032764857711719505,0.011564174502364112
Kálium-S,Chloridy_U (zbieraný,53,0.17,0.22364071501694113,0.38503779471615907
Krvný obr._DIFF_5pop: Eozinofily_#,Diff.rozpočet_ WBC: Neutrofil.nesegmenty,128,-0.17,0.05501900121790224,0.13003560816121018
Krvný obr._DIFF_RET: Stredný objem_RBC,Krvný obr._DIFF_RET: Monocyty_#,298,-0.17,0.0031848323588768977,0.011271999986598847
Feritin_S,alfa1 AT_S,190,0.17,0.01872707893816092,0.05294754450117327
ABR_artéria: PCO2_B,Laktát_P_artéria,98,0.17,0.09465478566489817,0.19980148917849555
Bili-priamy_S,Ceruloplazmín,256,0.17,0.006390575443384573,0.02083084955968301
Quickov test: PT_%,Krvný obr._DIFF_RET: Monocyty_%,105,-0.17,0.08386264308022345,0.1825205430671309
Reumat. faktor_S,Vitamín B12,127,0.169,0.056906897500552306,0.1338007105185081
Triacylglyceroly_S,CK-MB_S,48,0.169,0.2508847144049079,0.4183952403637584
CK-celková_S,Kys. močová_S,806,0.169,1.3741983496707598e-06,8.314554395674608e-06
Glukóza_ S,Krvný obraz: Stred. far.konc._HGB,41,-0.169,0.2916626913651921,0.465748375617086
Glukóza_ S,Krvný obraz: Šírka dist.kriv._RBC,41,0.169,0.29136874428660353,0.46555976671347893
Proteinúria kvant._U,GF-rozdiel,60,-0.169,0.19760475205980985,0.3519592947625113
Osmolalita_S,GF(S+U)-deti,41,0.169,0.29198586675245103,0.46595986221510205
Quickov test: PT_%,Krvný obr._DIFF_RET: Monocyty_#,105,-0.169,0.08442103595299381,0.18342231238350534
Feritin_S,CK-MB_S,40,0.169,0.29595497479995436,0.47025313195566976
Chloridy-S,ABR_kapilára: BE_B,50,-0.169,0.24071599279308656,0.40564156557413233
IgE celkové FOOKE,ASCA IgA,63,0.169,0.18660026389187026,0.3375488258841263
Krvný obr._DIFF_5pop: Monocyty_#,Krvný obr._DIFF_5pop: Neutrofily_%,5473,0.169,1.7275234338075943e-36,3.6461649086311115e-35
IgG_S,Triacylglyceroly_S,273,-0.169,0.005167727058752528,0.017352309727407405
CK-celková_S,IgM_S,594,-0.169,3.472146348236915e-05,0.00017689290898435542
Imunoblot Liver Pro: LC1,LKM1,139,0.168,0.047499713710534595,0.11508442011249968
Chloridy-S,FE_Chloridov,50,-0.168,0.24397326037745942,0.40928495462846576
ELFO_S: alfa2_globulín,Cholest-LDL_S,140,0.168,0.04737664459942103,0.11496708294122299
Glukóza_ S,AFP_S,72,0.168,0.15913083001150222,0.29998758547865684
Močový sediment: Leukocyty,C3_S,130,0.168,0.056650355560348815,0.13329618847218372
Imunoblot Liver Pro: gp210,LC1,116,0.168,0.0707758960759002,0.15821226874391062
Krvný obraz_RET: Erytrocyty_RBC,Krvný obraz_RET: Retikulocyty_#,34,-0.168,0.3423481266643018,0.5224447871002424
ELFO_S: alfa2_globulín,Kys. močová_S,319,-0.168,0.0025417006467878586,0.009269474287625297
Imunoblot ANA: Mi-2,AMAM2,144,0.168,0.04401354711706342,0.1080858387455369
dsDNA IgG,AMAM2,38,0.168,0.3124782529197744,0.4885981641150201
Bili-priamy_S,Močový sediment A: Kryštály,91,0.167,0.11380239787698507,0.23032387184214276
Krvný obr._DIFF_5pop: Monocyty_#,D_dimer INOV,208,0.167,0.015678624738503535,0.04564908476797111
Krvný obraz_RET: Retikulocyty_#,Krvný obraz_RET: Stred. far.konc._HGB,34,-0.167,0.3457369269475685,0.5257220432977269
Kálium-S,Krvný obr._DIFF_5pop: Neutrofily_#,52,-0.167,0.23609443634090152,0.4001888884935292
Moč chemicky _ úplne: pH,TSH_S,79,-0.167,0.1412354319777569,0.2739751753754777
Chloridy-S,Moč chemický A: UBG,128,-0.167,0.05967694334790392,0.1388237352944832
Moč chemicky _ úplne: pH,ELFO_S: Albumín,186,0.167,0.02312058295549628,0.06295973575493694
Amyláza_S,Interleukín -6,111,0.167,0.07914807543176143,0.17356842361683822
AST_S,Interleukín -6,266,0.167,0.006199300658204242,0.020322062477591097
ALT_S,IGG4,86,0.167,0.12402729212531165,0.2471597825822161
Albumín_S,CIK_S,188,0.167,0.022226252730029983,0.06091604123981039
Chloridy-S,ABR_kapilára: PO2_B,50,-0.167,0.24523046884033056,0.41095994949686626
Krvný obraz: Leukocyty_WBC,Fibrinogén,1450,0.167,1.456931822057467e-10,1.2178799823067222e-09
Kreatinín_S,Moč chemicky _ úplne: pH,769,-0.167,3.3119181391095784e-06,1.9374416148953176e-05
Glukóza_ S,Krvný obr._DIFF_5pop: Bazofily_%,34,-0.167,0.3454678582296219,0.5255690330771884
Chloridy-S,Močový sediment A: Spermie,127,0.167,0.06134808699559022,0.14188001335383496
"ELFO_S: beta1,2_globulín",Močový sediment A: Zhluky leukocytov,39,-0.166,0.3130918622637309,0.4894371557483963
IgG_S,Amoniak_B,84,0.166,0.1306003410370314,0.2571927980806759
Kálium-S,Krvný obr._DIFF_5pop: Šírka dist.kriv._RBC,52,0.166,0.2382880207261234,0.40267466026894483
Kys. močová_S,T4f_S,130,0.166,0.058785294233473485,0.1373025640681092
ANA,p-ANCA,279,0.166,0.0055088937606337235,0.018333159801627055
Krvný obraz: Stred. far.konc._HGB,D_dimer INOV,49,-0.166,0.25355353287862287,0.42179250965642606
Kálium-S,Moč chemicky _ úplne: Ketolátky,608,-0.166,3.7921726021842457e-05,0.00019105212166277964
ELFO_S: Albumín,NSE_S,31,0.166,0.37170881274541245,0.5520023579643771
Amyláza_S,Močový sediment A: Spermie,45,-0.166,0.2754597427818514,0.44756924447393914
Nátrium-S,Ceruloplazmín,165,-0.166,0.0334230800597254,0.08589677492695609
IgM_S,Prokalcitonín_S,68,-0.166,0.17500210411944253,0.3225379656138145
Krvný obr._DIFF_5pop: Stred.far.konc._HGB,Fibrinogén,1499,-0.166,9.263782052766743e-11,7.805412119526143e-10
ELFO_S: Albumín,Kalcium ionizované_S,134,0.166,0.05466075888764406,0.12938144605558968
Albumín_S,Solub.transf.recep_S,60,-0.165,0.20650599306279208,0.36292316414471243
ELFO_S: alfa2_globulín,anti TG II,31,0.165,0.37380274083247234,0.5536882286100948
Cholest-celk._S,Moč chemický A: Špec. hmotnosť,55,-0.165,0.22993830130822424,0.3924766330497444
Imunoblot Liver Pro: gp210,AMAM2,147,0.165,0.045882742896446956,0.11202654328252402
ALT_S,Cholest-HDL_S,740,-0.165,6.3622818775453e-06,3.576953696287194e-05
Nátrium-S,CVK_S,127,0.165,0.06314290470640348,0.14518526007954444
IgM_S,TSH_S,210,0.165,0.016494671818011414,0.04758880786033346
Kys. močová_S,Foláty,67,0.165,0.18289706201647588,0.3330309644570568
Kálium-S,Krvný obr._DIFF_5pop: Lymfocyty_#,52,0.165,0.2421991541792124,0.4071275393613284
Fosfor_S,Ceruloplazmín,30,0.165,0.38277999577150157,0.5638305850072686
"ELFO_S: beta1,2_globulín",Vitamín B12,173,-0.164,0.03148527210762403,0.08177675130815022
Krvný obr._DIFF_5pop: Šírka dist.kriv._RBC,Krvný obr._DIFF_5pop: Neutrofily_%,5469,0.164,2.323819175211753e-34,4.762330071006538e-33
Nátrium_U (zbieraný),GF(S)-Shull,48,-0.164,0.2643425772048037,0.43501692329448344
AST_S,Chloridy-S,4957,-0.164,2.5842350249992137e-31,4.960013629552871e-30
Nátrium-S,Amyláza_U (jednoráz),76,0.164,0.1566858679789545,0.29652228753955856
Urea_S,Interleukín -6,303,0.164,0.004279107257140216,0.014678816633159716
Imunoblot ANA: AMA-M2,dsDNA IgG,218,0.164,0.01520783889291114,0.04446175816229382
Krvný obraz: Stredná konc._ HGB,D_dimer INOV,49,-0.164,0.261005835734765,0.430693525824146
Imunoblot ANA: Ku,SLA a LP,135,0.164,0.05734022930041937,0.13471985086744243
Bili-celkový_S,Foláty,201,-0.164,0.020094893804225432,0.05597230828220378
ALT_S,Krvný obr._DIFF_5pop: Monocyty_%,38,0.164,0.3241608524833013,0.5021139000543721
ELFO_S: alfa2_globulín,Železo_S,373,-0.164,0.001494889297166748,0.005728004647105157
Albumín_S,Železo_S,935,0.164,4.382635444315357e-07,2.7842882977735465e-06
Cholest-celk._S,alfa1 AT_S,205,-0.163,0.019685431089849676,0.055020476776865376
Kalcium-S,Močový sediment A: Baktérie,84,-0.163,0.1392930398448903,0.2709518316394942
ABR_artéria: O2_B sat,ABR_artéria: BB_B,298,-0.163,0.0047418515377974785,0.016092405352365054
"ELFO_S: beta1,2_globulín",Kalcium ionizované_S,134,0.163,0.05921972406926068,0.13806345211450025
Cholest-celk._S,Močový sediment A: Hyalínové valce,56,0.163,0.23094689318770223,0.39377498991451215
ALP_S,Chloridy-S,4198,-0.163,1.7385563264134683e-26,2.9532214817392415e-25
IgM_S,anti TG_S,46,0.163,0.27769515056328814,0.45005032947157386
Bili-celkový_S,Kalcium-S,1572,-0.163,8.080595410212926e-11,6.826598755463126e-10
ALP_S,Kreatinín_U (zbier.),38,-0.163,0.3293544512309564,0.5081080205610164
IgA_S,CIK_S,188,-0.163,0.025158894923671873,0.06755471658921698
Krvný obraz: Hemoglobín_HGB,Fibrinogén,1450,0.163,4.4226566433629286e-10,3.5701572624249914e-09
AST_S,Krvný obraz: Hematokrit_HCT,30,0.163,0.3904419224167627,0.5708809052045324
ABR_kapilára: HCO3_B - akt.,ABR_kapilára: PO2_B,102,-0.163,0.10097551389108252,0.21053411215951665
alfa1 AT_S,AFP_S,30,-0.163,0.39038847510978925,0.5708809052045324
Kreatinín_S,Krvný obraz: Hematokrit_HCT,50,-0.162,0.26078221360144266,0.43048774376296817
Nátrium-S,Močový sediment A: Kvasinky,126,-0.162,0.06931765225461779,0.15605068914726677
Transferín_S,T4f_S,53,-0.162,0.24700575033992997,0.41338976077702194
Imunoblot Liver Pro: gp210,DNP / Nucleo-h /,31,0.162,0.3845415371576957,0.5653766224399076
Imunoblot ANA: SmD1,ANA  HEp-2,217,0.162,0.017108182806381326,0.04904706018453997
T4f_S,Vitamin D total,83,-0.162,0.14386275479665095,0.27779724309827136
Glukóza_ S,Krvný obraz: Stredný objem_PLT,41,-0.162,0.3121824874881483,0.4882947912926151
ALT_S,Meď_S,161,0.162,0.039948163850006775,0.09977633163995882
Imunoblot ANA: AMA-M2,AMAM2,144,0.162,0.052180392588177534,0.12429772557656239
Kreatinín_S,ABR_kapilára: BB_B,32,0.161,0.37784540559587954,0.5580228147477693
IgA_S,Žlčové kyseliny,35,0.161,0.35517694248642007,0.5351575985110348
ELFO_S: gama_globulín,TSH_S,212,0.161,0.018783422718164824,0.053059619621387784
Albumín_S,IgG_S,1474,-0.161,4.901025680298836e-10,3.941293183156773e-09
Krvný obr._DIFF_5pop: Hemoglobín_HGB,Trombínový čas,131,-0.161,0.06620368527583718,0.1508579672013607
Triacylglyceroly_S,Močový sediment A: Hlienové vlákna,55,-0.161,0.24157733217651395,0.40644618414125877
ELFO_S: Albumín,Močový sediment A: Leukocyty,39,-0.161,0.32712232343162817,0.5050323501242123
ALP_S,TSH_S,618,0.161,5.910615611866223e-05,0.00029131218760423673
Kalcium-S,Vitamin D total,104,0.161,0.10206221052342923,0.2119636098850998
AST_S,Cholest-HDL_S,739,-0.161,1.0532368323972355e-05,5.783498714987528e-05
T4f_S,Foláty,56,-0.161,0.23593990755475766,0.4000711919094931
C3_S,Moč chemický A: pH,36,-0.161,0.3474567491802313,0.5279580788189451
Urea_S,GMT_S,6795,0.161,1.5420071573910541e-40,3.655362489143794e-39
Krvný obr._DIFF_5pop: Monocyty_#,Diff.rozpočet_ WBC: Neutrofil.nesegmenty,128,0.161,0.0693615295244082,0.15609415411568026
Kálium-S,GF-(S+U)-dospelí,38,0.16,0.33809490756150506,0.5174819681650173
Nátrium-S,ABR_kapilára: pH_B,50,-0.16,0.2679754090466348,0.4392280117836096
Ak.TLyCD3+HLADR+_ap,Imunoreg.index_IRI,354,-0.16,0.002614912059790857,0.00947122937049676
ELFO_S: gama_globulín,Moč chemický A: pH,39,0.16,0.32953802760371953,0.5081444391666093
Moč chemicky _ úplne: Ketolátky,Vitamín B12,40,0.16,0.32330904325258936,0.5015797359643187
Chloridy-S,Beta2 mikroglob. _S,131,-0.16,0.06812462775583376,0.15396505163031374
Horčík-S,Foláty,59,0.16,0.22484897834547896,0.38648959941256167
Amyláza_S,Ceruloplazmín,43,-0.16,0.30692545194088866,0.48207290210647474
Glukóza_ S,Krvný obr._DIFF_5pop: Leukocyty_WBC,34,-0.16,0.3659657163636839,0.5463151429036334
Osmolalita_S,Kreatinín_U (zbier.),42,0.16,0.31099834408284344,0.4868833119660681
"ELFO_S: beta1,2_globulín",Moč chemický A: UBG,38,0.16,0.3360327231118818,0.5152826188582633
TSH_S,alfa1 AT_S,76,0.16,0.16780089763504674,0.3127131424685984
GF(S)- MDRD,Feritin_S,714,-0.16,1.7183821738448647e-05,9.143117211420792e-05
Nátrium-S,Krvný obraz: Erytrocyty_RBC,50,0.16,0.2676737640457638,0.4388468188342548
Krvný obr._DIFF_5pop: Monocyty_%,Diff.rozpočet_ WBC: Neutrofilné segmenty,206,-0.16,0.021989773043929784,0.060319960340278894
Krvný obr._DIFF_5pop: Bazofilily_#,Krvný obr._DIFF_5pop: Monocyty_#,5474,0.16,1.0367468454700546e-32,2.0518544265642544e-31
Kálium-S,Horčík-S,1207,0.16,2.2649852364295685e-08,1.6240915583563261e-07
ELFO_S: alfa1_globulín,CIK_S,181,-0.16,0.03163844912182193,0.08214101645726796
Krvný obr._DIFF_5pop: Stredná konc._HGB,Krvný obr._DIFF_5pop: Lymfocyty_#,5477,-0.159,3.186430021864671e-32,6.247959854600697e-31
Moč chemicky _ úplne: Bielkoviny,Prealbumín_S,85,-0.159,0.14620964806685033,0.28173184536508955
Krvný obr._DIFF_RET: Erytrocyty_RBC,Krvný obr._DIFF_RET: Lymfocyty_%,298,0.159,0.006001575008461728,0.019775936736907345
Krvný obr._DIFF_5pop: Monocyty_%,APTT: APTT_sekundy,1491,0.159,6.502214282770072e-10,5.20259034489147e-09
Chloridy-S,AFP_S,45,-0.159,0.29596492148175757,0.47025313195566976
Quickov test: PT_INR,Krvný obr._DIFF_RET: Monocyty_#,105,0.159,0.10420595344103425,0.21536123038740748
Krvný obraz_RET: Nezrelé formy RET,Krvný obraz_RET: Stredný objem_RBC,34,0.159,0.37021929972159406,0.5505625494221178
Triacylglyceroly_S,CVK_S,54,-0.159,0.24988407285184266,0.4171081226557426
Imunoblot ANA: PCNA,ANA  HEp-2,217,0.159,0.019224209777395432,0.053985100064625625
APTT: APTT_sekundy,Krvný obr._DIFF_RET: Retikulocyty_#,104,-0.159,0.10709924082408401,0.22019465273637723
CRP_S,"ELFO_S: beta1,2_globulín",1082,0.159,1.4284945621600917e-07,9.54282434637546e-07
Glukóza_ S,Solub.transf.recep_S,49,-0.159,0.2756700375318965,0.44779640716955726
CK-celková_S,IgA_S,596,-0.159,9.514870906009228e-05,0.00045415458201259666
Krvný obraz: Trombocyty_PLT,Krvný obraz: Šírka dist.kriv._RBC,3759,-0.158,1.4654653520861412e-22,2.1854698079350364e-21
Chloridy-S,IgA_S,601,-0.158,0.00010180514984999865,0.0004833842428976393
"ELFO_S: beta1,2_globulín",Foláty,173,0.158,0.038224898796510774,0.09606122707841493
Imunoblot ANA: Nucleosomes,dsDNA IgG,218,0.158,0.019804907609701924,0.05528346170660987
ANA,SLA a LP,139,0.158,0.06393828588158765,0.14643112119889198
Nátrium-S,Solub.transf.recep_S,50,0.158,0.2718667724822936,0.4438186931902766
Kalcium-S,Nátrium_U (zbieraný),50,0.158,0.2720441855745453,0.4439498358476974
IgM_S,Cholinesteráza_S,62,-0.158,0.22139627824953342,0.3816907885262648
Diff.rozpočet_ WBC: Neutrofilné segmenty,Diff.rozpočet_ WBC: Eozinofily,211,-0.158,0.021354418899462282,0.058856669530708845
Moč chemicky _ úplne: Bielkoviny,Moč chemicky _ úplne: Ketolátky,1826,0.158,1.0475401970053533e-11,9.453157488032684e-11
ALT_S,Kreatinín_U (zbier.),41,0.158,0.32396963490964426,0.5019949001417
IgA_S,IgM_S,1577,0.158,2.8855417470499967e-10,2.359311032047443e-09
Glukóza_ S,ABR_artéria: PCO2_B,163,0.157,0.046032362063568213,0.11234867314246978
Krvný obr._DIFF_5pop: Eozinofily_#,APTT: APTT_sekundy,1492,0.157,1.010632820314716e-09,7.936403346674154e-09
Bili-priamy_S,NT-proBNP,156,0.157,0.05023412223541367,0.120748156852661
Kalcium-S,Tub. resorbcia,82,0.157,0.15871965377958658,0.29947904973617867
ALP_S,Prealbumín_S,156,-0.157,0.05058572010474857,0.12136370084043342
Imunoblot ANA: Histones,AMAM2,144,0.157,0.060894574854223456,0.14098514360381983
APTT: APTT_sekundy,Krvný obr._DIFF_RET: Monocyty_%,103,0.157,0.11333151571893207,0.22951867556491254
ELFO_S: Albumín,Močový sediment A: Hlienové vlákna,39,0.157,0.3400965094767635,0.5197577879975651
Krvný obr._DIFF_5pop: Stredný objem_RBC,APTT: APTT_ratio,1492,0.157,1.0933540705984921e-09,8.543761882548857e-09
ANA,AMAM2,153,0.157,0.05206435992068096,0.12406784642763921
Moč chemicky _ úplne: Ketolátky,Feritin_S,79,0.157,0.16816042275727125,0.3131076101339227
AST_S,CVK_S,138,-0.157,0.06526279603407277,0.14892763764528172
Kalcium-S,Addisov sediment: Leukocyty,45,-0.157,0.30421268560940296,0.4792122964732301
Imunoblot ANA: Jo-1,DNP / Nucleo-h /,97,-0.157,0.12519301034534522,0.24893621118121384
Bielkoviny_S,NT-proBNP,116,-0.157,0.09261525711762998,0.19658689225988463
AST_S,ABR_kapilára: O2_B sat,32,0.157,0.39018312939338196,0.5708809052045324
Kálium-S,Krvný obraz: Stred. far.konc._HGB,50,0.157,0.2763445847353849,0.4484334985501661
Krvný obraz_RET: Stredný objem_RBC,Krvný obraz_RET: Šírka dist.kriv._RBC,34,0.157,0.37566715985730603,0.5559313921671245
CK-MB_S,Troponín T hs,229,0.157,0.017508528613802806,0.04999176731842212
Imunoblot ANA: U1-sn RNP,Imunoblot ANA: Scl-70,419,0.156,0.001376881336084865,0.0053142935164927985
Močový sediment A: Zhluky leukocytov,Močový sediment A: Baktérie,473,0.156,0.0006479566970686189,0.0027046444786313637
Krvný obraz_RET: Nezrelé formy RET,Krvný obraz_RET: Stredný objem_PLT,30,-0.156,0.4114137892645927,0.5935319956737488
Krvný obr._DIFF_RET: Stred. far.konc._HGB,Krvný obr._DIFF_RET: Lymfocyty_#,298,-0.156,0.007085378638565795,0.02281470374597491
Nátrium-S,Krvný obraz: Stredná konc._ HGB,50,-0.156,0.2786505172122898,0.45090849104678477
Krvný obr._DIFF_5pop: Hemoglobín_HGB,APTT: APTT_ratio,1492,-0.156,1.3292296965498566e-09,1.0336103136084747e-08
Moč chemicky _ úplne: Ketolátky,ASLO_S,195,-0.156,0.029704193586914243,0.0777227108145248
Moč chemicky _ úplne: Bielkoviny,ELFO_S: Albumín,186,-0.156,0.03336218147326975,0.08577496515567896
CRP_S,Močový sediment A: Leukocyty,144,0.156,0.0622467617459512,0.14364463398911295
APTT: APTT_sekundy,D_dimer INOV,260,-0.156,0.011543103085639444,0.03493727198812167
Moč chemicky _ úplne: Bielkoviny,"ELFO_S: beta1,2_globulín",185,-0.156,0.033829214059525686,0.08678854737878504
T Ly_CD3+_ a.p.,CCP,59,0.156,0.23741298198397834,0.40188773635603897
Kys. močová_S,Močový sediment A: Erytrocyty,67,-0.156,0.20632509867291648,0.3627963885604867
Bili-priamy_S,Moč chemicky _ úplne: Bielkoviny,479,0.156,0.0006333198090041101,0.002645286486918548
Krvný obr._DIFF_5pop: Leukocyty_WBC,Diff.rozpočet_ WBC: Monocyty,206,-0.156,0.024795669270641592,0.06666393858501314
Cholest-celk._S,HbA1c,45,-0.156,0.30687496297135475,0.48207290210647474
Prokalcitonín_S,Močový sediment A: Kryštály,30,0.155,0.4126142042708818,0.5941947831989403
Kreatinín_S,Horčík-S,1064,0.155,3.9225021615742994e-07,2.4994640152940343e-06
Krvný obr._DIFF_5pop: Eozinofily_#,APTT: APTT_ratio,1492,0.155,1.6370596722861522e-09,1.2636986753382655e-08
Krvný obr._DIFF_5pop: Hemoglobín_HGB,Krvný obr._DIFF_5pop: Bazofily_%,5476,0.155,1.0661563450461249e-30,2.0401479699030216e-29
ANA,DNP / Nucleo-h /,103,0.155,0.11690250664518317,0.23539829626524522
Kálium-S,ABR_kapilára: BB_B,49,0.155,0.288029010569858,0.4618496476906381
Amyláza_S,Močový sediment A: Hyalínové valce,44,-0.155,0.3142984355818725,0.49071957759932067
Kálium-S,Amoniak_P,97,-0.155,0.1299317052942673,0.2561963506246289
Kreatinín_S,Krvný obraz: Trombocyty_PLT,50,-0.155,0.28291275615324707,0.4557911055540972
Urea_S,Krvný obr._DIFF_5pop: Leukocyty_WBC,48,-0.155,0.2922315937151866,0.4661074433279477
Urea_S,Fosfor_S,698,0.155,3.756270639804337e-05,0.00018954398232467795
Kálium-S,Moč chemicky _ úplne: Bielkoviny,610,-0.155,0.0001233159605987223,0.0005798862307059087
Imunoblot ANA: Scl-70,Imunoblot ANA: SS-B/La,415,0.155,0.001504291016075545,0.00575708483441442
Krvný obr._DIFF_RET: Monocyty_#,Krvný obr._DIFF_RET: Eozinofily_#,298,0.155,0.0074098562854071565,0.023716357000168498
Moč chemicky _ úplne: pH,Močový sediment: Valce,159,-0.155,0.050440453813886794,0.12106090029453072
Feritin_S,Amoniak_B,128,0.155,0.08002441051351876,0.1752482178532867
Bili-priamy_S,Kys. močová_S,715,0.155,3.1748533832893284e-05,0.00016279131189699032
AST_S,Glukóza_ S,5806,0.155,1.0722075720421699e-32,2.11544556061612e-31
ELFO_S: alfa2_globulín,Cholest-celk._S,284,0.155,0.008807733406109049,0.027618721781347874
Amyláza_S,Cholest-LDL_S,118,-0.155,0.09324596844471,0.19759560958280276
Krvný obr._DIFF_RET: Retikulocyty_%,Krvný obr._DIFF_RET: Bazofily_%,299,0.155,0.007161943773304253,0.023026229145648745
Železo_S,Ceruloplazmín,322,-0.154,0.005681142287506467,0.018828955393034714
Horčík-S,Močový sediment: Erytrocyty,123,0.154,0.08881580076963264,0.19092628157945846
Albumín_S,ABR_kapilára: pH_B,30,-0.154,0.4172823114456544,0.5982835758551664
Glukóza_ S,ABR_artéria: O2_B sat,163,0.154,0.04918433185233372,0.11876399097600765
ANA,Imunoblot Liver Pro: SLA,152,0.154,0.058150518489976995,0.13617038111567412
Močový sediment A: Kvasinky,Močový sediment A: Zhluky leukocytov,476,0.154,0.000762954191284349,0.0031251115262601347
LD_S,Troponín T hs,52,0.154,0.2753903900681038,0.44756924447393914
Železo_S,Fosfor_S,155,-0.154,0.05513059281670336,0.13025089481759627
Bili-celkový_S,Močový sediment A: Kryštály,92,0.154,0.14250525173214476,0.27576480787521035
Kalcium_U (zbieraný),FE_ Kália,50,-0.154,0.28653137760839004,0.46009220831075626
ALP_S,Parathormón_S,32,0.154,0.4011820881096748,0.5829619866790403
CK-celková_S,Interleukín -6,88,-0.154,0.15202576923661273,0.28951430214634316
Krvný obr._DIFF_RET: Retikulocyty_#,Krvný obr._DIFF_RET: Bazofily_%,299,0.154,0.007491703635357568,0.023929006131436215
Krvný obr._DIFF_RET: Leukocyty_WBC,Krvný obr._DIFF_RET: Nezrelé formy RET,298,0.154,0.007770040450153513,0.024730995480874384
CRP_S,Haptoglobín_S,64,0.154,0.22417901137736582,0.3857554873457218
ALT_S,CA 19-9_S,46,0.154,0.30533052894506674,0.48025993438979153
Glukóza_ S,Beta2 mikroglob. _S,123,0.154,0.08986956751723377,0.19256032459932076
Nátrium-S,Krvný obr._DIFF_5pop: Stredná konc._HGB,52,0.153,0.278401473297464,0.45066560249534254
ELFO_S: alfa1_globulín,Triacylglyceroly_S,267,0.153,0.012235884362602745,0.03666725158283738
Močový sediment: Leukocyty,alfa1 AT_S,73,0.153,0.19761353760709552,0.3519592947625113
Krvný obr._DIFF_RET: Hemoglobín_HGB,Krvný obr._DIFF_RET: Lymfocyty_#,298,0.153,0.008290211837194772,0.026150802284855206
GMT_S,CK-MB_S,543,0.153,0.0003532016289995462,0.0015443918467098622
Leukocyty,Cyt.TLy_CD8+,354,-0.153,0.003868583031618451,0.013378937397861742
AMAM2,LKM1,149,0.153,0.06321729690485028,0.1452468824097908
IgM_S,CK-MB_S,43,-0.153,0.32726189601661415,0.5051250790557701
TSH_S,Vitamin D total,88,0.153,0.15432165531483127,0.29300821166022806
Albumín_S,Moč chemický A: Špec. hmotnosť,107,0.153,0.11569593398331836,0.23348674351843124
ELFO_S: gama_globulín,alfa1 AT_S,319,0.153,0.006133978585581121,0.020149517039398584
Kreatinín_S,alfa1 AT_S,298,-0.153,0.008127846438986858,0.02576657107129916
Kreatinín_S,AFP_S,74,-0.153,0.19389962468792138,0.34738982392621676
Albumín_S,Ceruloplazmín,312,-0.153,0.006811732056584979,0.02201166518590253
C3_S,alfa1 AT_S,240,0.153,0.0174857829270712,0.04999176731842212
Glukóza_ S,ABR_artéria: HCO3_B - akt.,163,0.152,0.05265814820271234,0.12529483727783952
ASLO_S,Moč chemický A: Špec. hmotnosť,44,0.152,0.32346244048746686,0.5015797359643187
Urea_S,Moč chemicky _ úplne: pH,764,-0.152,2.5266158840702437e-05,0.0001308198101996598
GMT_S,Močový sediment: Valce,58,0.152,0.2534475527510162,0.4217696566012907
Bielkoviny_S,Amyláza_S,1138,0.152,2.3543840386448643e-07,1.5325206759744696e-06
Krvný obr._DIFF_5pop: Stredný objem_RBC,APTT: APTT_sekundy,1492,0.152,3.766431606488396e-09,2.8452009507753608e-08
Chloridy_CSF,CB_CSF,72,-0.152,0.2032900816788782,0.3592367710254906
CRP_S,Močový sediment A: Kvasinky,145,0.152,0.06877962617481835,0.15516937680703868
Chloridy-S,Prokalcitonín_S,886,-0.152,5.263385835470095e-06,3.009747093856122e-05
Imunoblot ANA: AMA-M2,Imunoblot ANA: U1-sn RNP,419,0.151,0.0019101825718922697,0.007180704070551236
Chloridy-S,Laktát_P,68,-0.151,0.21984583330905613,0.37971624590152736
Kalcium-S,Horčík-S,1205,0.151,1.4821261795554392e-07,9.859631014361996e-07
CRP_S,T4f_S,263,0.151,0.014057255508660377,0.04153755546349739
Quickov test: PT_INR,Krvný obr._DIFF_RET: Bazofily_%,106,-0.151,0.12221232968577982,0.24446313932423147
Bielkoviny_S,Močový sediment A: Spermie,100,-0.151,0.1341106819973894,0.2625593721816379
IgM_S,Foláty,131,-0.151,0.08483880958994915,0.18407819580770043
Kalcium-S,Močový sediment A: Kvasinky,85,-0.151,0.1675021232925781,0.3123503866576996
GF(S)- MDRD,Krvný obr._DIFF_5pop: Neutrofily_%,41,0.151,0.3444544378371195,0.5246509334881851
Kálium-S,Laktát_P,67,-0.151,0.22275195832179404,0.38381968842374764
ASLO_S,Vitamin D total,281,-0.151,0.011112560958602797,0.03385999988968996
Močový sediment A: Hyalínové valce,Močový sediment A: Kvasinky,477,0.151,0.0009099684968142916,0.0036728271030884332
Cholest-celk._S,HbA1c %,46,-0.151,0.31736271105847286,0.4942891158015391
ELFO_S: alfa2_globulín,ELFO_S: Albumín,1609,-0.151,1.176930539776453e-09,9.185552480589441e-09
Bili-celkový_S,Močový sediment A: Hlienové vlákna,93,-0.15,0.1522044145318974,0.28967425624314724
CRP_S,Moč chemický A: pH,146,-0.15,0.06991738792374824,0.15695588886203976
Nátrium-S,Prokalcitonín_S,886,-0.15,7.182129694044462e-06,4.027190639564384e-05
Moč chemicky _ úplne: Ketolátky,LD_S,145,0.15,0.07242187949565126,0.16138063852538495
Krvný obr._DIFF_5pop: Eozinofily_#,D_dimer INOV,208,-0.15,0.03075372242848996,0.08010594448060546
Železo_S,Beta2 mikroglob. _S,103,-0.15,0.130843402627582,0.25751930539383877
Krvný obr._DIFF_5pop: Stredná konc._HGB,APTT: APTT_sekundy,1492,0.15,6.227902346218548e-09,4.638436530542372e-08
Nátrium-S,APTT: APTT_ratio,44,-0.15,0.33056334371471163,0.5094781471663181
Albumín_S,Močový sediment A: Zhluky leukocytov,107,-0.15,0.1241014518362144,0.24723001678127002
Nátrium-S,Krvný obr._DIFF_5pop: Stred.far.konc._HGB,52,0.15,0.28931000368161236,0.46308552617517845
Kalcium-S,ELFO_S: alfa1_globulín,356,-0.15,0.004653143825995273,0.015816705578677353
NKbb._CD16+CD56+_ap,CCP,59,0.15,0.25833513199435193,0.4274656790516607
NKbb._ CD16+CD56+,Cyt.TLy_CD8+,354,-0.15,0.004786657018276644,0.01620982517969697
Krvný obr._DIFF_5pop: Monocyty_#,Diff.rozpočet_ WBC: Eozinofily,157,-0.15,0.0615765693978834,0.14235660312400045
Reumat. faktor_S,CIK_S,182,0.15,0.04327161941132506,0.10663483247484412
Urea_S,AFP_S,74,-0.15,0.20333943469347776,0.3592367710254906
Kalcium-S,C4_S,271,0.15,0.013561847911420089,0.04035523174765893
Osmolalita_S,Chloridy_U (zbieraný,42,0.15,0.34398966596574165,0.5240686685564405
Chloridy-S,Lipáza_S,367,0.15,0.004056825452972919,0.01395695144319084
GMT_S,HbA1c %,55,0.15,0.27377042908962157,0.4458506885430315
IgG_S,Prokalcitonín_S,68,-0.149,0.22433446030113924,0.3858467593837993
Nátrium-S,ABR_kapilára: O2_B sat,50,-0.149,0.3026413568597277,0.47792836633273744
Chloridy-S,ELFO_S: alfa1_globulín,543,-0.149,0.0005113365733482289,0.002181679818993484
Kreatinín_S,ALP_S,6368,-0.149,4.8409951686645956e-33,9.610888220789431e-32
ASLO_S,Vitamín B12,103,0.149,0.13176024715545606,0.2590754720453768
ELFO_S: gama_globulín,Saturácia Trf,249,0.149,0.01899677264876014,0.05349578751665478
Kálium-S,GF(S)-Cockroft,38,0.149,0.37168455351208696,0.5520023579643771
Cholest-celk._S,Haptoglobín_S,30,0.149,0.4311016308691914,0.6115113938667133
Albumín_S,Amyláza_U (jednoráz),39,0.149,0.3642858319834543,0.5445430330802082
Krvný obr._DIFF_5pop: Hemoglobín_HGB,APTT: APTT_sekundy,1492,-0.149,7.906622877225127e-09,5.8340040811859737e-08
ALP_S,ELFO_S: alfa2_globulín,1163,0.149,3.4293453867357226e-07,2.1940212731049394e-06
Moč chemicky _ úplne: Bielkoviny,Močový sediment: Valce,159,0.149,0.06041508858583218,0.14007921816999702
Močový sediment: Leukocyty,C4_S,131,0.149,0.08883852254928415,0.19092628157945846
Imunoblot ANA: SS-A/Ro60kD,AMAM2,144,0.149,0.07448202037182301,0.16498754373158703
Imunoblot ANA: Nucleosomes,Imunoblot ANA: PM-Scl,419,0.149,0.002269711756827742,0.008363966816198751
Krvný obr._DIFF_RET: Trombocyty_PLT,Krvný obr._DIFF_RET: Monocyty_%,298,-0.149,0.009984614966919466,0.030792358681960855
Moč chemicky _ úplne: Bielkoviny,LD_S,146,-0.149,0.07212374755345625,0.16082912186981663
LD_S,anti TG II,37,0.149,0.37794550841753083,0.5580228147477693
Kalcium-S,Horčík_U (zbieraný),50,-0.149,0.3032034768519917,0.4785718480598021
Kálium-S,FE_Horčíka,50,0.149,0.30194784903042143,0.4773014891491086
Urea_S,Močový sediment: Valce,62,0.149,0.24893535025524113,0.4156337135799072
Bielkoviny_S,ELFO_S: alfa2_globulín,1548,0.149,3.548432666678088e-09,2.6869121253165548e-08
Krvný obr._DIFF_5pop: Monocyty_%,Krvný obr._DIFF_5pop: Eozinofily_#,5474,0.149,1.2463826465548744e-28,2.2495082254440674e-27
Quickov test: PT_INR,Krvný obr._DIFF_RET: Monocyty_%,105,0.148,0.13117370610152806,0.25808193089594544
Imunoblot Liver Pro: AMA-M2,Imunoblot Liver Pro: gp210,187,0.148,0.04341766549645331,0.10691179414688677
Pomoc.TLy_CD4+,B Ly _CD19+_ a.p.,354,-0.148,0.005346608185342449,0.01786796517700188
T Ly_CD3+_ a.p.,Cyt.TLy_CD8+,354,0.148,0.005412456760203567,0.018064546004064142
Kálium-S,Krvný obr._DIFF_5pop: Stredná konc._HGB,52,-0.148,0.2960085431592513,0.47025313195566976
Krvný obr._DIFF_5pop: Leukocyty_WBC,D_dimer INOV,208,0.148,0.03327906527947057,0.08559591162772329
Krvný obr._DIFF_5pop: Lymfocyty_#,Krvný obr._DIFF_5pop: Eozinofily_%,5475,0.148,4.412288659888416e-28,7.851896318283224e-27
Albumín_S,ABR_artéria: PCO2_B,57,-0.148,0.2712105869349531,0.44327266755795136
ELFO_S: gama_globulín,Moč chemický A: Špec. hmotnosť,38,-0.148,0.3751775062369668,0.5553361363288559
Albumín_S,ELFO_S: gama_globulín,1508,-0.148,8.29510925455472e-09,6.106469188202332e-08
ALT_S,Močový sediment A: Spermie,142,0.148,0.07825685242141184,0.171732567679872
Vitamín B12,Foláty,455,-0.148,0.0015012364984510543,0.00574885803174174
TSH_S,CK-MB_S,61,0.148,0.2537276916614874,0.42192430656756175
GMT_S,Moč chemicky _ úplne: Ketolátky,652,0.148,0.0001459098045526653,0.0006785980880842479
Vitamin D total,anti TG II,39,0.148,0.3685981051349869,0.5489225883550333
Kreatinín_S,Triacylglyceroly_S,828,0.148,1.9120106772300365e-05,0.00010114074798036989
Kreatinín_S,Krvný obr._DIFF_5pop: Neutrofily_%,48,-0.148,0.3152188604295158,0.49180209981294293
Cholest-celk._S,Vitamín B12,79,-0.148,0.1925033992775039,0.34537534470770465
Imunoblot ANA: Jo-1,SLA a LP,135,-0.147,0.08781517204067807,0.18911518236421282
Krvný obr._DIFF_5pop: Neutrofily_%,Diff.rozpočet_ WBC: Eozinofily,157,-0.147,0.06576987802952847,0.15003089232373226
Kálium-S,Krvný obr._DIFF_5pop: Hematokrit_HCT,52,0.147,0.2973257830463277,0.4712851047139021
Krvný obr._DIFF_5pop: Stredný objem_RBC,Krvný obr._DIFF_5pop: Lymfocyty_%,5477,-0.147,9.554174542664278e-28,1.6907429211572746e-26
Krvný obr._DIFF_5pop: Bazofily_%,APTT: APTT_ratio,1492,0.147,1.1557930040551731e-08,8.430255975617125e-08
Urea_S,ALT_S,7377,0.147,6.5892946047267304e-37,1.414249615669896e-35
Bielkoviny_S,Močový sediment A: Zhluky leukocytov,100,-0.147,0.14369631214350695,0.277562380981362
Feritin_S,NSE_S,35,0.147,0.39782744284392835,0.5797297009578293
ELFO_S: alfa1_globulín,Amoniak_B,101,-0.147,0.1427456956848709,0.276145981938485
Amyláza_S,Moč chemicky _ úplne: Ketolátky,181,-0.147,0.04878134755896487,0.11792538091404256
Urea_S,alfa1 AT_S,298,-0.147,0.011080058171356847,0.03379910915032567
Krvný obr._DIFF_5pop: Stredný objem_PLT,Quickov test: PT_INR,1534,0.147,8.055371535241151e-09,5.936864891344203e-08
Kalcium-S,alfa1 AT_S,160,-0.147,0.06399287482000375,0.14650332747080497
Imunoblot ANA: SmD1,SLA a LP,135,0.147,0.08846969699521655,0.19033118354575373
LD_S,T3f_S,134,0.147,0.0907237960392521,0.19390182047947938
Fibrinogén,Krvný obr._DIFF_RET: Retikulocyty_%,105,-0.147,0.1358567490146195,0.26540526644830187
Imunoblot ANA: CENP-B,Imunoblot Liver Pro: Sp100,164,0.147,0.05955570394234545,0.138592449503927
Imunoblot ANA: U1-sn RNP,Imunoblot ANA: Ku,419,0.147,0.002504876697426079,0.00914567911422292
ALT_S,Močový sediment A: Hyalínové valce,141,0.146,0.0839992112013746,0.1826307285292036
ALT_S,CEA _S,55,0.146,0.28611211378728557,0.4597041625924697
Horčík-S,CVK_S,42,0.146,0.35678992138266874,0.5366208263598709
Amyláza_S,Meď_S,37,-0.146,0.3870863974893657,0.5683727710870375
Osmolalita_S,FE_Chloridov,42,0.146,0.35536838677571625,0.5352240517728304
IgA_S,T4f_S,140,0.146,0.08601652695303465,0.1859982967095402
ALP_S,Lipáza_S,360,0.146,0.005620094104680523,0.01866411805908801
ANA,Imunoblot ANA: SmD1,340,0.146,0.006970265079807266,0.022466815855918598
Glukóza_ S,GF-rozdiel,37,0.146,0.3883954568053104,0.5694511054490784
CRP_S,Krvný obraz: Stred. far.konc._HGB,47,-0.146,0.327537494919072,0.5054276670441741
Krvný obraz: Stredný objem_RBC,Krvný obraz: Stred. far.konc._HGB,3776,0.146,1.891314052555775e-19,2.5951443144464016e-18
Krvný obr._DIFF_5pop: Eozinofily_#,Antitrombín III,81,0.146,0.19406582359660746,0.3474915945065522
Krvný obr._DIFF_5pop: Hematokrit_HCT,Krvný obr._DIFF_5pop: Stredný objem_PLT,5414,0.146,2.9718655330098913e-27,5.158541456615257e-26
Reumat. faktor_S,ELFO_S: gama_globulín,952,0.146,6.118994627024543e-06,3.4493321087388574e-05
Imunoblot ANA: Histones,Imunoblot ANA: PCNA,419,0.146,0.002771410914133649,0.009986825602660846
Feritin_S,AFP_S,57,-0.146,0.27890653157655193,0.45100896153283965
C3_S,Prokalcitonín_S,50,-0.146,0.3104493134011769,0.48650332709365485
ANA,Imunoblot Liver Pro: Sp100,152,0.145,0.07384854730595489,0.16387000385425476
AST_S,Krvný obraz: Stredný objem_RBC,30,0.145,0.44576983900805944,0.6252982528633698
ABR_kapilára: PCO2_B,ABR_kapilára: PO2_B,102,-0.145,0.14686036407923242,0.28230072405306006
Osmolalita_S,FE_Fosforu,42,0.145,0.35918895147544616,0.5388258344093293
"ELFO_S: beta1,2_globulín",Cholest-HDL_S,244,0.145,0.023395819955346824,0.06351865135740101
Kálium-S,Krvný obraz: Hemoglobín_HGB,50,0.145,0.3138308715600575,0.4902305205362787
Nátrium-S,Krvný obr._DIFF_5pop: Stredný objem_RBC,52,0.145,0.3035316915544246,0.4788582658431406
GMT_S,Fibrinogén,32,-0.145,0.42887725942587496,0.6100032940491031
Kálium-S,Fosfor_U (zbieraný),51,-0.145,0.310552028050708,0.4865214253561903
NKbb._ CD16+CD56+,B Ly_ CD19+,354,-0.145,0.006245423436297022,0.020452152108657206
Kálium-S,ABR_kapilára: BE_B,50,0.145,0.3152240123466557,0.49180209981294293
IgG_S,alfa1 AT_S,319,0.145,0.009756842233289268,0.03015282475144938
Kálium-S,Saturácia Trf,240,-0.145,0.02434323036524452,0.06555851738465385
CRP_S,ALP_S,5418,0.145,5.761628990999688e-27,9.946638309733972e-26
Albumín_S,LD_S,1242,-0.145,2.7286954415656093e-07,1.768918585741461e-06
Amyláza_S,CK-MB_S,539,0.145,0.000739863747499952,0.0030442709765979245
IgA_S,Močový sediment A: Hyalínové valce,39,0.144,0.38126355664497535,0.5619877901080113
IgA_S,Močový sediment A: Spermie,39,0.144,0.38126355664497535,0.5619877901080113
IgG_S,anti TPO_S,85,-0.144,0.1873222225195011,0.3384693059346958
TSH_S,Kalcium ionizované_S,46,0.144,0.33937339253989596,0.519027241888772
Kálium-S,ABR_kapilára: HCO3_B -  stand.,50,0.144,0.31872126804615847,0.4959187401168858
Chloridy-S,Parathormón_S,34,-0.144,0.4155849982030927,0.5972596689503232
Bili-celkový_S,T3f_S,76,-0.144,0.2139274358390838,0.37223638187959895
Imunoblot Liver Pro: Sp100,LC1,116,-0.144,0.12192497157809344,0.243965147853741
IgA_S,Triacylglyceroly_S,266,0.144,0.01907448567429125,0.0536653707227914
Imunoblot ANA: Ku,Imunoblot ANA: SmD1,418,0.144,0.0031449363356933244,0.011149431105278844
ELFO_S: Albumín,Moč chemický A: UBG,38,0.143,0.3904151713977402,0.5708809052045324
CA 19-9_S,CA 15-3_S,48,0.143,0.3321300857292383,0.5107776409193538
Krvný obr._DIFF_5pop: Šírka dist.kriv._RBC,Krvný obr._DIFF_5pop: Neutrofily_#,5469,0.143,1.9031694858213185e-26,3.215647804101818e-25
ELFO_S: alfa1_globulín,Prokalcitonín_S,85,0.143,0.19186232516090518,0.34441970945104
Glukóza_ S,ABR_artéria: BB_B,163,0.143,0.06854286953807756,0.1546901776822049
ELFO_S: alfa2_globulín,Kalcium ionizované_S,134,-0.143,0.09817833119493814,0.20612258363563846
IgA_S,Močový sediment A: Epitélie,39,-0.143,0.385847409367995,0.5669714674375683
Reumat. faktor_S,Feritin_S,144,0.143,0.08669615980315128,0.186954290792886
Krvný obr._DIFF_5pop: Monocyty_#,Krvný obr._DIFF_5pop: Eozinofily_#,5474,0.143,1.575607359496225e-26,2.6836014892438385e-25
CK-celková_S,Moč chemický A: UBG,45,0.143,0.3488625095011346,0.5297140351005517
ALP_S,Žlčové kyseliny,318,0.143,0.010924125514891633,0.03338189966142691
Imunoblot ANA: dsDNA,Imunoblot ANA: PM-Scl,419,0.143,0.003353653539086285,0.011810288765972931
Imunoblot ANA: U1-sn RNP,p-ANCA,274,-0.143,0.01789123786643012,0.050940845544622075
T Ly_CD3+,Lymfocyty,359,0.143,0.006590414128866903,0.02136168416361808
Bili-priamy_S,Troponín T hs,147,0.143,0.08461709192333017,0.18378396123894752
Krvný obr._DIFF_5pop: Monocyty_%,APTT: APTT_ratio,1491,0.142,3.2863586287206025e-08,2.3069874440068496e-07
Imunoblot ANA: PM-Scl,Imunoblot ANA: SS-A/Ro60kD,419,0.142,0.0035078422141494093,0.012278414097240328
Krvný obr._DIFF_5pop: Stredný objem_RBC,Factor V,45,-0.142,0.3528912560008438,0.5331392718403964
ALT_S,Laktát_P_artéria,52,-0.142,0.3153995254333194,0.4919181588091827
Quickov test: PT_%,Krvný obr._DIFF_RET: Trombocyty_PLT,106,0.142,0.14785181064985936,0.283434687102763
APTT: APTT_ratio,Krvný obr._DIFF_RET: Monocyty_%,103,0.142,0.15265854144238528,0.29019740089272106
Kalcium-S,Močový sediment A: Spermie,85,-0.142,0.19357805174011986,0.34700941385580736
Imunoblot ANA: Mi-2,Imunoblot ANA: SmD1,418,0.142,0.003589670028753607,0.01250969483964436
ALT_S,ELFO_S: gama_globulín,1235,0.142,4.952344732968667e-07,3.1336898494571654e-06
AFP_S,NSE_S,83,-0.142,0.19899613764954285,0.35408656485791495
Krvný obr._DIFF_RET: Erytrocyty_RBC,Krvný obr._DIFF_RET: Eozinofily_#,298,0.142,0.014194251145134354,0.04190338174955323
Kálium-S,FE_H2O,50,0.142,0.3243637102296444,0.5022380334118769
AST_S,Moč chemický A: UBG,139,0.142,0.09548677262500681,0.20133669647748698
Kalcium-S,Chloridy_U (zbieraný,50,0.142,0.32508243896588274,0.502824872118672
Kys. močová_S,HBDH_S,31,-0.141,0.45020770882105043,0.6290234383417932
GF(S)-Schwarz,FE_Horčíka,48,-0.141,0.3378513063555547,0.5173220894858613
Pomoc.TLy_CD4+_a.p,CCP,59,0.141,0.2884627063879863,0.4623116987091012
C4_S,Močový sediment A: Leukocyty,36,0.141,0.4121883858550779,0.5940637058387727
ELFO_S: alfa2_globulín,Moč chemický A: UBG,38,0.141,0.39852844781190255,0.5803005337953282
anti- transglut. IgA,ASCA IgG,69,-0.141,0.24725846166478752,0.4134859191777823
Moč chemicky _ úplne: Bielkoviny,Močový sediment: Erytrocyty,867,0.141,3.2205250359246234e-05,0.00016486700687533547
Cholest-HDL_S,Prealbumín_S,130,0.141,0.1105083960805531,0.22545274254969616
AST_S,ELFO_S: alfa2_globulín,1239,-0.141,6.310658766489959e-07,3.942145048526127e-06
IgM_S,C3_S,1047,-0.141,4.424704107409412e-06,2.5439045424771032e-05
Krvný obr._DIFF_5pop: Bazofily_%,Factor V,45,0.141,0.3550597296418728,0.5351575985110348
Quickov test: PT_%,Krvný obr._DIFF_RET: Bazofily_%,106,0.141,0.15066701742581434,0.2876202616646949
Quickov test: PT_%,Krvný obr._DIFF_RET: Eozinofily_%,105,0.141,0.1503506595487531,0.2874443996729547
ALT_S,Močový sediment A: Hlienové vlákna,142,-0.141,0.09416513788386374,0.19914484719580106
ASLO_S,Močový sediment A: Kryštály,44,0.141,0.3624219565439861,0.5429065526819014
Kreatinín_S,Albumín_S,5089,-0.141,5.2171365403631356e-24,8.224433856309429e-23
Bielkoviny_S,T4f_S,292,-0.141,0.016111319456759754,0.04669489621751584
IgA_S,Cholest-HDL_S,249,-0.141,0.026253151143061964,0.06999004163318198
Urea_S,Krvný obraz: Erytrocyty_RBC,49,-0.141,0.33367125263480424,0.5124035455617383
Kalcium-S,FE_ Nátria,50,0.14,0.3316239837727484,0.5103699537083988
Imunoblot ANA: Rib-PO,Imunoblot ANA: SmD1,418,0.14,0.004225460879488386,0.0145104610634539
GF(S)- MDRD,Bili-celkový_S,4249,-0.14,3.7540759947994317e-20,5.2648222505432205e-19
ALP_S,anti TG II,46,-0.14,0.35277678457330364,0.5331091608930062
Krvný obr._DIFF_5pop: Hematokrit_HCT,Krvný obr._DIFF_5pop: Bazofily_%,5476,0.14,2.313204858686149e-25,3.7875748626889444e-24
Močový sediment A: Hlienové vlákna,Močový sediment A: Kryštály,472,-0.14,0.0022487223773966242,0.008310723248167978
ELFO_S: alfa2_globulín,Moč chemický A: pH,39,-0.14,0.3959155980710286,0.5774223587110295
Imunoblot Liver Pro: LC1,SLA a LP,137,0.14,0.10256822828721396,0.21273782380302655
Chloridy-S,FE_ Nátria,50,-0.14,0.33308150810751846,0.5118690907128846
Krvný obraz: Stredný objem_PLT,APTT: APTT_ratio,1419,0.14,1.2977030734998542e-07,8.714912923831473e-07
Imunoblot ANA: Mi-2,Imunoblot ANA: PM-Scl,419,0.14,0.004170387273031967,0.014336834602582298
Moč chemicky _ úplne: Ketolátky,Prokalcitonín_S,53,-0.14,0.3178454085556827,0.4947983044729851
Bili-priamy_S,Lipáza_S,344,0.14,0.009416244889595676,0.02926683159667384
Foláty,AFP_S,37,-0.14,0.4075168811046015,0.5893363864460581
Krvný obr._DIFF_5pop: Hemoglobín_HGB,Krvný obr._DIFF_5pop: Stredný objem_RBC,5478,0.139,3.4788322209941704e-25,5.68149642672904e-24
Krvný obr._DIFF_RET: Erytrocyty_RBC,Krvný obr._DIFF_RET: Leukocyty_WBC,299,0.139,0.016181309219862154,0.04687635999716565
ELFO_S: Albumín,Horčík-S,275,0.139,0.021515540291762583,0.059198019694052695
AST_S,Troponín T hs,205,0.139,0.04650662451434688,0.11324514585651428
Krvný obr._DIFF_RET: Stredná konc._HGB,Krvný obr._DIFF_RET: Retikulocyty_%,299,0.139,0.016507172822345113,0.04758880786033346
Moč chemicky _ úplne: Ketolátky,CIK_S,45,0.139,0.3626688945668082,0.5431483939610873
Bielkoviny_S,Fosfor_S,524,0.139,0.0013918521802732935,0.005359052667440142
Kálium-S,Cholest-celk._S,763,0.139,0.0001185513371403642,0.0005591363361935663
Krvný obr._DIFF_RET: Stredný objem_RBC,Krvný obr._DIFF_RET: Šírka dist.kriv._RBC,297,-0.139,0.01622471183813769,0.04695926847730694
Fibrinogén,Krvný obr._DIFF_RET: Neutrofily_%,104,0.139,0.16006054980247325,0.301203990786467
Imunoblot ANA: AMA-M2,Imunoblot ANA: Rib-PO,419,0.139,0.004425283279780261,0.015139377854843294
Bili-celkový_S,Lipáza_S,345,0.139,0.009843919916412792,0.030402733703923417
Albumín_S,CK-MB_S,253,-0.139,0.027453705433109116,0.07267224609022592
Krvný obr._DIFF_RET: Stred. far.konc._HGB,Krvný obr._DIFF_RET: Neutrofily_#,298,-0.139,0.01600473757897376,0.046428355177726165
Nátrium-S,Quickov test: PT_INR,44,0.138,0.37252683758029637,0.553058536300586
GF(S)-Shull,GF(S+U)-deti,49,0.138,0.34591985276269366,0.5258743298878662
Urea_S,Krvný obr._DIFF_5pop: Hematokrit_HCT,48,-0.138,0.3493461591815106,0.5300239636957775
Bielkoviny_S,Žlčové kyseliny,319,-0.138,0.013733808923109023,0.04075239985451267
ELFO_S: gama_globulín,Močový sediment A: Hlienové vlákna,39,-0.138,0.4004411399903729,0.5822848620642799
Imunoblot ANA: PM-Scl,ANA  HEp-2,217,0.138,0.04182107982772844,0.1035422136186901
Chloridy-S,Transferín_S,420,0.138,0.004553484820645036,0.01551946838281004
Kys. močová_S,Vitamin D total,67,0.138,0.26716710136919836,0.43835552556779883
Osmolalita_U (jednor,FE_Fosforu,42,0.138,0.38487181155610006,0.5657312861674928
Moč chemicky _ úplne: Ketolátky,C4_S,165,0.138,0.0763899016363987,0.16850869621390308
Krvný obraz: Erytrocyty_RBC,Krvný obraz: Stredný objem_PLT,3655,-0.138,4.214028287444938e-17,5.118876044003383e-16
Kreatinín_S,Bili-celkový_S,4335,0.138,8.823682536289201e-20,1.2212822473430346e-18
ALP_S,Močový sediment A: Hlienové vlákna,110,-0.138,0.15039778510758928,0.28744799301700197
ELFO_S: alfa2_globulín,alfa1 AT_S,320,0.138,0.013295155414677339,0.039635909126909966
Horčík-S,T4f_S,180,-0.138,0.06438533641734923,0.14718965176661375
Moč chemicky _ úplne: Bielkoviny,Fosfor_S,112,-0.138,0.1463477196861887,0.28181476271535455
Kalcium-S,Močový sediment: Valce,32,-0.138,0.45286940397614384,0.6310768421716257
Nátrium-S,ELFO_S: gama_globulín,601,-0.137,0.0007545087943265468,0.003096507991186403
Krvný obr._DIFF_5pop: Hematokrit_HCT,Krvný obr._DIFF_5pop: Stredný objem_RBC,5478,0.137,2.6174935476227874e-24,4.178124750765721e-23
ALT_S,Amyláza_U (jednoráz),75,-0.137,0.24154540527688287,0.40644618414125877
Chloridy-S,CK-celková_S,1099,0.137,5.544452491242877e-06,3.142186144234255e-05
Fosfor_U (zbieraný),GF(S)-Schwarz,48,-0.137,0.35167010031371426,0.5316897066380358
ELFO_S: Albumín,ELFO_S: gama_globulín,1604,-0.137,3.488638253162159e-08,2.4435853166856884e-07
ALT_S,C3_S,941,0.137,2.4718272221300185e-05,0.00012819198646687354
ALT_S,APTT: APTT_sekundy,39,0.137,0.40663279552212106,0.5887279284302723
Kys. močová_S,Močový sediment A: Baktérie,67,-0.137,0.26937975806732745,0.4409609902091552
Moč chemicky _ úplne: Bielkoviny,CK-MB_S,60,0.137,0.29832285366788736,0.47274759025993723
Imunoblot ANA: CENP-B,LC1,112,0.137,0.15065430310550781,0.2876202616646949
Quickov test: PT_INR,Krvný obr._DIFF_RET: Trombocyty_PLT,106,-0.137,0.16004394159706198,0.301203990786467
Chloridy-S,IgG_S,545,-0.137,0.0013777447296829894,0.0053143972481335955
AST_S,CIK_S,171,0.137,0.07397216775528348,0.16402973184967398
ALP_S,Albumín_S,4583,-0.137,1.4811792252337196e-20,2.0910959150910713e-19
ALT_S,Fosfor_S,634,-0.137,0.0005522337597067195,0.002337335826393597
APTT: APTT_sekundy,Krvný obr._DIFF_RET: Retikulocyty_%,104,-0.136,0.1673001207601623,0.31214615776484905
IgG_S,Saturácia Trf,238,0.136,0.03585608806581385,0.09108105856941838
Krvný obr._DIFF_5pop: Hemoglobín_HGB,Krvný obr._DIFF_5pop: Neutrofily_#,5473,-0.136,5.1140033012094606e-24,8.081906212085498e-23
GMT_S,T4f_S,304,0.136,0.017830829764880908,0.05079787511044324
Imunoblot ANA: Ku,DNP / Nucleo-h /,97,-0.136,0.18376483927700651,0.3340366305942267
T Ly_CD3+,Leukocyty,359,-0.136,0.010124632326159741,0.031163657542680637
Imunoblot ANA: SS-A/Ro60kD,Imunoblot ANA: PCNA,419,0.136,0.005429380485259377,0.018106485156353186
Urea_S,Krvný obr._DIFF_5pop: Stredný objem_RBC,48,0.136,0.3559034675788526,0.5357949596038982
Bielkoviny_S,LD_S,1062,-0.136,8.361489624457242e-06,4.643404159456019e-05
Kálium-S,Cholest-LDL_S,454,0.136,0.003724850598412843,0.012924072010768319
Krvný obraz_RET: Erytrocyty_RBC,Krvný obraz_RET: Stred. far.konc._HGB,34,-0.136,0.44376841986279414,0.6233165534796222
Urea_S,Etanol v sére,155,-0.136,0.09259792925920624,0.19658689225988463
Imunoreg.index_IRI,CCP,59,0.136,0.30390246648130087,0.4788582658431406
Krvný obr._DIFF_RET: Hematokrit_HCT,Krvný obr._DIFF_RET: Lymfocyty_%,298,0.136,0.019260022031005887,0.054045459347606184
Chloridy-S,Addisov sediment: Erytrocyty,46,0.136,0.3672581319107403,0.5473119662277582
C3_S,Močový sediment A: Kvasinky,35,0.136,0.4362757721043209,0.616097884033789
Transferín_S,Žlčové kyseliny,179,0.136,0.07003417173613447,0.15716251961839006
CRP_S,Moč chemicky _ úplne: Ketolátky,684,0.136,0.00035015148815636807,0.0015341464856947632
Krvný obr._DIFF_5pop: Stred.far.konc._HGB,D_dimer INOV,208,-0.136,0.05032235249382508,0.12091448766765156
LD_S,Močový sediment A: Leukocyty,32,-0.136,0.45757099358188347,0.6345663659082528
CRP_S,Glukóza_ S,5027,0.135,5.710314859412044e-22,8.339685126860855e-21
dsDNA IgG,Imunoblot Liver Pro: AMA-M2,41,0.135,0.39947044008106336,0.5812724933199716
Chloridy-S,Moč chemický A: pH,128,-0.135,0.12794367819887684,0.25353280960619606
APTT: APTT_ratio,Krvný obr._DIFF_RET: Retikulocyty_#,104,-0.135,0.17201715258234282,0.3183294408259901
Triacylglyceroly_S,Troponín T hs,40,0.135,0.4060371399039582,0.5881335954878811
Nátrium-S,NT-proBNP,207,-0.135,0.05183975385723366,0.12362535895458163
GF(S)- MDRD,Bili-priamy_S,4218,-0.135,1.0778636957342216e-18,1.4177366581779523e-17
ASLO_S,Saturácia Trf,66,0.135,0.28067508997467255,0.45303070289865216
ASLO_S,Beta2 mikroglob. _S,101,-0.135,0.17920520765317868,0.3280007733277569
ALT_S,Krvný obr._DIFF_5pop: Stredná konc._HGB,38,0.135,0.41870912102134317,0.5999231046117711
LD_S,Horčík-S,191,0.135,0.06286382620099408,0.14464827521003817
ABR_kapilára: HCO3_B - akt.,ABR_kapilára: O2_B sat,102,-0.135,0.17559822873602518,0.3229011685830938
Imunoblot ANA: Nucleosomes,Imunoblot ANA: Rib-PO,419,0.135,0.005795027601616377,0.01914498718308312
GMT_S,C3_S,865,0.135,6.614358597572819e-05,0.0003241740848819597
Imunoblot Liver Pro: LC1,DNP / Nucleo-h /,31,0.135,0.4702592725408812,0.6448429005940467
Aktiv.TLy_CD3+HLADR+,CCP,59,0.135,0.30826677887819204,0.4835602089415195
LD_S,Močový sediment A: Kryštály,30,-0.135,0.47795329314495383,0.6515959809763716
Imunoblot ANA: dsDNA,p-ANCA,274,0.135,0.02568792885357115,0.068742802024742
Krvný obr._DIFF_5pop: Hemoglobín_HGB,Krvný obr._DIFF_5pop: Stredný objem_PLT,5414,0.135,1.4231466863968108e-23,2.215992867323269e-22
Glukóza_ S,ABR_artéria: PO2_B,163,0.135,0.08581662276816131,0.18569244020644715
Lipáza_S,Interleukín -6,61,0.135,0.3010397943562483,0.47622156711784
Horčík-S,FE_ Nátria,50,0.135,0.3491021406898539,0.5299512305382656
Urea_S,Amoniak_P,98,0.135,0.18535487018124316,0.33592907090708646
Kreatinín_S,Bili-priamy_S,4302,0.135,5.300722443416027e-19,7.149785495333763e-18
Kreatinín_S,Krvný obr._DIFF_5pop: Monocyty_#,48,-0.134,0.36441051470322494,0.5446012702680753
Horčík_U (zbieraný),GF(S)-Shull,48,0.134,0.36301857739277377,0.5431750775382999
TSH_S,T3f_S,431,0.134,0.0052765308595623655,0.017680274552109552
Albumín_S,Močový sediment A: Spermie,107,-0.134,0.16750791237884188,0.3123503866576996
ANA,Imunoblot ANA: CENP-B,341,0.134,0.01326496177120214,0.03956446109504563
Bili-priamy_S,Cholest-HDL_S,637,-0.134,0.0006796516949386226,0.0028239550150065858
Nátrium-S,IgA_S,665,-0.134,0.0005142490470871642,0.002192633688687754
Nátrium-S,Glukóza_ S,5180,-0.134,3.1179785704427148e-22,4.61737013007519e-21
Kys. močová_S,Moč chemický A: UBG,66,0.134,0.2823607415142886,0.4550577856012875
ELFO_S: gama_globulín,T3f_S,101,-0.134,0.18117767128133458,0.33075337518687314
Addisov sediment: Erytrocyty,GF(S)-Schwarz,36,0.134,0.4364310734423896,0.616097884033789
Chloridy-S,T3f_S,153,0.134,0.09971116673964964,0.20871994803854832
Imunoblot ANA: PCNA,LC1,112,0.134,0.15929537564768612,0.3001196682947064
Osmolalita_S,GF(S)-Shull,41,-0.133,0.4067827073372251,0.5888107859907475
ANA,Imunoblot ANA: Nucleosomes,341,0.133,0.013632562402443048,0.04052768785340229
Moč chemický A: Špec. hmotnosť,Močový sediment A: Erytrocyty,472,0.133,0.0037181176386830972,0.01290776030522061
Imunoblot ANA: U1-sn RNP,Imunoblot ANA: CENP-B,419,0.133,0.006533422146477121,0.02120941793386262
Kys. močová_S,Močový sediment A: Spermie,67,0.133,0.2830553034149156,0.45583025160835455
Chloridy_U (zbieraný,GF(S)-Shull,48,-0.133,0.36786957023672884,0.5479660913748976
Prokalcitonín_S,Amoniak_B,108,0.133,0.1694977673160755,0.3151358840383458
Fosfor_S,FE_H2O,50,-0.133,0.3554399928269434,0.5352240517728304
Krvný obr._DIFF_5pop: Stredný objem_PLT,Quickov test: PT_%,1534,-0.133,1.8660615844663093e-07,1.227234911606052e-06
ALP_S,Močový sediment A: Baktérie,108,0.133,0.16960960977704237,0.31515935972902903
CRP_S,Močový sediment A: Epitélie,146,-0.133,0.10899422585735248,0.22322382877877509
Imunoblot ANA: CENP-B,Imunoblot Liver Pro: SLA,164,0.133,0.08991152991512294,0.19258528305825218
Moč chemický A: pH,Moč chemický A: UBG,479,-0.133,0.003617907516831921,0.012601187749141006
ALT_S,anti TG_S,79,0.133,0.24266020763639495,0.4076203858048697
Amyláza_S,T4f_S,50,-0.133,0.3573888436277517,0.5371401285940636
Moč chemicky _ úplne: pH,HbA1c,37,0.133,0.432307941125172,0.6125005240785499
Kreatinín_UJ (jednor,Albumín_U (jednoráz),57,-0.133,0.3223819071907911,0.5005113041014408
Reumat. faktor_S,Horčík-S,266,0.133,0.029665850114168796,0.07765436579122964
Nátrium-S,Tub. resorbcia,86,0.133,0.22315103421824653,0.3844030695196638
Quickov test: PT_INR,Krvný obr._DIFF_RET: Eozinofily_%,105,-0.133,0.17606334833079607,0.32339547180914496
Kálium_U (zbieraný),Addisov sediment: Leukocyty,37,0.133,0.43200044249602976,0.6123379766125117
ALP_S,Reumat. faktor_S,1377,-0.133,6.813807876439959e-07,4.243933474414026e-06
ELFO_S: Albumín,T4f_S,131,-0.133,0.1293862333928255,0.25543528301573043
Fibrinogén,Krvný obr._DIFF_RET: Erytrocyty_RBC,105,0.132,0.1785094799490999,0.3269157469347454
Glukóza_ S,Cholest-HDL_S,697,-0.132,0.00048092281238328337,0.0020616077105742236
ELFO_S: alfa2_globulín,Prealbumín_S,163,-0.132,0.09264617588951592,0.19658689225988463
Bili-priamy_S,Močový sediment A: Spermie,92,-0.132,0.2097438249686238,0.366777462159556
ANA,Imunoblot ANA: Mi-2,341,0.132,0.014980317954724941,0.043836923061431395
Diff.rozpočet_ WBC: Lymfocyty,Diff.rozpočet_ WBC: Bazofily,39,0.132,0.4243608381717112,0.6054792154490619
Imunoblot ANA: SmD1,Imunoblot Liver Pro: LKM1,163,0.132,0.09385505199222124,0.19868748594021376
AST_S,Krvný obr._DIFF_5pop: Erytrocyty_RBC,38,-0.132,0.42875984500036535,0.6100032940491031
Krvný obraz: Hemoglobín_HGB,Krvný obraz: Stredná konc._ HGB,3776,0.132,4.863472183148947e-16,5.55712927689663e-15
AST_S,AFP_S,82,0.132,0.23596202677237063,0.4000711919094931
Kalcium-S,anti TPO_S,109,-0.132,0.17198521424580787,0.3183294408259901
ELFO_S: gama_globulín,CK-MB_S,48,-0.132,0.37050015472762576,0.5507223872214803
Moč chemicky _ úplne: pH,LD_S,146,0.132,0.11205835043390443,0.22773726817229523
Krvný obraz: Stred. far.konc._HGB,Fibrinogén,1450,-0.132,4.608827137285732e-07,2.9250628175001254e-06
CRP_S,Osmolalita_S,67,-0.132,0.2877927411006293,0.4615872972007821
Bili-celkový_S,Moč chemicky _ úplne: Bielkoviny,485,0.132,0.0035663189772761434,0.012441968403424129
Fibrinogén,Krvný obr._DIFF_RET: Monocyty_%,104,-0.132,0.1809043551461422,0.33048192012377337
Bielkoviny_S,Kreatinín_U (zbier.),40,0.131,0.419169851604424,0.6004029103623024
Bielkoviny_S,AFP_S,83,-0.131,0.23629731113078153,0.4004259316121246
Krvný obr._DIFF_5pop: Bazofily_%,Fibrinogén,1499,-0.131,3.500971888319868e-07,2.2375197281845356e-06
Krvný obr._DIFF_RET: Hemoglobín_HGB,Krvný obr._DIFF_RET: Monocyty_#,298,-0.131,0.023348516709383784,0.06347159891087513
dsDNA IgG,Imunoblot Liver Pro: gp210,41,0.131,0.41456738245146274,0.5961400137424497
Moč chemicky _ úplne: pH,Prokalcitonín_S,53,-0.131,0.3507129940882573,0.531254089519003
Krvný obraz: Stredný objem_PLT,APTT: APTT_sekundy,1419,0.131,7.687197991913022e-07,4.769215707287444e-06
Lupus antikoagulans1,ProC Global,30,-0.131,0.4892617011669025,0.6606332810867868
Nátrium-S,GF(S+U)-deti,48,-0.131,0.3764197186628937,0.5567856746601545
Urea_S,Močový sediment A: Epitélie,155,-0.131,0.10552891060645005,0.21767050944246014
Moč chemicky _ úplne: pH,Reumat. faktor_S,217,0.131,0.05401628140598689,0.12809460088549263
Krvný obraz: Hemoglobín_HGB,Krvný obraz: Trombocyty_PLT,3776,0.131,7.665213648344646e-16,8.68041039357104e-15
ALT_S,Moč chemicky _ úplne: Ketolátky,728,0.131,0.00040373960971769443,0.0017508243962706571
Kálium-S,IGG4,40,0.131,0.42114280684860794,0.602052261905762
T Ly_CD3+_ a.p.,Pomoc.TLy_CD4+,355,0.131,0.013193859018294427,0.039370871931998355
Triacylglyceroly_S,Ceruloplazmín,110,0.131,0.17174945238957312,0.31808407868079314
Krvný obr._DIFF_5pop: Eozinofily_#,Diff.rozpočet_ WBC: Neutrofilné segmenty,206,-0.131,0.05984360959218805,0.13916048745943288
Krvný obr._DIFF_5pop: Monocyty_%,Fibrinogén,1498,-0.131,3.774537035215513e-07,2.4075937534863605e-06
Kreatinín_S,IgG_S,1280,0.131,2.655379985830689e-06,1.5649006539872328e-05
Nátrium-S,IGG4,40,-0.131,0.41923300965955823,0.6004029103623024
Kys. močová_S,TSH_S,278,0.131,0.02918561674229459,0.07655500543509394
CRP_S,ABR_artéria: pH_B,101,-0.131,0.1901695494781169,0.34215438907801665
GF(S)- MDRD,ASLO_S,455,0.131,0.005039873314524546,0.01699485943055968
Chloridy-S,Krvný obr._DIFF_5pop: Neutrofily_%,52,-0.13,0.3565879977958787,0.5364441273969257
Kreatinín_S,Močový sediment: Valce,63,0.13,0.30891720748413254,0.4843413176571308
Bielkoviny_S,GF-rozdiel,35,0.13,0.45723449588606835,0.6345152364273028
ALT_S,Quickov test: PT_INR,39,0.13,0.4308374122673285,0.6115113938667133
AST_S,IgA_S,1319,0.13,2.15982930767593e-06,1.2847748681334441e-05
Amyláza_S,Moč chemický A: Špec. hmotnosť,46,0.13,0.3900238790625207,0.5708809052045324
Lymfocyty,Cyt.TLy_CD8+,354,0.13,0.014370903115259733,0.04227457305726343
Bielkoviny_S,anti TPO_S,111,-0.13,0.17544993718636856,0.32280776696752483
Quickov test: PT_INR,Krvný obr._DIFF_RET: Stredná konc._HGB,106,-0.13,0.18358947713730495,0.3338133795802228
Železo_S,C4_S,187,-0.13,0.07717499096470302,0.1699454827032091
IgE celkové FOOKE,anti- transglut. IgG,72,-0.13,0.27483713353206696,0.4470149281436819
GF(S)- MDRD,Krvný obr._DIFF_5pop: Stredná konc._HGB,41,-0.13,0.4182848070215135,0.5994503449148827
Krvný obr._DIFF_RET: Bazofily_%,Krvný obr._DIFF_RET: Stredný objem_PLT,274,0.13,0.03197705710325159,0.08298621069320153
Nátrium-S,Quickov test: PT_%,44,-0.13,0.4007149611598535,0.5824828159069146
IgM_S,Močový sediment A: Hyalínové valce,39,0.13,0.4311285271728331,0.6115113938667133
IgM_S,Močový sediment A: Spermie,39,0.13,0.4311285271728331,0.6115113938667133
Krvný obr._DIFF_5pop: Stred.far.konc._HGB,APTT: APTT_ratio,1492,0.13,4.6826119973606146e-07,2.9689255508215557e-06
ALT_S,ELFO_S: alfa1_globulín,1235,0.129,5.440968444386935e-06,3.0918132850796246e-05
Moč chemický A: UBG,Močový sediment A: Leukocyty,469,0.129,0.0052503111727750535,0.017610996241098163
Chloridy_U (zbieraný,GF(S+U)-deti,48,0.129,0.3822913454170713,0.5633720522928912
ELFO_S: alfa2_globulín,Horčík-S,275,0.129,0.03227009202012105,0.08357598638558053
Bielkoviny_S,Osmolalita_S,49,-0.129,0.3778284465729126,0.5580228147477693
Kalcium-S,CEA _S,40,-0.129,0.42713546011733816,0.6082922165714972
Krvný obr._DIFF_5pop: Hematokrit_HCT,Krvný obr._DIFF_5pop: Stred.far.konc._HGB,5478,0.129,1.1711220340767875e-21,1.6986617083310117e-20
ABR_kapilára: PO2_B,ABR_kapilára: BE_B,102,-0.129,0.19727863776162086,0.351677047808166
Kálium-S,Bili-celkový_S,3852,-0.129,8.266826665850791e-16,9.31190599435285e-15
AST_S,Osmolalita_S,71,-0.129,0.2834807229960039,0.45628402158439646
GMT_S,Cholest-LDL_S,592,0.129,0.0016079341753999928,0.006138945803074612
Chloridy-S,C3_S,412,-0.129,0.008633183399424278,0.027098129514101992
GF(S)- MDRD,Moč chemicky _ úplne: Bielkoviny,643,-0.129,0.001050175177977764,0.004167247286503894
Glukóza_ S,ABR_artéria: BE_B,163,0.129,0.10020348120520203,0.2093366379798252
CK-celková_S,Amoniak_B,139,-0.129,0.12949980831463515,0.25558008146097455
ALP_S,Močový sediment A: Hyalínové valce,109,0.128,0.18495918243846599,0.3356314441678305
GF(S)- MDRD,GF-rozdiel,73,0.128,0.28193246269484357,0.45459820697978204
Bielkoviny_S,alfa1 AT_S,353,-0.128,0.01625046305742278,0.04696960500628159
TSH_S,Transferín_S,149,0.128,0.11916718832257775,0.23935161157550947
Krvný obr._DIFF_5pop: Eozinofily_#,Diff.rozpočet_ WBC: Lymfocyty,207,0.128,0.06517452315707706,0.14887348121713154
Prokalcitonín_S,Kalcium ionizované_S,61,-0.128,0.32469188683457517,0.5023788497467258
ALP_S,Moč chemický A: UBG,110,0.128,0.18401638972079032,0.3341865469237806
Meď_S,Beta2 mikroglob. _S,60,-0.128,0.33123551877557533,0.5101100732903596
Moč chemicky _ úplne: pH,HbA1c %,37,0.128,0.4488336329898073,0.6282088720828918
Kalcium-S,Močový sediment A: Kryštály,83,0.128,0.24844580478555325,0.41503449850187213
ELFO_S: gama_globulín,Amoniak_B,101,0.128,0.20279365064396085,0.3586715096161145
GF(S)- MDRD,Železo_S,793,-0.128,0.0003004953184204828,0.001329419747858863
Kreatinín_S,Chloridy-S,5745,-0.127,3.2197127073871144e-22,4.756938332565195e-21
Krvný obr._DIFF_5pop: Hemoglobín_HGB,Krvný obr._DIFF_5pop: Trombocyty_PLT,5478,-0.127,2.7801893653478384e-21,4.0051118000124307e-20
Krvný obr._DIFF_5pop: Šírka dist.kriv._RBC,Diff.rozpočet_ WBC: Neutrofilné segmenty,209,0.127,0.06749890788515513,0.15276827994100126
Krvný obr._DIFF_5pop: Šírka dist.kriv._RBC,Diff.rozpočet_ WBC: Lymfocyty,210,-0.127,0.06646877314792932,0.15129887761330726
Urea_S,Železo_S,880,0.127,0.0001665582482914303,0.0007656617593310108
Bielkoviny_S,Laktát_P,39,-0.127,0.44055221532947597,0.6198955091889614
IgA_S,Horčík-S,277,-0.127,0.03504355213221779,0.08926691527505197
Imunoblot ANA: SS-A/Ro52kD,Imunoblot ANA: SS-B/La,415,0.127,0.009850307521376195,0.030407679146405717
Chloridy-S,C4_S,412,-0.127,0.010112083902915804,0.031140120715086816
Imunoblot ANA: Histones,Imunoblot ANA: Rib-PO,419,0.127,0.009516781000565466,0.029550395746135095
Kys. močová_S,Železo_S,223,0.127,0.05806094183077569,0.13616137447431448
AST_S,Močový sediment A: Hlienové vlákna,140,-0.127,0.13533835318964366,0.2645552485580942
anti- transglut. IgG,DGP IgA,79,0.127,0.26358952516925716,0.434167553383534
Bili-celkový_S,Močový sediment A: Spermie,93,-0.127,0.22389500826276593,0.3853711697353974
Imunoblot ANA: SS-B/La,SLA a LP,132,0.127,0.14638575743124035,0.28181476271535455
GF(S)- MDRD,Krvný obraz: Hemoglobín_HGB,49,0.127,0.3840094763593136,0.5649866149399535
Pomoc.TLy_CD4+,CCP,59,0.126,0.3400322368166021,0.5197577879975651
ABR_kapilára: HCO3_B -  stand.,ABR_kapilára: PO2_B,102,-0.126,0.20775731124940217,0.36423035492380484
ALT_S,Močový sediment: Valce,61,0.126,0.33426017484922455,0.513059891475507
Chloridy_U (zbieraný,FE_Fosforu,50,0.126,0.3837545229455994,0.5648552990864459
Kalcium-S,FE_Chloridov,50,0.126,0.38331026776452526,0.5644318178181411
ABR_artéria: HCO3_B - akt.,ABR_artéria: O2_B sat,298,-0.126,0.02908465517645141,0.07632169117554556
C3_S,Močový sediment A: Leukocyty,36,0.126,0.465513875462645,0.6406866661209237
AST_S,Solub.transf.recep_S,59,0.126,0.34268744932112816,0.5227277493030904
Glukóza_ S,Krvný obr._DIFF_5pop: Stredný objem_PLT,34,0.126,0.47896734534506236,0.652138779463605
Nátrium-S,anti TPO_S,130,-0.126,0.15446396582836147,0.29319079023232164
Glukóza_ S,ABR_artéria: HCO3_B -  stand.,163,0.126,0.10820672413018295,0.22189713311783482
Krvný obraz: Šírka dist.kriv._RBC,D_dimer INOV,49,0.126,0.3874967003184825,0.5686686387441255
GMT_S,NSE_S,30,0.126,0.5057103734933623,0.6739622409908392
p-ANCA,CCP,204,-0.126,0.07224451380492215,0.16104189340444577
APTT: APTT_ratio,Krvný obr._DIFF_RET: Hematokrit_HCT,104,-0.126,0.20388229803923336,0.3597956220675693
Krvný obr._DIFF_RET: Trombocyty_PLT,Krvný obr._DIFF_RET: Retikulocyty_#,299,0.126,0.0290343215361408,0.07622109285913327
Cholest-celk._S,Moč chemický A: pH,56,0.126,0.3565797330181233,0.5364441273969257
Imunoblot ANA: SS-A/Ro60kD,Imunoblot Liver Pro: LKM1,164,0.125,0.11091301379044001,0.2261107769566182
IgM_S,Prealbumín_S,157,-0.125,0.12026713679414248,0.24117964648143536
Cholest-celk._S,Močový sediment A: Baktérie,55,0.125,0.3628051116362274,0.5431750775382999
LD_S,Beta2 mikroglob. _S,189,0.125,0.08625158368581728,0.18644311369717498
Glukóza_ S,GF(S)-Cockroft,37,0.125,0.4615955730467266,0.6376422430019253
CRP_S,Bili-celkový_S,3675,0.125,2.4064794936866526e-14,2.498098729312305e-13
LD_S,ELFO_S: gama_globulín,803,-0.125,0.00039738880747716004,0.0017291856807550667
ELFO_S: alfa1_globulín,Močový sediment A: Hlienové vlákna,39,-0.125,0.4499956308712171,0.6290234383417932
Cholest-LDL_S,T4f_S,130,-0.125,0.1564706876614321,0.2963799280599517
Urea_S,Žlčové kyseliny,320,0.125,0.02511418994715227,0.06749172958301962
Imunoblot ANA: Jo-1,AMAM2,144,-0.125,0.13557013691752287,0.26492681631406423
Nátrium-S,Transferín_S,470,0.124,0.007209876956660922,0.02315690005342105
CK-celková_S,Močový sediment A: Erytrocyty,45,-0.124,0.4155017201590342,0.5972596689503232
ALT_S,Glukóza_ S,5731,0.124,3.291269392732626e-21,4.7306412787399036e-20
Quickov test: PT_%,Krvný obr._DIFF_RET: Stredná konc._HGB,106,0.124,0.206149673594576,0.3626886946403604
Albumín_S,Močový sediment A: Hlienové vlákna,107,0.124,0.20333905422308013,0.3592367710254906
p-ANCA,DGP IgA,75,0.124,0.28922605817988045,0.4630678295405193
Cholest-celk._S,CK-MB_S,51,-0.124,0.3841389452174352,0.5650462419463685
Krvný obr._DIFF_RET: Trombocyty_PLT,Krvný obr._DIFF_RET: Šírka dist.kriv._RBC,297,0.124,0.03237432662593737,0.08381177549086395
Kreatinín_S,CA 19-9_S,51,-0.124,0.38589400679994423,0.5669714674375683
LD_S,Cholinesteráza_S,79,-0.124,0.2781225397216209,0.45047273552552236
Krvný obr._DIFF_5pop: Lymfocyty_%,Trombínový čas,131,-0.124,0.15896856088021852,0.29985963992637416
AST_S,alfa1 AT_S,320,0.124,0.02697672130339757,0.07170841441024467
Bili-priamy_S,Močový sediment A: Baktérie,90,0.124,0.24310530819300333,0.4082601170896511
Imunoblot ANA: Scl-70,SLA a LP,135,0.124,0.1509014675632318,0.2877836885661337
Addisov sediment: Erytrocyty,GF(S)-Shull,36,0.124,0.47123826402645763,0.6454887217248998
Krvný obr._DIFF_5pop: Neutrofily_%,Quickov test: PT_%,1561,-0.124,8.902403720778292e-07,5.496304260262827e-06
Prokalcitonín_S,Moč chemický A: UBG,31,0.124,0.5053976703708005,0.6738282056381314
"ELFO_S: beta1,2_globulín",Močový sediment A: Baktérie,37,0.124,0.4633658675071992,0.6392537147173153
Kálium-S,Krvný obraz: Leukocyty_WBC,50,0.123,0.3938142008495339,0.5750176092845527
Feritin_S,C4_S,181,-0.123,0.09872170327362968,0.20692147175762762
Albumín_S,ASLO_S,1125,-0.123,3.619269140461573e-05,0.00018335898603949263
Amoniak_B,Meď_S,96,-0.123,0.23144530232674007,0.39430732252126033
Krvný obr._DIFF_5pop: Lymfocyty_%,Krvný obr._DIFF_5pop: Monocyty_%,5475,0.123,7.01267460192092e-20,9.748691848140833e-19
Prokalcitonín_S,Moč chemický A: Špec. hmotnosť,31,-0.123,0.5091844734500344,0.6768745902907586
Kalcium_U (zbieraný),Osmolalita_U (jednor,43,0.123,0.43365316941691423,0.613995673123614
Nátrium-S,Močový sediment: Leukocyty,478,-0.123,0.007207946792595887,0.02315690005342105
Horčík-S,GF(S)-Shull,48,0.123,0.40457704897971125,0.5868214593991108
Krvný obr._DIFF_5pop: Leukocyty_WBC,Krvný obr._DIFF_5pop: Šírka dist.kriv._RBC,5474,0.123,6.998951859806019e-20,9.748691848140833e-19
CRP_S,LD_S,1494,0.123,1.8471528572180166e-06,1.1039475166421505e-05
Krvný obr._DIFF_RET: Stred. far.konc._HGB,Krvný obr._DIFF_RET: Stredný objem_PLT,274,0.123,0.041123768920196674,0.10213420795543765
Moč chemicky _ úplne: Bielkoviny,C3_S,165,-0.123,0.11677374576945078,0.2352881721767589
GMT_S,Krvný obr._DIFF_5pop: Eozinofily_#,30,0.123,0.5183553680672313,0.6839483080341278
Krvný obraz_RET: Erytrocyty_RBC,Krvný obraz_RET: Stredný objem_PLT,30,-0.123,0.5160183739817004,0.6818996777659508
Kalcium-S,LD_S,346,-0.122,0.023729863029439763,0.06428819608785963
Chloridy-S,FE_ Kália,50,-0.122,0.3988773877124342,0.5805425072479026
Glukóza_ S,Krvný obraz: Stredná konc._ HGB,41,-0.122,0.44723734656978253,0.626803190548826
Imunoblot ANA: SS-B/La,LC1,109,0.122,0.20533262128381052,0.36165182783921496
Krvný obr._DIFF_5pop: Lymfocyty_%,Krvný obr._DIFF_5pop: Stredný objem_PLT,5414,-0.122,1.5078967273989738e-19,2.073521192460104e-18
Quickov test: PT_INR,Krvný obr._DIFF_RET: Lymfocyty_%,105,-0.122,0.21397860479835568,0.37223638187959895
Cholest-HDL_S,Vitamin D total,37,-0.122,0.4701385349030107,0.6448165181862753
GF(S)- MDRD,Žlčové kyseliny,320,0.122,0.029268443686794626,0.076679187068883
Bili-priamy_S,Solub.transf.recep_S,30,-0.122,0.5195200384854535,0.685017529453487
ALT_S,Prealbumín_S,157,0.122,0.1284275592628514,0.25423240993079793
ELFO_S: alfa1_globulín,TSH_S,212,-0.122,0.07528556766184194,0.16641934981060608
LD_S,Moč chemický A: Špec. hmotnosť,31,-0.122,0.5143686152194522,0.680954180506714
Quickov test: PT_%,Krvný obr._DIFF_RET: Lymfocyty_%,105,0.122,0.21616760929417897,0.37491477527871114
Albumín_S,NSE_S,41,0.122,0.44905293288711956,0.6283173244547847
Kálium-S,"ELFO_S: beta1,2_globulín",599,0.122,0.002789273540530475,0.01004549592006242
Chloridy-S,Moč chemicky _ úplne: Ketolátky,607,-0.122,0.0026893177105208593,0.009724095284541273
Imunoblot ANA: Histones,Imunoblot ANA: SS-A/Ro60kD,419,0.122,0.012103737939579634,0.03635699627903046
IgA_S,Močový sediment: Erytrocyty,81,0.122,0.27712537139989757,0.44955453331430917
Kreatinín_S,Moč chemický A: UBG,156,0.122,0.1284678414340139,0.25423240993079793
ALP_S,Transferín_S,578,-0.121,0.0036466859635573717,0.012687511460284767
Bielkoviny_S,Močový sediment A: Hyalínové valce,99,-0.121,0.23440680736601927,0.39796537872696963
Kreatinín_S,Moč chemicky _ úplne: Bielkoviny,768,0.121,0.0008143668656457062,0.0033228469476218186
Krvný obraz_RET: Leukocyty_WBC,Krvný obraz_RET: Retikulocyty_%,34,0.121,0.49673056728328113,0.6660467061947415
Imunoblot ANA: CENP-B,CCP,197,-0.121,0.08919501418219193,0.19143781253360315
Močový sediment: Leukocyty,Amyláza_U (jednoráz),40,0.121,0.45517396011484523,0.6331771772738366
GMT_S,Krvný obr._DIFF_5pop: Eozinofily_%,30,0.121,0.5241602524829261,0.6882989012038093
Chloridy-S,Kalcium_U (zbieraný),51,0.121,0.39684724894292733,0.5786482838040894
Imunoblot Liver Pro: AMA-M2,Imunoblot Liver Pro: LC1,188,0.121,0.09680981119918802,0.2034511182760309
ELFO_S: alfa1_globulín,Cholest-LDL_S,140,-0.121,0.15285743425504564,0.2904885671020954
ELFO_S: alfa1_globulín,Cholest-HDL_S,244,-0.121,0.058284401028517716,0.13633313686825224
"ELFO_S: beta1,2_globulín",Ceruloplazmín,257,0.121,0.05247372871922596,0.1249028094991542
AST_S,Krvný obr._DIFF_5pop: Stred.far.konc._HGB,38,0.121,0.4682428585221562,0.6433276124981094
Fosfor_S,GF(S)-Cockroft,32,-0.121,0.5101039671388972,0.6771132489705991
Krvný obr._DIFF_RET: Hemoglobín_HGB,Krvný obr._DIFF_RET: Bazofily_%,299,0.121,0.036053148239914255,0.09147190525885593
Bili-celkový_S,Vitamin D total,70,0.121,0.32027413636545743,0.49784722004642795
Chloridy-S,Močový sediment: Leukocyty,476,-0.121,0.008194704472249521,0.02593968984165481
Osmolalita_S,FE_Horčíka,42,-0.121,0.44576976884514663,0.6252982528633698
Krvný obr._DIFF_RET: Monocyty_#,Krvný obr._DIFF_RET: Šírka dist.kriv._RBC,296,0.121,0.03774528368237533,0.09493103215919653
ELFO_S: alfa1_globulín,AFP_S,53,0.121,0.3866375554857381,0.5679325757227501
Krvný obraz_RET: Trombocyty_PLT,Krvný obraz_RET: Stred. far.konc._HGB,34,-0.121,0.49666899864582703,0.6660467061947415
ALP_S,NVK_S,125,-0.121,0.17847123728994257,0.3269157469347454
CRP_S,ASLO_S,1181,0.121,3.005972539488751e-05,0.00015463112180868046
Bili-priamy_S,Horčík-S,673,-0.12,0.0017882771364976942,0.006782641580996926
FE_ Kália,GF(S)-Shull,48,-0.12,0.41803528578161353,0.5992279265727867
Kálium-S,ELFO_S: alfa2_globulín,601,0.12,0.00309294848714671,0.010977375273096677
Urea_S,Krvný obraz: Hematokrit_HCT,49,-0.12,0.4121113535794584,0.5940637058387727
c-ANCA,LC1,69,0.12,0.3251384502854564,0.502824872118672
GF(S)- MDRD,Nátrium-S,5302,0.12,2.1357102404101497e-18,2.752163723595473e-17
Imunoblot ANA: SS-A/Ro52kD,Imunoblot ANA: PCNA,419,0.12,0.013928339973823757,0.04122348134734128
Krvný obr._DIFF_5pop: Eozinofily_#,Krvný obr._DIFF_5pop: Neutrofily_#,5473,-0.12,5.35208532870983e-19,7.203770782477447e-18
Reumat. faktor_S,Vitamin D total,276,-0.12,0.04640569829536233,0.11308607643668463
Bili-celkový_S,GF-rozdiel,32,0.12,0.5121238992452621,0.6792323866190293
Osmolalita_S,Kalcium_U (zbieraný),42,0.12,0.44752495213102883,0.6270679357936537
ANA,Imunoblot ANA: SS-B/La,337,0.12,0.027684938825335556,0.07322332071496952
CK-celková_S,TSH_S,269,0.12,0.049494353124650524,0.11924066188885278
IgM_S,Saturácia Trf,239,0.12,0.06330603447164572,0.14530638084033645
Chloridy-S,Quickov test: PT_%,44,-0.12,0.4360837028767356,0.616097884033789
ALP_S,Troponín T hs,133,0.12,0.16892513796843409,0.3143472177836736
GMT_S,Kálium-S,4524,-0.12,7.167806162091837e-16,8.131620097815972e-15
p-ANCA,Imunoblot Liver Pro: gp210,89,0.12,0.26211515559062576,0.43229947649720807
Bili-celkový_S,Ceruloplazmín,259,0.119,0.056574455553936746,0.13321627729212757
Addisov sediment: Leukocyty,GF(S)-Schwarz,36,0.119,0.4882266758313991,0.6597966542346051
IgA_S,ELFO_S: alfa2_globulín,1362,-0.119,1.0270541224314397e-05,5.654137642813636e-05
Krvný obr._DIFF_5pop: Hemoglobín_HGB,Krvný obr._DIFF_5pop: Bazofilily_#,5477,0.119,7.256542286841861e-19,9.705434347011863e-18
Krvný obr._DIFF_5pop: Trombocyty_PLT,Krvný obr._DIFF_5pop: Bazofilily_#,5477,0.119,9.8663779305836e-19,1.3058562290207836e-17
Krvný obr._DIFF_5pop: Trombocyty_PLT,Krvný obr._DIFF_5pop: Eozinofily_#,5475,0.119,7.973726247445149e-19,1.0619933511534388e-17
Kálium-S,Solub.transf.recep_S,50,0.119,0.409410932945259,0.5912854343565929
Chloridy-S,Močový sediment: Erytrocyty,308,-0.119,0.037472257674703975,0.09435642211945872
Močový sediment: Erytrocyty,CK-MB_S,38,0.119,0.47816114351741856,0.6517394861115984
Urea_S,Moč chemicky _ úplne: Bielkoviny,763,0.119,0.0009602281548380903,0.003851218098286861
ALP_S,ASLO_S,1070,-0.119,9.996589660252234e-05,0.00047607446860256706
Imunoblot ANA: U1-sn RNP,Imunoblot ANA: PM-Scl,419,0.119,0.014589115619126812,0.04281046259968251
GF(S)- MDRD,C4_S,294,-0.119,0.042264524159169536,0.10455861447944083
CRP_S,Krvný obr._DIFF_5pop: Stred.far.konc._HGB,55,0.119,0.38766318037796144,0.5687815669610136
APTT: APTT_ratio,Krvný obr._DIFF_RET: Stredný objem_PLT,93,0.119,0.2568020601952302,0.42563618273422843
Kalcium-S,Saturácia Trf,113,-0.119,0.20794758489091977,0.3644388984309002
Krvný obr._DIFF_RET: Bazofily_#,Krvný obr._DIFF_RET: Neutrofily_#,298,-0.119,0.04066789213148234,0.10123946657966588
Kreatinín_S,FE_H2O,50,0.119,0.41141555490354664,0.5935319956737488
Kálium-S,Beta2 mikroglob. _S,131,0.119,0.1773436520987114,0.3251556195622261
Krvný obr._DIFF_5pop: Erytrocyty_RBC,Krvný obr._DIFF_5pop: Eozinofily_#,5475,0.119,1.0750358377735191e-18,1.416950762940906e-17
Kálium-S,ABR_kapilára: O2_B sat,50,-0.119,0.40927055213953756,0.5912854343565929
Quickov test: PT_INR,Krvný obr._DIFF_RET: Bazofily_#,106,-0.119,0.22578146949026823,0.38767288531666866
Moč chemicky _ úplne: Bielkoviny,Cholest-celk._S,294,-0.119,0.04137321445952715,0.10263335863388365
Bielkoviny_S,Močový sediment A: Hlienové vlákna,100,0.119,0.2393840682877699,0.4040401131328911
C4_S,Močový sediment A: Kvasinky,35,0.119,0.49577147509225716,0.6653302289163793
Cholest-LDL_S,Vitamin D total,38,-0.119,0.4764552889423147,0.650220667953647
Kreatinín_S,ELFO_S: gama_globulín,1224,0.119,3.0234804423826242e-05,0.00015540591626583182
ELFO_S: alfa2_globulín,IGG4,62,-0.119,0.35831528364748355,0.5379833052183023
Osmolalita_U (jednor,FE_ Kalcia,42,-0.118,0.4560083735870373,0.6339214873957216
IgG_S,ELFO_S: alfa2_globulín,1390,-0.118,1.1024980797263167e-05,6.0276852844245187e-05
Bielkoviny_S,Amoniak_P,53,0.118,0.40188237138300165,0.5838460337059705
C4_S,anti TPO_S,81,-0.118,0.29558242489790504,0.46992871505915684
ASLO_S,Fosfor_S,117,-0.118,0.20386794795959426,0.3597956220675693
AST_S,NT-proBNP,186,0.118,0.10731265493382063,0.2205620500791208
GF(S)- MDRD,Krvný obr._DIFF_5pop: Erytrocyty_RBC,41,0.118,0.46353139825009904,0.6393432420935473
Imunoblot ANA: AMA-M2,Imunoblot ANA: CENP-B,419,0.118,0.015430660481901478,0.04506821088164269
GF(S)- MDRD,Krvný obraz: Šírka dist.kriv._RBC,49,0.118,0.42079051308991877,0.6018194798874952
GF(S)- MDRD,Moč chemicky _ úplne: pH,643,0.118,0.002673341240423175,0.009671831947840792
GF(S)- MDRD,Močový sediment A: Epitélie,128,-0.118,0.1854064563402456,0.33592907090708646
Krvný obr._DIFF_5pop: Leukocyty_WBC,Krvný obr._DIFF_5pop: Bazofilily_#,5477,0.118,2.152158836864662e-18,2.7677459697573278e-17
Nátrium-S,CK-celková_S,1101,0.118,8.489100188974968e-05,0.00040764363945999983
ASLO_S,NVK_S,48,-0.118,0.4235690717370212,0.6048402591021119
Krvný obr._DIFF_5pop: Leukocyty_WBC,APTT: APTT_sekundy,1492,-0.118,4.554015569260276e-06,2.6111607320857885e-05
Krvný obr._DIFF_5pop: Lymfocyty_#,Krvný obr._DIFF_5pop: Šírka dist.kriv._RBC,5473,-0.118,1.758853768920839e-18,2.2850711644077896e-17
Imunoblot Liver Pro: AMA-M2,LKM1,139,-0.118,0.16756861541604978,0.31237189370251295
Krvný obr._DIFF_5pop: Erytrocyty_RBC,Krvný obr._DIFF_5pop: Eozinofily_%,5475,0.118,1.4165965945125366e-18,1.8479749825335e-17
Chloridy-S,Krvný obr._DIFF_5pop: Hematokrit_HCT,52,-0.118,0.4058786287363022,0.5881335954878811
Krvný obr._DIFF_RET: Monocyty_%,Krvný obr._DIFF_RET: Stredný objem_PLT,274,0.118,0.05165330618535565,0.12331959947221513
Nátrium_U (zbieraný),FE_ Kalcia,50,-0.118,0.4131486914783409,0.5946383409519482
Amyláza_S,Cholest-celk._S,178,-0.118,0.11540460268054091,0.23304686612507197
Bili-celkový_S,"ELFO_S: beta1,2_globulín",497,-0.118,0.008427133345898279,0.02656951769056663
Cholest-celk._S,Interleukín -6,43,-0.118,0.4508088136827846,0.6294479985333474
IgG_S,T4f_S,128,0.118,0.18386874427524955,0.33412990056655045
ANA,Imunoblot ANA: AMA-M2,341,0.118,0.02926916868283351,0.076679187068883
Osmolalita_S,Horčík_U (zbieraný),42,0.118,0.4551100094075242,0.6331771772738366
Reumat. faktor_S,"ELFO_S: beta1,2_globulín",950,0.118,0.000278769047516669,0.001237609894390914
Amyláza_S,ASLO_S,57,-0.118,0.38068421717328116,0.5613943434776824
Urea_S,Ceruloplazmín,240,0.118,0.06905785895650958,0.155631279868998
Krvný obr._DIFF_5pop: Hematokrit_HCT,Krvný obr._DIFF_5pop: Neutrofily_#,5473,-0.118,1.7664317684336802e-18,2.2902328622161574e-17
Quickov test: PT_%,Krvný obr._DIFF_RET: Lymfocyty_#,105,0.117,0.2350017991921719,0.39886893675337115
Krvný obr._DIFF_RET: Monocyty_#,Krvný obr._DIFF_RET: Eozinofily_%,298,-0.117,0.043033588684453436,0.10613058575789314
Krvný obr._DIFF_5pop: Erytrocyty_RBC,Krvný obr._DIFF_5pop: Bazofilily_#,5477,0.117,3.782466447946084e-18,4.815633135030355e-17
Krvný obr._DIFF_5pop: Neutrofily_#,APTT: APTT_ratio,1491,-0.117,5.695583099046613e-06,3.2220872153377675e-05
Bielkoviny_S,Reumat. faktor_S,1468,0.117,7.400288776696967e-06,4.131285992825644e-05
AST_S,T4f_S,310,0.117,0.039296776004423835,0.09840457940721506
ALP_S,Glukóza_ S,5031,0.117,7.036171195250694e-17,8.418228927199182e-16
Leukocyty,NKbb._ CD16+CD56+,354,-0.117,0.0283873424288359,0.07470786514100848
Krvný obr._DIFF_5pop: Stredná konc._HGB,Diff.rozpočet_ WBC: Eozinofily,158,0.117,0.14287304651278657,0.2762241218794075
Horčík-S,Prokalcitonín_S,196,0.117,0.10284269623439564,0.21316791164016818
Chloridy-S,Krvný obr._DIFF_5pop: Neutrofily_#,52,-0.117,0.40722598906673146,0.5890497970266269
Chloridy-S,CIK_S,62,0.117,0.366159275693951,0.5463151429036334
Imunoblot ANA: Ku,ANA  HEp-2,217,-0.117,0.08519616576617844,0.18466436066616568
Krvný obr._DIFF_5pop: Lymfocyty_#,Diff.rozpočet_ WBC: Eozinofily,157,-0.117,0.1439053560579901,0.27779724309827136
ELFO_S: alfa1_globulín,anti TG II,31,0.117,0.5302672860183806,0.6934516401965359
Chloridy-S,FE_ Kalcia,50,-0.116,0.4232215806488845,0.6045032966006043
Urea_S,Kálium-S,5904,0.116,3.8783452301894555e-19,5.264770779357609e-18
Kreatinín_S,Močový sediment A: Epitélie,157,-0.116,0.14690568705491344,0.28230242887473234
Chloridy-S,Močový sediment A: Kryštály,124,-0.116,0.20122117210005058,0.3569835538541249
GMT_S,GF(S)- MDRD,5592,-0.116,3.3480094984873814e-18,4.2710651292952473e-17
IgM_S,Kys. močová_S,310,-0.116,0.04083079310089805,0.10152564718982594
Moč chemický A: pH,Močový sediment A: Erytrocyty,474,-0.116,0.011332924417272943,0.03443236194305835
Urea_S,ABR_kapilára: O2_B sat,35,0.116,0.5067369631220398,0.6749314213863357
LD_S,IgG_S,800,-0.116,0.0010627157749206727,0.004211748794804138
Horčík-S,Fosfor_U (zbieraný),50,-0.116,0.4207303544594878,0.6018194798874952
ABR_artéria: O2_B sat,ABR_artéria: BE_B,298,-0.116,0.04477495255041625,0.10974354689536822
ASLO_S,Transferín_S,100,-0.116,0.25120718306589646,0.4187665269004566
Krvný obr._DIFF_5pop: Stred.far.konc._HGB,Diff.rozpočet_ WBC: Neutrofilné segmenty,209,-0.116,0.09351667560175277,0.19803714669931177
C4_S,Kalcium ionizované_S,123,0.116,0.19942664641422542,0.35459207519439523
ALP_S,C3_S,878,0.116,0.0005755623798296349,0.002423159575253592
Imunoblot ANA: CENP-B,Imunoblot ANA: SmD1,418,0.116,0.01769898984245866,0.05046754150320461
Imunoblot ANA: Rib-PO,DNP / Nucleo-h /,97,-0.116,0.25767365538277437,0.4267415182354387
Chloridy-S,anti TPO_S,130,-0.116,0.18757970197177185,0.3388381707781253
Nátrium-S,Cholest-HDL_S,587,0.116,0.004772670454344989,0.0161797093897832
Glukóza_ S,Bili-priamy_S,3934,0.116,3.6064269447882337e-13,3.5048549380810847e-12
Imunoblot ANA: AMA-M2,Imunoblot ANA: Scl-70,419,0.116,0.01704849757985425,0.04890831677061081
Kys. močová_S,Močový sediment A: Epitélie,67,-0.115,0.35232267765893843,0.5325496005632253
GMT_S,Močový sediment A: Erytrocyty,128,0.115,0.19471304168902587,0.3484540715071497
Chloridy-S,Kálium_U (zbieraný),53,0.115,0.41253261607447955,0.5941947831989403
ELFO_S: alfa2_globulín,Močový sediment A: Kvasinky,39,0.115,0.48447352465819393,0.6564604743079256
Imunoblot ANA: Ku,Imunoblot ANA: SS-B/La,415,0.115,0.018930475158461007,0.05335639249410061
Imunoblot ANA: SS-B/La,AMAM2,140,0.115,0.1760782208386325,0.32339547180914496
Krvný obr._DIFF_5pop: Leukocyty_WBC,APTT: APTT_ratio,1492,-0.115,8.614681308268626e-06,4.7673406229469147e-05
Krvný obr._DIFF_5pop: Stred.far.konc._HGB,Diff.rozpočet_ WBC: Eozinofily,158,0.115,0.1509358177715028,0.2877836885661337
Chloridy-S,Krvný obraz: Stredný objem_RBC,49,0.115,0.43086582764632475,0.6115113938667133
ELFO_S: alfa1_globulín,Saturácia Trf,251,-0.115,0.06899991563300036,0.15555587793344614
Kalcium-S,Močový sediment A: Epitélie,85,-0.115,0.293657929088944,0.467922955480828
Krvný obr._DIFF_5pop: Lymfocyty_#,APTT: APTT_sekundy,1492,-0.115,8.85130630375984e-06,4.8940251477620766e-05
Krvný obr._DIFF_5pop: Stredný objem_RBC,Krvný obr._DIFF_5pop: Neutrofily_%,5473,0.115,1.2419608709521021e-17,1.5440660299723493e-16
Bili-celkový_S,Močový sediment A: Hyalínové valce,92,-0.115,0.2757842447666217,0.4478674097654263
Fosfor_S,anti TPO_S,96,0.115,0.2644746647741045,0.43506150836610197
C3_S,anti TG II,30,0.115,0.5451587654316215,0.7053754861073506
"ELFO_S: beta1,2_globulín",Močový sediment A: Kvasinky,39,0.115,0.48451804880054516,0.6564604743079256
Amyláza_S,Prokalcitonín_S,216,-0.114,0.09464409380387365,0.19980148917849555
Bielkoviny_S,IgA_S,1469,0.114,1.1589876592223719e-05,6.325643126322791e-05
Krvný obr._DIFF_5pop: Neutrofily_#,APTT: APTT_sekundy,1491,-0.114,1.0675733786109185e-05,5.8569030002721635e-05
ELFO_S: alfa1_globulín,Transferín_S,300,-0.114,0.04922536449908868,0.11876458676861505
Moč chemický A: pH,Močový sediment A: Kryštály,471,0.114,0.013183790758790287,0.039370871931998355
Saturácia Trf,alfa1 AT_S,163,-0.114,0.1476324614809938,0.28328851783359676
Krvný obr._DIFF_RET: Hemoglobín_HGB,Krvný obr._DIFF_RET: Lymfocyty_%,298,0.114,0.04968159249123001,0.1195557413245395
CRP_S,TSH_S,458,-0.114,0.014505490388213926,0.04262413526194407
ALT_S,Transferín_S,585,0.114,0.00557490840110658,0.018543137734151886
Fosfor_S,Cholest-HDL_S,138,0.114,0.18299528210449176,0.3331143344440791
Triacylglyceroly_S,Amoniak_B,48,-0.114,0.43981169335544146,0.6189906264703411
Krvný obr._DIFF_5pop: Neutrofily_%,Quickov test: PT_INR,1561,0.114,6.2882491050625076e-06,3.541599872736003e-05
TSH_S,Fosfor_S,198,0.114,0.10858676630906589,0.22260462289819155
B Ly_ CD19+,Imunoreg.index_IRI,354,0.114,0.03263126734540053,0.08433947983943434
Kalcium-S,Lipáza_S,150,-0.114,0.16297413185131976,0.30551037463895975
Imunoblot ANA: Scl-70,Imunoblot Liver Pro: AMA-M2,164,0.114,0.1477980314072347,0.28341711244496287
Moč chemicky _ úplne: pH,Transferín_S,46,0.114,0.44920782113546864,0.6283173244547847
Imunoblot ANA: Histones,c-ANCA,274,0.114,0.0590991820530957,0.13788362232218768
Moč chemicky _ úplne: Bielkoviny,IgA_S,176,0.114,0.1302646967744385,0.25677059218368226
Glukóza_ S,Krvný obr._DIFF_5pop: Šírka dist.kriv._RBC,34,0.114,0.5201998576394453,0.685505714516522
Glukóza_ S,Foláty,204,0.114,0.10373060458308613,0.21458030734306205
ASLO_S,Močový sediment A: Epitélie,45,-0.114,0.45627470574114826,0.6340852048532545
Nátrium-S,ASLO_S,530,-0.114,0.008442744758017071,0.026605534448255187
GF(S)-Schwarz,GF(S+U)-deti,49,0.114,0.43443289459053,0.6144149998516556
Krvný obr._DIFF_RET: Stredný objem_RBC,Krvný obr._DIFF_RET: Neutrofily_#,298,-0.114,0.04960085573221779,0.11940668301128443
Imunoblot ANA: SS-A/Ro52kD,LC1,112,-0.114,0.23118533483221404,0.3940757800346273
ALP_S,Močový sediment A: Kryštály,108,0.114,0.23816206022893172,0.40267466026894483
Moč chemicky _ úplne: Ketolátky,CK-MB_S,60,0.113,0.3908015053387949,0.5712325596058384
Krvný obr._DIFF_5pop: Erytrocyty_RBC,Diff.rozpočet_ WBC: Neutrofilné segmenty,209,0.113,0.10178520078511201,0.2117358810045241
Bielkoviny_S,Feritin_S,833,-0.113,0.0010838063858899611,0.00428731131354852
Prokalcitonín_S,ABR_artéria: O2_B sat,77,0.113,0.3259540590910258,0.5037183501350734
LD_S,C4_S,746,0.113,0.0019990547740663506,0.007474982330572999
ALT_S,Chloridy-S,4879,-0.113,2.203182272312544e-15,2.396715235616711e-14
Bili-celkový_S,Močový sediment A: Leukocyty,92,0.113,0.2821765657945565,0.45487635688729194
Albumín_S,T4f_S,302,-0.113,0.04955612680265352,0.11934422804293321
Krvný obr._DIFF_5pop: Hematokrit_HCT,Krvný obr._DIFF_5pop: Bazofilily_#,5477,0.113,3.8458798395456667e-17,4.686575471825565e-16
Krvný obr._DIFF_5pop: Hematokrit_HCT,Krvný obr._DIFF_5pop: Eozinofily_%,5475,0.113,4.3380469980015815e-17,5.259468049294665e-16
ANA,Imunoblot ANA: U1-sn RNP,341,0.113,0.03631488622299702,0.0919890239931021
C4_S,Močový sediment A: Baktérie,34,0.113,0.5255339414438467,0.6893902808161797
ALP_S,IgG_S,1221,-0.113,7.920772681619407e-05,0.0003820855645127417
CK-MB_S,Cholest-LDL_S,45,-0.113,0.46014416620567655,0.6365563697793981
Krvný obr._DIFF_RET: Monocyty_#,Krvný obr._DIFF_RET: Stredný objem_PLT,274,-0.113,0.06072079075572345,0.14063404435694898
ASLO_S,Močový sediment A: Hlienové vlákna,45,0.113,0.46054616726010755,0.6367464201530932
Imunoblot ANA: AMA-M2,Imunoblot ANA: Ku,419,0.113,0.020439956054671277,0.05668050668499634
IgM_S,Močový sediment: Erytrocyty,81,-0.113,0.313378612525981,0.4896444479531621
Kreatinín_S,ASLO_S,1134,0.113,0.00013387192361053306,0.000627203783700381
c-ANCA,Imunoblot Liver Pro: LC1,88,0.113,0.2942738970806937,0.4685398822057818
Kalcium-S,C3_S,271,0.113,0.06260606966777972,0.14431653142213519
ALT_S,Horčík-S,906,0.112,0.0007047331570390314,0.0029205282104820397
GMT_S,anti TG II,45,0.112,0.4639506401296001,0.6395049721725644
GF(S)- MDRD,Etanol v sére,155,0.112,0.1642072298195816,0.3072779178332259
Addisov sediment: Erytrocyty,GF(S+U)-deti,36,0.112,0.5155467955941777,0.6817795154891363
Triacylglyceroly_S,Močový sediment A: Erytrocyty,55,-0.112,0.41707092310361715,0.5982076334193102
Amyláza_S,Moč chemický A: UBG,46,-0.112,0.45691023161262634,0.6345152364273028
Kálium-S,Močový sediment A: Leukocyty,124,-0.112,0.2170782434546179,0.3762886986813609
Kreatinín_S,Krvný obraz: Šírka dist.kriv._RBC,50,-0.112,0.4378896979485518,0.6171647849591824
NKbb._CD16+CD56+_ap,Imunoreg.index_IRI,354,-0.112,0.03555049302591946,0.0903770637029477
Krvný obraz_RET: Retikulocyty_%,Krvný obraz_RET: Stred. far.konc._HGB,34,-0.112,0.5286126429449073,0.6921426464610462
APTT: APTT_sekundy,Krvný obr._DIFF_RET: Hematokrit_HCT,104,-0.112,0.25583400062557354,0.42436381357030517
Kalcium-S,Fosfor_U (zbieraný),51,0.112,0.4347783518972592,0.6146299220301041
ELFO_S: gama_globulín,Močový sediment A: Leukocyty,39,-0.112,0.4983203353310458,0.6677555558654575
Krvný obr._DIFF_RET: Hematokrit_HCT,Krvný obr._DIFF_RET: Monocyty_#,298,-0.112,0.05365470725156304,0.12728467332680357
Imunoblot ANA: Mi-2,Imunoblot ANA: dsDNA,419,0.112,0.021601321580358965,0.059408309956718836
Imunoblot ANA: Nucleosomes,ANA  HEp-2,217,0.112,0.0998785386467267,0.20886952510549425
GMT_S,ASLO_S,1066,0.112,0.0002477156513571762,0.0011074859486784943
ALT_S,Fibrinogén,39,-0.111,0.500429457286563,0.6695862693692755
APTT: APTT_sekundy,Krvný obr._DIFF_RET: Hemoglobín_HGB,104,-0.111,0.26274796719233295,0.4331182759659811
Bielkoviny_S,Moč chemický A: UBG,100,-0.111,0.27221873556021325,0.44412060272574083
Urea_S,Krvný obr._DIFF_5pop: Stredná konc._HGB,48,0.111,0.45353167538179895,0.631584115234671
Bielkoviny_S,CK-celková_S,1273,0.111,6.746970065304565e-05,0.00032921275595145855
Kálium-S,Krvný obr._DIFF_5pop: Leukocyty_WBC,52,-0.111,0.4340476054607707,0.6142803380468426
Glukóza_ S,Močový sediment A: Erytrocyty,141,-0.111,0.18889580558777208,0.34044114975861445
ABR_artéria: O2_B sat,ABR_artéria: HCO3_B -  stand.,298,-0.111,0.05477759772227023,0.129561458797313
Nátrium-S,Krvný obr._DIFF_5pop: Lymfocyty_%,52,0.111,0.43461329283371886,0.6145333294842235
Kalcium-S,CK-MB_S,595,-0.111,0.006646425591863967,0.021521275119832713
GMT_S,Krvný obr._DIFF_5pop: Hematokrit_HCT,30,-0.111,0.5583758406637083,0.7170733203429429
GF(S)- MDRD,Močový sediment A: Kvasinky,127,0.111,0.21474136301924307,0.3731542339336026
Chloridy-S,Glukóza_ S,4976,-0.111,5.069856905039058e-15,5.4132438517164936e-14
IgA_S,TSH_S,274,-0.111,0.06696654784352686,0.15200213198091436
CA 125_S,CA 15-3_S,43,0.111,0.48030945417795146,0.6532661019894082
ALP_S,ELFO_S: gama_globulín,1163,-0.11,0.0001679802518551184,0.0007705260216863303
Albumín_S,Meď_S,199,0.11,0.12230753086870433,0.24457656393102883
Urea_S,Močový sediment A: Hlienové vlákna,155,-0.11,0.17234729194003942,0.31873288510932424
Kálium-S,Krvný obr._DIFF_5pop: Bazofily_%,52,0.11,0.43643610259052024,0.616097884033789
Amyláza_S,ELFO_S: alfa2_globulín,71,0.11,0.36324239030279004,0.5433668249572934
Bili-priamy_S,Močový sediment: Valce,54,0.11,0.4281682574322563,0.6094438053925085
Nátrium-S,T3f_S,153,0.11,0.17545336366108344,0.32280776696752483
Chloridy-S,Haptoglobín_S,78,-0.11,0.3381186289710353,0.5174819681650173
Moč chemicky _ úplne: pH,alfa1 AT_S,94,-0.11,0.2917407292565388,0.465748375617086
ANA  HEp-2,LC1,30,0.11,0.5617254316534714,0.719339179055534
ASLO_S,Amoniak_B,55,0.11,0.4246005922279932,0.6055198185590489
CRP_S,HBDH_S,102,0.11,0.2718579962466029,0.4438186931902766
CRP_S,Moč chemický A: UBG,145,0.11,0.18888248610234912,0.34044114975861445
Krvný obr._DIFF_RET: Bazofily_%,Krvný obr._DIFF_RET: Nezrelé formy RET,298,0.11,0.05848021881336213,0.13669051880842148
Glukóza_ S,Železo_S,825,0.11,0.0015316631822462358,0.00585478712202788
LD_S,anti TPO_S,101,-0.11,0.27362028398052174,0.4458347433003987
Krvný obr._DIFF_5pop: Erytrocyty_RBC,Krvný obr._DIFF_5pop: Bazofily_%,5476,0.11,3.296931223943267e-16,3.815191997397373e-15
Imunoblot ANA: Rib-PO,Imunoblot Liver Pro: gp210,163,0.11,0.16174068026820254,0.30373589764820896
Železo_S,Amoniak_B,134,0.11,0.2039642216479192,0.3598243060169656
NSE_S,SCCA_S,31,0.11,0.5545101212831797,0.7134068044779345
Quickov test: PT_INR,Diff.rozpočet_ WBC: Eozinofily,33,-0.11,0.5428158397073422,0.7037183302918405
Urea_S,Fibrinogén,45,-0.11,0.470762182316118,0.6451147852144732
Kreatinín_S,Chloridy_U (zbieraný,55,0.11,0.4258420709927284,0.6067222868393818
Nátrium-S,LD_S,732,-0.109,0.003114009420272735,0.011045953013396252
Krvný obr._DIFF_5pop: Bazofily_%,Krvný obr._DIFF_5pop: Monocyty_#,5474,-0.109,5.496494905552806e-16,6.2579269059098525e-15
Reumat. faktor_S,Železo_S,211,-0.109,0.11429332144988269,0.23109658535044705
ELFO_S: gama_globulín,anti TPO_S,83,-0.109,0.32459306466701876,0.5023482922849136
Cyt.TLy_CD8+,CCP,59,-0.109,0.4114457593179899,0.5935319956737488
ELFO_S: gama_globulín,Moč chemický A: UBG,38,-0.109,0.5133459261011298,0.6801119256800635
Kálium-S,APTT: APTT_ratio,44,0.109,0.4806470424006404,0.65344546551921
Krvný obr._DIFF_5pop: Bazofilily_#,Diff.rozpočet_ WBC: Monocyty,206,-0.109,0.1198207288323356,0.24036030636938052
APTT: APTT_ratio,Krvný obr._DIFF_RET: Retikulocyty_%,104,-0.109,0.2717397281863425,0.4438186931902766
Quickov test: PT_INR,Krvný obr._DIFF_RET: Lymfocyty_#,105,-0.109,0.2700405542933255,0.4417012465050198
ALT_S,Močový sediment A: Kryštály,139,0.109,0.20211743624200543,0.3581735209052888
Krvný obr._DIFF_5pop: Hemoglobín_HGB,Krvný obr._DIFF_5pop: Eozinofily_%,5475,0.109,8.074820286049056e-16,9.11178210963937e-15
CRP_S,Močový sediment: Valce,57,0.109,0.42000272304199393,0.6010987383387671
Kreatinín_S,Cholest-HDL_S,702,-0.109,0.0037453502150621315,0.012988105849503122
Triacylglyceroly_S,anti TPO_S,33,0.109,0.5475720531849142,0.7074018918685074
Urea_S,Krvný obr._DIFF_5pop: Neutrofily_%,48,-0.109,0.45936721713471984,0.6360854251213764
Krvný obr._DIFF_5pop: Bazofilily_#,APTT: APTT_ratio,1492,0.109,2.2632317151212484e-05,0.00011834000893963202
Fosfor_S,Osmolalita_U (jednor,42,-0.109,0.4907787673849978,0.6622594539500618
ALT_S,Kalcium-S,1938,-0.109,1.5382810483682707e-06,9.245694891469841e-06
Fosfor_S,Kreatinín_U (zbier.),80,-0.109,0.3336054831244176,0.5124035455617383
Imunoblot ANA: Histones,p-ANCA,274,0.109,0.07045858374009269,0.1577805366587271
Krvný obr._DIFF_5pop: Stred.far.konc._HGB,Factor V,45,-0.109,0.4743266075760083,0.6483685250006169
Imunoblot ANA: Ku,CCP,197,0.109,0.12565447647725875,0.24969749423210033
Kálium-S,Cholest-HDL_S,585,0.108,0.009164700571954645,0.028568862970376772
Imunoblot ANA: U1-sn RNP,Imunoblot ANA: SS-B/La,415,0.108,0.027965426009795166,0.07384220758114243
Močový sediment: Leukocyty,T4f_S,38,0.108,0.5172003761217325,0.6831130955304298
Cholest-HDL_S,Močový sediment A: Spermie,49,-0.108,0.4617466189602072,0.6377122326639557
Quickov test: PT_%,Krvný obr._DIFF_RET: Bazofily_#,106,0.108,0.27012926274586596,0.44173261421479704
Krvný obr._DIFF_5pop: Bazofilily_#,Diff.rozpočet_ WBC: Neutrofil.nesegmenty,131,-0.108,0.22073425667396585,0.3808595145708053
Krvný obr._DIFF_5pop: Neutrofily_%,Diff.rozpočet_ WBC: Neutrofil.nesegmenty,127,0.108,0.225125146279115,0.3867550173908106
GMT_S,Krvný obr._DIFF_5pop: Lymfocyty_%,30,-0.108,0.5687134560377979,0.725509354660267
Prokalcitonín_S,ABR_artéria: PCO2_B,77,-0.108,0.3498355730294954,0.5303043176941982
ABR_kapilára: PO2_B,ABR_kapilára: BB_B,101,-0.108,0.28014815243646146,0.45275533259446443
AST_S,Krvný obr._DIFF_5pop: Neutrofily_%,38,-0.108,0.5205935747466187,0.6857218728026415
Krvný obr._DIFF_5pop: Bazofily_%,D_dimer INOV,208,-0.108,0.121159192947183,0.24258567689677074
Kys. močová_S,Kalcium ionizované_S,159,-0.108,0.17639496249168882,0.32388358286407487
Kálium-S,ABR_artéria: PCO2_B,167,-0.108,0.16608274898241662,0.3104218017903186
AST_S,Krvný obr._DIFF_5pop: Šírka dist.kriv._RBC,38,0.108,0.5181660568905139,0.6839483080341278
Krvný obr._DIFF_RET: Bazofily_#,Krvný obr._DIFF_RET: Hemoglobín_HGB,299,0.108,0.063238293207222,0.1452468824097908
Kálium-S,Moč chemicky _ úplne: pH,610,-0.108,0.007477090231487889,0.023894343179397665
ELFO_S: alfa2_globulín,anti TPO_S,83,0.108,0.3311917912685841,0.5101100732903596
Bili-priamy_S,Moč chemicky _ úplne: Ketolátky,478,0.108,0.017801209405680637,0.05073624197141727
Fosfor_S,CEA _S,37,0.108,0.5258161518517708,0.689618086852663
Krvný obr._DIFF_RET: Retikulocyty_#,Krvný obr._DIFF_RET: Eozinofily_#,298,0.108,0.06377983823957199,0.14617363359884591
Chloridy-S,Solub.transf.recep_S,51,0.108,0.45017525520259316,0.6290234383417932
Cholest-HDL_S,CIK_S,35,-0.108,0.5353674972241244,0.6973938301957888
ALP_S,Močový sediment A: Erytrocyty,109,-0.108,0.26404956435569027,0.43469989177292057
APTT: APTT_ratio,D_dimer INOV,260,-0.108,0.08240009946329645,0.17983092816568957
Imunoblot ANA: SS-B/La,ANA  HEp-2,217,0.107,0.11638267221888535,0.234649037323573
IgM_S,Močový sediment A: Baktérie,38,0.107,0.5211355059075812,0.6861352151247619
Triacylglyceroly_S,Močový sediment A: Kryštály,54,0.107,0.439413630829917,0.6185674266923251
Imunoblot Liver Pro: AMA-M2,Imunoblot Liver Pro: Sp100,188,0.107,0.1451398755771185,0.27984025175764304
Imunoblot ANA: Scl-70,Imunoblot ANA: SmD1,418,0.107,0.02829182437197089,0.07451822563645567
ELFO_S: Albumín,ASLO_S,943,-0.107,0.0009665878310209747,0.0038742791738020517
Imunoblot ANA: PCNA,CCP,197,0.107,0.13594138250549678,0.26548896497307745
AST_S,Moč chemicky _ úplne: Ketolátky,726,0.107,0.0038154521212791746,0.013209573474924576
ANA  HEp-2,Imunoblot Liver Pro: LC1,43,0.107,0.4956836148556326,0.6653302289163793
GMT_S,Vitamin D total,413,-0.107,0.029901727839326507,0.0781430180844267
ALT_S,Krvný obr._DIFF_5pop: Stred.far.konc._HGB,38,-0.107,0.5214325230005274,0.6861352151247619
Krvný obr._DIFF_RET: Eozinofily_#,Krvný obr._DIFF_RET: Stredný objem_PLT,274,-0.107,0.07763626882529127,0.1706654726114448
Krvný obr._DIFF_RET: Lymfocyty_#,Krvný obr._DIFF_RET: Monocyty_%,298,-0.107,0.06502418784559326,0.14859664222412014
Krvný obr._DIFF_5pop: Stredný objem_PLT,Diff.rozpočet_ WBC: Monocyty,203,-0.107,0.12866340006297936,0.25448274613951055
Saturácia Trf,IGG4,50,-0.107,0.46078585893519863,0.63693919969872
Moč chemicky _ úplne: pH,C4_S,166,-0.107,0.17052739424354454,0.31658694787528885
ELFO_S: alfa2_globulín,TSH_S,212,-0.107,0.1195835252849798,0.23996024514702358
Chloridy-S,Quickov test: PT_INR,44,0.106,0.492947524217648,0.6634948350327792
Imunoblot ANA: Rib-PO,CCP,197,0.106,0.13954703747838074,0.27127978246638706
Kalcium_U (zbieraný),FE_ Nátria,50,-0.106,0.4644237981425319,0.6396020788206167
Imunoblot ANA: SmD1,Imunoblot Liver Pro: gp210,162,0.106,0.17978028256889342,0.3287726527413253
Reumat. faktor_S,Kys. močová_S,667,-0.106,0.006372857092532808,0.020783758269435793
Fosfor_U (zbieraný),FE_Fosforu,50,0.106,0.46504737818742015,0.6401833138948386
Imunoblot ANA: Nucleosomes,Imunoblot Liver Pro: gp210,163,0.106,0.17990639243365011,0.32890512550531775
Moč chemicky _ úplne: Bielkoviny,Cholest-HDL_S,227,-0.106,0.1106872116165988,0.2257450579134036
Železo_S,CVK_S,271,0.106,0.08226253922566944,0.1795924095191333
Glukóza_ S,Bili-celkový_S,3966,0.106,2.09825324429689e-11,1.843734835548844e-10
ALT_S,Quickov test: PT_%,39,-0.106,0.5196126986362906,0.685017529453487
ASLO_S,Meď_S,80,-0.106,0.351370415773547,0.531513064165882
CK-celková_S,IgG_S,596,-0.106,0.009667365129277334,0.029930200129775292
Imunoblot ANA: U1-sn RNP,Imunoblot ANA: SS-A/Ro52kD,419,0.106,0.030209168854047223,0.07888156585686888
GMT_S,C4_S,865,0.106,0.0018411007363447578,0.00695393161593237
Osmolalita_S,Nátrium_U (zbieraný),42,0.106,0.504322344034512,0.67295943113868
p-ANCA,DNP / Nucleo-h /,104,0.106,0.2852212869133183,0.45873692044564834
IgG_S,TSH_S,211,0.106,0.12541616620643609,0.24930190985903894
Krvný obr._DIFF_5pop: Stredný objem_PLT,Diff.rozpočet_ WBC: Neutrofil.nesegmenty,128,0.106,0.23213884179862876,0.3950219155271138
Nátrium-S,Beta2 mikroglob. _S,131,-0.106,0.22976303006361468,0.39238831451455486
Fosfor_S,Amoniak_B,55,0.106,0.44210279819786125,0.6215266822197416
Bili-celkový_S,Prealbumín_S,140,0.106,0.21233831209911866,0.3703968415062331
Kreatinín_S,Krvný obr._DIFF_5pop: Bazofilily_#,48,0.106,0.4743612315760849,0.6483685250006169
AST_S,TSH_S,616,0.105,0.009043032871507345,0.028286749302159606
Urea_S,Močový sediment A: Erytrocyty,154,0.105,0.19337376726266095,0.34674105092285773
APTT: APTT_ratio,Krvný obr._DIFF_RET: Hemoglobín_HGB,104,-0.105,0.2868817777826322,0.4602424076396622
APTT: APTT_ratio,Krvný obr._DIFF_RET: Nezrelé formy RET,103,0.105,0.29130171812138783,0.46555976671347893
Imunoblot ANA: CENP-B,Imunoblot ANA: SS-A/Ro52kD,419,0.105,0.031228770653400583,0.08117691487768162
Glukóza_ S,Močový sediment A: Leukocyty,140,-0.105,0.21503723306908207,0.373465460615541
Glukóza_ S,IgA_S,758,0.105,0.003965195490511991,0.013683262874102486
GMT_S,ABR_artéria: PO2_B,79,0.105,0.3578943866405482,0.5377727148361879
GMT_S,GF-rozdiel,37,0.105,0.5346956868584987,0.697205520591344
Krvný obr._DIFF_RET: Stredný objem_RBC,Krvný obr._DIFF_RET: Hemoglobín_HGB,299,0.105,0.07070736095061914,0.15811470049957177
Krvný obr._DIFF_RET: Leukocyty_WBC,Krvný obr._DIFF_RET: Šírka dist.kriv._RBC,297,0.105,0.07020601271872123,0.15743692156796188
Kálium-S,Kys. močová_S,777,0.105,0.0033785894287856762,0.01188492726526877
Imunoblot ANA: Nucleosomes,Imunoblot ANA: SS-A/Ro60kD,419,0.105,0.03218131166641616,0.08342504841797178
CA 19-9_S,PSAc_S,36,0.105,0.5408867265702195,0.7021377069340821
Fosfor_S,Osmolalita_S,57,0.105,0.4350941147475911,0.6149394685186755
Bielkoviny_S,NSE_S,38,-0.105,0.5295220274045601,0.6926196088328537
Bili-celkový_S,Cholest-celk._S,842,-0.105,0.0022681863768824924,0.008363196780228946
Nátrium-S,Fosfor_S,841,-0.105,0.0022796574065112414,0.008390882678775155
LD_S,Meď_S,108,-0.105,0.27799816541681205,0.45042650979163656
Bielkoviny_S,Etanol v sére,97,-0.105,0.30622004020921134,0.48141942970777524
Leukocyty,Imunoreg.index_IRI,354,0.105,0.04877952154625226,0.11792538091404256
anti- transglut. IgG,DGP IgG,79,0.104,0.36010213219163467,0.5399407235811788
Nátrium-S,Krvný obraz: Šírka dist.kriv._RBC,50,-0.104,0.4714596641775961,0.645513630715575
GF(S)- MDRD,Haptoglobín_S,70,-0.104,0.39086225981529665,0.5712325596058384
ELFO_S: alfa2_globulín,ELFO_S: gama_globulín,1604,-0.104,2.8313162061055576e-05,0.00014600123260867376
Imunoblot ANA: U1-sn RNP,CCP,197,0.104,0.14768637983076854,0.28328851783359676
CK-celková_S,Amoniak_P,40,-0.104,0.5220163784199163,0.6864769306772363
Chloridy-S,HBDH_S,94,0.104,0.31829827291028207,0.49538190293949586
Železo_S,T3f_S,52,0.104,0.462233486697041,0.6380887030773137
Kálium-S,Troponín T hs,212,-0.104,0.1308472088479949,0.25751930539383877
Bili-priamy_S,Etanol v sére,149,0.104,0.20777125865636215,0.36423035492380484
Cholest-LDL_S,CVK_S,51,0.104,0.4691530507561268,0.6441602185981572
Bili-celkový_S,ASLO_S,305,-0.104,0.07060785101744714,0.15794777377247946
CRP_S,Krvný obr._DIFF_5pop: Neutrofily_#,55,0.104,0.4503107903266287,0.6290291228990923
Krvný obraz_RET: Retikulocyty_#,Krvný obraz_RET: Stredný objem_PLT,30,-0.104,0.5855618789916209,0.7398716422501527
CRP_S,Krvný obr._DIFF_5pop: Eozinofily_%,55,-0.104,0.45141178582224895,0.6298746047284752
Amyláza_S,Železo_S,364,-0.104,0.0477056091705581,0.11550066122734587
Imunoblot ANA: SS-A/Ro52kD,Imunoblot ANA: SmD1,418,0.104,0.03306900936349563,0.0852281608463642
CRP_S,CK-MB_S,707,-0.104,0.005684548472192756,0.018828955393034714
GF(S)- MDRD,Triacylglyceroly_S,773,-0.103,0.004229315144462602,0.014515850412085848
ELFO_S: Albumín,anti TPO_S,83,-0.103,0.35608368237833365,0.5359392641908443
GF(S)- MDRD,Meď_S,143,-0.103,0.21896316679899472,0.37833422128331107
Imunoblot ANA: Histones,Imunoblot Liver Pro: Sp100,164,0.103,0.18839451185605313,0.33999172756554763
IgG_S,C3_S,1045,0.103,0.0008993072513956895,0.0036321036033800484
Urea_S,Krvný obraz: Leukocyty_WBC,49,-0.103,0.4810574014661684,0.6537235660993728
Bielkoviny_S,Haptoglobín_S,111,0.103,0.2835539125414625,0.45628622248629974
Krvný obr._DIFF_RET: Stredná konc._HGB,Krvný obr._DIFF_RET: Bazofily_%,299,0.103,0.07508171412011878,0.16608430703520705
Krvný obr._DIFF_5pop: Eozinofily_#,Trombínový čas,131,0.103,0.24255992681638455,0.40755969718711743
TSH_S,anti TPO_S,304,0.103,0.07387998771273059,0.16388252860997815
Krvný obr._DIFF_5pop: Šírka dist.kriv._RBC,Fibrinogén,1497,-0.103,6.229209522978587e-05,0.0003060647184801467
Močový sediment: Leukocyty,TSH_S,64,0.103,0.419503587281856,0.6005371193759389
Chloridy-S,Krvný obr._DIFF_5pop: Erytrocyty_RBC,52,-0.103,0.4686104822750762,0.6436934905715803
Glukóza_ S,Amyláza_S,2178,-0.103,1.4623667683270736e-06,8.806081591641609e-06
Imunoblot ANA: Mi-2,c-ANCA,274,0.103,0.08933311479205565,0.19160475296216392
Imunoblot ANA: Nucleosomes,Imunoblot Liver Pro: LKM1,164,0.103,0.1878004719325613,0.3390441597577613
Chloridy-S,Foláty,230,0.103,0.11858357461610042,0.238330101087025
Albumín_S,Močový sediment A: Kryštály,104,-0.103,0.2971698010766641,0.4712730270194825
Krvný obr._DIFF_5pop: Trombocyty_PLT,Krvný obr._DIFF_5pop: Monocyty_%,5475,-0.103,2.5421802693280074e-14,2.6346608892399395e-13
Močový sediment A: Hlienové vlákna,Močový sediment A: Zhluky leukocytov,477,-0.103,0.02515203250833665,0.06755471658921698
Kálium-S,Proteinúria kvant._U,80,-0.102,0.367668130871437,0.5477944735990242
Nátrium-S,Albumín_S,3632,0.102,7.644466449415954e-10,6.078259743822222e-09
Krvný obr._DIFF_5pop: Monocyty_%,Antitrombín III,81,-0.102,0.36406206062192026,0.5443366135869756
GF(S)- MDRD,Močový sediment A: Erytrocyty,127,-0.102,0.2520078260816967,0.4198808599782374
Moč chemicky _ úplne: pH,Beta2 mikroglob. _S,35,-0.102,0.5602261304481737,0.7185779541161412
GF(S)- MDRD,Kálium-S,5298,-0.102,9.862578280056228e-14,9.96136086060369e-13
Krvný obr._DIFF_5pop: Lymfocyty_#,APTT: APTT_ratio,1492,-0.102,7.434076776568228e-05,0.00036052434932471724
Kalcium-S,GF(S)-Schwarz,48,-0.102,0.4910783568451712,0.6623529243270171
Horčík-S,anti TG_S,71,0.102,0.39786266270677406,0.5797297009578293
Bili-celkový_S,Interleukín -6,205,0.102,0.14748762761170298,0.2831637649492744
CRP_S,Krvný obr._DIFF_5pop: Hematokrit_HCT,55,-0.102,0.45801384592896655,0.6347648261751144
Elementy_CSF: Le_CSF,Laktát_CSF,60,0.102,0.43812579571319255,0.6171647849591824
IgG_S,Transferín_S,282,-0.102,0.08856163506164974,0.1904644778424715
Reumat. faktor_S,Meď_S,87,-0.102,0.34919732896826705,0.5299690948245104
Kys. močová_S,Močový sediment A: Leukocyty,67,-0.102,0.4132851245209077,0.5946581175728946
Krvný obr._DIFF_5pop: Stredný objem_RBC,Krvný obr._DIFF_5pop: Šírka dist.kriv._RBC,5474,-0.102,4.383322421237607e-14,4.5060270780133525e-13
Vitamin D total,T3f_S,61,0.102,0.43228480366149735,0.6125005240785499
IgA_S,C4_S,1047,0.102,0.0009518079500004002,0.003821068241317327
Krvný obraz_RET: Hematokrit_HCT,Krvný obraz_RET: Stred. far.konc._HGB,34,-0.102,0.5662699221436502,0.7234089715219405
Kalcium-S,FE_ Kália,50,0.102,0.4805225552498984,0.6534160516914822
CCP,DNP / Nucleo-h /,69,0.102,0.40230471480792485,0.5843259838076695
Tub. resorbcia,GF(S)-Schwarz,49,0.102,0.4841189539914259,0.6564604743079256
Prokalcitonín_S,TSH_S,66,-0.102,0.4159513204562145,0.5972596689503232
Kreatinín_S,"ELFO_S: beta1,2_globulín",1222,0.101,0.00043307636808611005,0.001867843969077432
Glukóza_ S,Močový sediment: Leukocyty,497,0.101,0.024598124544471533,0.06618885439687745
Chol.celk._ascites,Triacylglyc._ascites,69,0.101,0.4069750381887267,0.5888659556352251
FE_Horčíka,GF(S+U)-deti,48,-0.101,0.49349813011710963,0.6640952384312641
Horčík-S,CEA _S,38,0.101,0.5472021418415025,0.7072991265755983
Močový sediment A: Kvasinky,Močový sediment A: Erytrocyty,474,0.101,0.027207104259196504,0.07216982603702521
Imunoblot ANA: Mi-2,Imunoblot Liver Pro: AMA-M2,164,0.101,0.19727781019880997,0.351677047808166
ANA,Imunoblot ANA: Histones,341,0.101,0.061812101450985854,0.1427971929156775
GF(S)- MDRD,Interleukín -6,279,-0.101,0.09284514914664169,0.19681188939893712
Krvný obr._DIFF_5pop: Hemoglobín_HGB,Krvný obr._DIFF_5pop: Leukocyty_WBC,5478,-0.101,5.597420884463494e-14,5.726314795329562e-13
Imunoblot ANA: Histones,Imunoblot Liver Pro: LKM1,164,0.101,0.19955660921684856,0.3547238775474647
Feritin_S,Močový sediment: Erytrocyty,47,-0.101,0.4987068692211053,0.6680959890795504
IgM_S,ELFO_S: alfa2_globulín,1390,-0.101,0.0001561771371178582,0.0007210707500797625
Krvný obr._DIFF_5pop: Trombocyty_PLT,Diff.rozpočet_ WBC: Eozinofily,158,-0.101,0.20502210794981718,0.36130525708881794
Imunoblot ANA: Rib-PO,c-ANCA,274,-0.101,0.09466432904569048,0.19980148917849555
IgG_S,Cholest-celk._S,291,-0.101,0.08697333509728601,0.18742930728394097
Bili-priamy_S,Tub. resorbcia,32,-0.101,0.5818216518123539,0.7366107919417865
Glukóza_CSF,CB_CSF,72,0.1,0.4044951721575737,0.5868214593991108
Nátrium_U (zbieraný),GF(S+U)-deti,48,0.1,0.49888987442049215,0.6680959890795504
Chloridy-S,ABR_kapilára: HCO3_B - akt.,50,-0.1,0.4876831645469949,0.6592023711419274
ALP_S,Kys. močová_S,1157,0.1,0.0006211815880889584,0.002601428232781248
Kreatinín_S,Reumat. faktor_S,1452,0.1,0.00013100100917239863,0.0006146598310725617
Kálium-S,GF-rozdiel,38,0.1,0.549414609452991,0.7091629558740444
Imunoblot ANA: dsDNA,c-ANCA,274,0.1,0.09893609524641729,0.2071658009486799
Chloridy-S,Krvný obr._DIFF_5pop: Lymfocyty_%,52,0.1,0.4810152822691719,0.6537235660993728
Urea_S,Bielkoviny_S,4445,-0.1,1.8884302909467227e-11,1.6662774497756291e-10
Krvný obr._DIFF_5pop: Erytrocyty_RBC,Krvný obr._DIFF_5pop: Neutrofily_#,5473,-0.1,1.1769802588346465e-13,1.1812568063785954e-12
FE_H2O,GF(S)-Schwarz,48,-0.1,0.49949918923107595,0.6686300777886695
Imunoblot ANA: AMA-M2,Imunoblot ANA: PCNA,419,0.1,0.04140363182850119,0.1026687248268806
ABR_artéria: O2_B sat,ABR_artéria: PCO2_B,298,-0.1,0.08566059910203777,0.18554442076210229
Fibrinogén,Diff.rozpočet_ WBC: Monocyty,49,0.1,0.4941358281471938,0.6645310999617109
GF(S)- MDRD,Krvný obr._DIFF_5pop: Stredný objem_RBC,41,-0.1,0.5351484904665263,0.6972515094203942
ANA,Imunoblot ANA: Rib-PO,341,0.1,0.06521109548011232,0.14887348121713154
Krvný obr._DIFF_RET: Stred. far.konc._HGB,Krvný obr._DIFF_RET: Eozinofily_#,298,-0.1,0.08639719398680398,0.18667818482688883
Krvný obraz: Stredný objem_PLT,Trombínový čas,68,0.099,0.4232379447945046,0.6045032966006043
GMT_S,Cholest-celk._S,979,0.099,0.0018724485831039766,0.007063934589346534
Fosfor_S,T4f_S,164,0.099,0.2093732017011294,0.366422926321062
Amyláza_S,CK-celková_S,597,0.099,0.015562024065434672,0.045413660490448544
Krvný obraz: Erytrocyty_RBC,Krvný obraz: Stred. far.konc._HGB,3776,0.099,9.447880626979576e-10,7.446946107096928e-09
Imunoblot ANA: Jo-1,LKM1,133,0.099,0.25450134760675414,0.42281565411760175
Krvný obr._DIFF_5pop: Hematokrit_HCT,Krvný obr._DIFF_5pop: Monocyty_#,5475,-0.099,1.7956893782813168e-13,1.7797214696132929e-12
Železo_S,Foláty,391,0.099,0.05143066451968704,0.1228342149223954
ALT_S,Krvný obraz: Šírka dist.kriv._RBC,30,-0.099,0.6023637024189699,0.75459428222356
ALT_S,Krvný obraz: Stredný objem_RBC,30,-0.099,0.6033861844350528,0.755034947747861
ALP_S,Močový sediment A: Kvasinky,109,-0.099,0.3076497654865411,0.482965690839106
Imunoblot ANA: AMA-M2,DNP / Nucleo-h /,97,0.099,0.33704941499201735,0.5162186435497315
TSH_S,NVK_S,36,-0.099,0.5667703553261658,0.7237207991249666
Moč chemický A: UBG,Močový sediment A: Erytrocyty,472,0.099,0.031098255354958217,0.08087073936555446
Imunoblot ANA: Nucleosomes,Imunoblot ANA: SS-B/La,415,0.099,0.0437679658790896,0.10756591382199468
Krvný obr._DIFF_5pop: Hemoglobín_HGB,Krvný obr._DIFF_5pop: Monocyty_#,5475,-0.099,1.6556694948322694e-13,1.643510671979595e-12
ANA,Imunoblot ANA: PCNA,341,0.099,0.06680795469916744,0.15190799434638894
Kálium-S,CA 19-9_S,44,0.098,0.5274536085565552,0.6913374819805643
Urea_S,Moč chemicky _ úplne: Ketolátky,761,-0.098,0.006769214734651271,0.021885405195541743
Kreatinín_S,anti TPO_S,142,-0.098,0.2471712591865102,0.4134859191777823
Imunoblot ANA: Ku,Imunoblot ANA: Nucleosomes,419,0.098,0.04516242672315245,0.11039511234020298
Bielkoviny_S,ASLO_S,1129,0.098,0.0009228135233250649,0.003719945630510239
ALT_S,Krvný obraz: Leukocyty_WBC,30,0.098,0.60679843494899,0.7581102177445297
AST_S,Cholest-LDL_S,583,0.098,0.01831050462457385,0.051908360499740146
Amoniak_B,Ceruloplazmín,108,-0.098,0.311519975500167,0.48745970550555695
ALT_S,Laktát_P,60,-0.098,0.4582352929376464,0.6349332205088043
Chloridy-S,Cholest-HDL_S,562,0.098,0.020215583683801542,0.0561385916111499
Albumín_S,Vitamin D total,367,0.098,0.061965394963976635,0.14309929269579919
Krvný obr._DIFF_5pop: Trombocyty_PLT,Krvný obr._DIFF_5pop: Erytrocyty_RBC,5478,0.098,4.2419311709874673e-13,4.101824768536283e-12
Aktiv.TLy_CD3+HLADR+,NKbb._CD16+CD56+_ap,354,-0.098,0.06428231434760537,0.14700703493532646
Krvný obr._DIFF_RET: Eozinofily_#,Krvný obr._DIFF_RET: Monocyty_%,298,0.098,0.09218604155153742,0.19620030886998902
Moč chemicky _ úplne: pH,CIK_S,45,-0.098,0.5231905110264974,0.6874517717789737
GMT_S,HbA1c,53,0.098,0.4843807824133509,0.6564604743079256
Kalcium-S,Močový sediment A: Erytrocyty,85,-0.098,0.3727642115959223,0.553058536300586
IgG_S,Močový sediment: Erytrocyty,81,0.097,0.38903149369870116,0.5701308141794345
Horčík-S,FE_Chloridov,50,0.097,0.5037904680731364,0.6727005518621768
CRP_S,Etanol v sére,114,-0.097,0.3052989348425509,0.48025993438979153
Osmolalita_S,Proteinúria kvant._U,42,0.097,0.5392289472794531,0.7010289548703247
Urea_S,Amoniak_B,603,0.097,0.01769712337999377,0.05046754150320461
Urea_S,CK-MB_S,735,0.097,0.008465309929386346,0.026650205144396165
Kálium-S,Krvný obr._DIFF_5pop: Hemoglobín_HGB,52,0.097,0.49473516411126595,0.66491485034882
ALT_S,anti TG II,48,0.097,0.5104792684527223,0.677333916558092
Imunoblot ANA: Ku,LKM1,133,-0.097,0.2650079007625772,0.435825833172315
Imunoblot ANA: U1-sn RNP,Imunoblot ANA: Jo-1,419,0.097,0.04751557279318223,0.11508442011249968
Imunoblot ANA: CENP-B,Imunoblot ANA: Histones,419,0.097,0.047436211980158044,0.1150237613396733
dsDNA IgG,LC1,30,0.097,0.6090961905541186,0.7593383238991985
Nátrium-S,Bielkoviny_S,3014,-0.097,8.588540695064946e-08,5.854399038170344e-07
APTT: APTT_sekundy,Diff.rozpočet_ WBC: Monocyty,48,0.097,0.5130318895624602,0.6798689183125385
ALP_S,Močový sediment A: Zhluky leukocytov,110,-0.097,0.31220737324580555,0.4882947912926151
LD_S,TSH_S,184,0.097,0.18843237411589694,0.33999172756554763
Glukóza_ S,Kalcium-S,1976,-0.097,1.7219136476973232e-05,9.154240505289618e-05
ELFO_S: Albumín,TSH_S,212,0.097,0.15974552693056643,0.3008785450903909
APTT: APTT_sekundy,Krvný obr._DIFF_RET: Nezrelé formy RET,103,0.097,0.33121552622127104,0.5101100732903596
ALP_S,HbA1c %,55,0.097,0.47931119955910584,0.65232734592952
GF(S)- MDRD,Chloridy-S,5096,0.097,4.370409086379241e-12,4.047406548945674e-11
ALP_S,anti TG_S,73,0.097,0.4126534524592672,0.5941947831989403
AST_S,Krvný obr._DIFF_5pop: Monocyty_%,38,0.097,0.5631365788221692,0.7201836180288731
Krvný obr._DIFF_RET: Stred. far.konc._HGB,Krvný obr._DIFF_RET: Hematokrit_HCT,299,0.097,0.09568423587850994,0.20161922074168281
Reumat. faktor_S,ELFO_S: Albumín,953,-0.096,0.003035762947033147,0.010786466444352116
Bielkoviny_S,Bili-priamy_S,2589,-0.096,1.0978607756324725e-06,6.712906167077091e-06
Kálium-S,Močový sediment A: Hlienové vlákna,126,-0.096,0.2854423467542438,0.45886012877776083
Krvný obr._DIFF_RET: Stred. far.konc._HGB,Krvný obr._DIFF_RET: Monocyty_#,298,-0.096,0.09693199271952398,0.20364052571003166
Kys. močová_S,Amoniak_B,54,-0.096,0.4890455071839003,0.6606332810867868
AST_S,Vitamin D total,430,0.096,0.04724788767731097,0.11469844494228376
Bili-priamy_S,Močový sediment: Erytrocyty,256,-0.096,0.1272174959513527,0.2523299256256459
Cholest-HDL_S,Močový sediment A: Hlienové vlákna,49,0.096,0.5097036652098013,0.6768832476206041
CK-celková_S,ELFO_S: gama_globulín,605,-0.096,0.018049085153168953,0.05130462549354915
Imunoblot ANA: CENP-B,c-ANCA,274,0.096,0.11171883406957127,0.22746521811647832
Imunoblot ANA: CENP-B,Imunoblot ANA: Rib-PO,419,0.096,0.05015631787237374,0.12060677041755881
IgM_S,Horčík-S,278,-0.096,0.11021034304795299,0.22498917396646703
Imunoblot ANA: SS-A/Ro60kD,Imunoblot Liver Pro: gp210,163,0.096,0.22523718705090465,0.38684288979032094
GMT_S,Močový sediment A: Hlienové vlákna,129,-0.096,0.2805735501589678,0.45303070289865216
Imunoblot ANA: Mi-2,Imunoblot ANA: PCNA,419,0.096,0.04938649910942623,0.11907113049039272
Moč chemicky _ úplne: Bielkoviny,Horčík-S,256,-0.096,0.12742776796010497,0.25266810544648777
AST_S,Močový sediment A: Kvasinky,139,0.096,0.2596887639281224,0.42907742971010704
IgG_S,Moč chemický A: Špec. hmotnosť,39,-0.096,0.5606466747646628,0.7188947200242691
AST_S,ABR_artéria: PO2_B,101,0.095,0.3437742959392438,0.5239918671070095
Chloridy-S,FE_Horčíka,50,-0.095,0.5134293712516267,0.6801119256800635
Imunoblot ANA: AMA-M2,Imunoblot ANA: SS-B/La,415,0.095,0.05432512182828146,0.12868288552388968
Imunoblot ANA: PCNA,AMAM2,144,-0.095,0.25571803760655326,0.4242822389434403
Kalcium-S,Etanol v sére,66,-0.095,0.44687044410854715,0.6266509832227014
Chloridy-S,Krvný obraz: Hemoglobín_HGB,49,-0.095,0.515852625870633,0.6818996777659508
GF(S)- MDRD,Moč chemický A: Špec. hmotnosť,127,0.095,0.28917913639860343,0.4630678295405193
Krvný obr._DIFF_5pop: Bazofilily_#,Diff.rozpočet_ WBC: Lymfocyty,210,0.095,0.1724358454463635,0.31873288510932424
Glukóza_ S,Krvný obraz: Stredný objem_RBC,41,-0.095,0.5543713058541851,0.7133726769478709
Krvný obr._DIFF_5pop: Bazofily_%,APTT: APTT_sekundy,1492,0.095,0.0002561322727142109,0.0011427024779167008
Amyláza_S,ELFO_S: Albumín,71,0.095,0.4309761827833478,0.6115113938667133
Nátrium-S,Chloridy_U (zbieraný,53,-0.095,0.49741079561347534,0.6668180596185711
Fosfor_S,Močový sediment: Erytrocyty,58,0.095,0.4760916598171917,0.6501350122870034
Bili-celkový_S,Moč chemicky _ úplne: Ketolátky,484,0.095,0.03654613510796809,0.09242738707839224
Kálium-S,Horčík_U (zbieraný),51,-0.095,0.508129683256822,0.6761935227755739
ALT_S,IgG_S,1304,0.095,0.0005945282331468507,0.0024980409161256233
Glukóza_ S,Moč chemicky _ úplne: Bielkoviny,650,0.095,0.015818097753492244,0.04603407009983336
Imunoblot ANA: Nucleosomes,CCP,197,-0.095,0.18524084485258785,0.33592907090708646
Chloridy-S,Krvný obraz: Leukocyty_WBC,49,-0.095,0.5167126868707692,0.6826108753774166
Urea_S,Vitamin D total,425,0.095,0.051012301756605434,0.12215648437983954
Kreatinín_S,Fosfor_S,740,-0.095,0.0097582571523658,0.03015282475144938
IgE celkové FOOKE,DGP IgA,85,-0.094,0.3931211931784623,0.5741376874167289
Imunoblot ANA: Scl-70,Imunoblot ANA: Nucleosomes,419,0.094,0.05549817552497922,0.13102189115949198
Bili-celkový_S,Horčík-S,681,-0.094,0.013630520962887098,0.04052768785340229
Krvný obraz: Leukocyty_WBC,Quickov test: PT_INR,1493,0.094,0.0002604584737872735,0.0011603735511714927
FE_ Kalcia,GF(S+U)-deti,48,-0.094,0.5254920800835199,0.6893902808161797
Močový sediment A: Epitélie,Močový sediment A: Spermie,479,-0.094,0.04021196949245013,0.10034039363139657
LD_S,ELFO_S: alfa2_globulín,805,0.094,0.007809981399919174,0.024833239155999255
GMT_S,LD_S,1302,0.094,0.0007246051418214965,0.002991173792067555
Albumín_S,ABR_artéria: PO2_B,57,-0.094,0.48763967216385573,0.6592023711419274
Kálium-S,Moč chemický A: UBG,127,-0.094,0.29511169076401983,0.4695328253002299
Amyláza_S,Vitamin D total,44,-0.094,0.5450555226979992,0.7053754861073506
ELFO_S: alfa1_globulín,Močový sediment A: Kvasinky,39,-0.094,0.5704096357281627,0.7266581901695048
dsDNA IgG,Imunoblot Liver Pro: Sp100,41,-0.094,0.5607604718933056,0.7188947200242691
Albumín_S,Močový sediment A: Hyalínové valce,106,-0.094,0.33656784566904896,0.515830277730483
APTT: APTT_ratio,Krvný obr._DIFF_RET: Lymfocyty_#,103,-0.094,0.34269810732683326,0.5227277493030904
Krvný obr._DIFF_RET: Retikulocyty_%,Krvný obr._DIFF_RET: Lymfocyty_%,298,-0.094,0.1047399684718937,0.2161133548885809
GF(S)- MDRD,Ceruloplazmín,238,-0.094,0.14685869006531796,0.28230072405306006
Bili-celkový_S,Reumat. faktor_S,374,0.094,0.0683783235242858,0.15447273098571082
IgM_S,T3f_S,100,-0.094,0.3540167449288011,0.5342496596194177
ALT_S,Krvný obr._DIFF_5pop: Neutrofily_%,38,-0.094,0.5747114907499129,0.7305918603514787
Kys. močová_S,Saturácia Trf,66,-0.094,0.45340000492020893,0.6315391868577258
Nátrium-S,FE_H2O,50,0.094,0.518382851430228,0.6839483080341278
GF(S)- MDRD,TSH_S,502,-0.093,0.03672164533187186,0.09272361398783065
Ceruloplazmín,Beta2 mikroglob. _S,66,-0.093,0.45768498145252134,0.634585920377099
Kálium-S,Laktát_P_artéria,96,-0.093,0.3659924165556431,0.5463151429036334
Kreatinín_S,CVK_S,134,-0.093,0.28675763230714685,0.4601594438108876
IgA_S,C3_S,1046,0.093,0.0025633734158348035,0.009332442011918914
Reumat. faktor_S,TSH_S,163,-0.093,0.23825544066809556,0.40267466026894483
LD_S,C3_S,747,0.093,0.01108193677949447,0.03379910915032567
Krvný obr._DIFF_5pop: Hematokrit_HCT,Diff.rozpočet_ WBC: Neutrofilné segmenty,209,0.093,0.1814965744361811,0.3311452433638882
Chloridy-S,Močový sediment A: Epitélie,127,0.093,0.3004701526146179,0.47550103689848683
Imunoblot ANA: PCNA,Imunoblot ANA: SmD1,418,0.093,0.056232748530777484,0.13250988554007023
Krvný obr._DIFF_RET: Bazofily_#,Krvný obr._DIFF_RET: Trombocyty_PLT,299,0.093,0.10698875722624958,0.22010996588677575
Kálium-S,ELFO_S: Albumín,601,0.093,0.023031980333158567,0.06279921504573235
Urea_S,Krvný obr._DIFF_5pop: Hemoglobín_HGB,48,-0.093,0.5317032732990616,0.6949928858163097
Krvný obr._DIFF_5pop: Neutrofily_%,Krvný obr._DIFF_5pop: Stredný objem_PLT,5411,0.093,8.718524361352423e-12,7.89014035152022e-11
Imunoblot ANA: dsDNA,Imunoblot Liver Pro: LC1,164,0.093,0.238321536693095,0.40267466026894483
CK-celková_S,"ELFO_S: beta1,2_globulín",605,-0.093,0.021502943679653344,0.059188995319253764
Chloridy-S,ABR_kapilára: PCO2_B,50,0.093,0.521403448176845,0.6861352151247619
Krvný obr._DIFF_RET: Trombocyty_PLT,Krvný obr._DIFF_RET: Bazofily_%,299,-0.093,0.10735400376062634,0.22057567460907476
GF(S)- MDRD,Močový sediment: Valce,61,-0.093,0.47753782465286,0.6511693067223909
ALT_S,Krvný obr._DIFF_5pop: Eozinofily_%,38,0.093,0.580571686758595,0.7356146641358904
Bili-celkový_S,IGG4,78,0.093,0.4160040980804628,0.5972596689503232
c-ANCA,Imunoblot Liver Pro: LKM1,88,0.093,0.3878753790313273,0.5689615061154519
Nátrium-S,Horčík-S,1205,0.093,0.0012468959159004738,0.004868795177452803
c-ANCA,Imunoblot Liver Pro: gp210,87,0.093,0.38968272708733265,0.5708809052045324
Nátrium-S,Močový sediment A: Kryštály,124,-0.092,0.3106140250660645,0.4865214253561903
ELFO_S: alfa1_globulín,T4f_S,131,0.092,0.29641896704681764,0.47074831620573887
Krvný obr._DIFF_5pop: Monocyty_#,Krvný obr._DIFF_5pop: Šírka dist.kriv._RBC,5471,0.092,8.810248123433212e-12,7.961807443552091e-11
Imunoblot ANA: Mi-2,dsDNA IgG,218,0.092,0.1753098882290219,0.3227548623393367
Chloridy-S,ELFO_S: alfa2_globulín,543,-0.092,0.03302826732064874,0.08519441734750696
Krvný obr._DIFF_RET: Leukocyty_WBC,Krvný obr._DIFF_RET: Eozinofily_#,298,0.092,0.1122350190490865,0.22802336936963433
Krvný obr._DIFF_RET: Trombocyty_PLT,Krvný obr._DIFF_RET: Neutrofily_%,298,0.092,0.11155605429019427,0.22722526864559286
Imunoblot ANA: Mi-2,DNP / Nucleo-h /,97,0.092,0.3726426128426825,0.553058536300586
C4_S,anti TG II,30,0.092,0.6282558016475696,0.7751624027413797
Quickov test: PT_INR,Krvný obr._DIFF_RET: Retikulocyty_#,106,-0.092,0.34572742105361987,0.5257220432977269
Glukóza_ S,Krvný obr._DIFF_5pop: Stredná konc._HGB,34,-0.092,0.6063256883417657,0.7578176466722876
AST_S,Moč chemicky _ úplne: Bielkoviny,728,0.092,0.01345698112865928,0.04006194991113984
Imunoblot ANA: SS-A/Ro60kD,c-ANCA,274,0.092,0.12927356735171078,0.25543528301573043
Krvný obraz: Stredná konc._ HGB,Krvný obraz: Šírka dist.kriv._RBC,3759,-0.092,1.34116711789208e-08,9.759948109929422e-08
Krvný obr._DIFF_5pop: Hematokrit_HCT,Krvný obr._DIFF_5pop: Eozinofily_#,5475,0.092,8.196642610336973e-12,7.43903864335297e-11
IgA_S,Močový sediment A: Erytrocyty,39,0.092,0.5789105992460877,0.7343887853455261
Urea_S,HbA1c %,58,-0.092,0.49281126636288886,0.6634948350327792
Kálium-S,Krvný obr._DIFF_5pop: Stredný objem_RBC,52,-0.092,0.5148241472611694,0.681249282972341
Chloridy-S,Močový sediment A: Erytrocyty,126,-0.092,0.30613450151963406,0.48140408122629585
CK-celková_S,Močový sediment A: Kryštály,43,-0.092,0.5561339131486696,0.7148582176077525
Glukóza_ S,Prealbumín_S,155,0.092,0.2552143942945974,0.42377863224087226
GF(S)- MDRD,Cholinesteráza_S,114,0.092,0.33135830373666975,0.5101100732903596
Krvný obr._DIFF_5pop: Monocyty_#,Antitrombín III,81,-0.091,0.41678308405022846,0.5982076334193102
Cholest-celk._S,Močový sediment A: Erytrocyty,56,0.091,0.5038106761782208,0.6727005518621768
Nátrium-S,Krvný obr._DIFF_5pop: Monocyty_%,52,0.091,0.5194520351225493,0.685017529453487
Bili-celkový_S,Močový sediment: Erytrocyty,258,-0.091,0.1460170986986421,0.28144618568946395
ALP_S,CVK_S,131,-0.091,0.3011627461634909,0.4762974673578934
Imunoblot ANA: Scl-70,p-ANCA,274,-0.091,0.13352066788918016,0.2617268753779579
ANA,LKM1,139,0.091,0.2887438228908722,0.46252887211944305
ALP_S,Triacylglyceroly_S,857,0.091,0.007520526000524094,0.02399693705742319
Moč chemicky _ úplne: pH,Saturácia Trf,34,0.091,0.609625160999357,0.7596524152078993
Krvný obr._DIFF_5pop: Bazofily_%,Diff.rozpočet_ WBC: Neutrofil.nesegmenty,130,-0.091,0.30391256538321154,0.4788582658431406
ELFO_S: alfa1_globulín,Kys. močová_S,319,-0.091,0.10448882859005303,0.21580543824206985
NKbb._CD16+CD56+_ap,Cyt.TLy_CD8+,354,-0.091,0.08645687188658907,0.18669629744918434
Krvný obr._DIFF_RET: Stredný objem_RBC,Krvný obr._DIFF_RET: Neutrofily_%,298,0.091,0.11750995080120744,0.23654648841573853
Glukóza_ S,NT-proBNP,193,0.091,0.2065685757197041,0.36292316414471243
Albumín_S,Saturácia Trf,359,-0.091,0.08533534053297112,0.1849029394290469
Albumín_S,Moč chemicky _ úplne: pH,520,0.091,0.037593583699622554,0.09458694544305032
Imunoblot ANA: SS-A/Ro52kD,Imunoblot Liver Pro: Sp100,164,0.091,0.24467349392314122,0.41016747988104313
ALT_S,Amoniak_P,98,0.091,0.3751293529902848,0.5553361363288559
Krvný obr._DIFF_RET: Stredný objem_RBC,Krvný obr._DIFF_RET: Bazofily_%,299,0.091,0.115584391108384,0.2333357599973192
CRP_S,Žlčové kyseliny,319,-0.091,0.10461529588671485,0.21598211344877286
Kálium_U (zbieraný),GF(S)-Shull,48,0.091,0.54044049461763,0.7019870092630962
IgG_S,ELFO_S: Albumín,1390,-0.09,0.0008154244237580264,0.0033250265495088204
Chloridy_CSF,Elementy_CSF: Le_CSF,71,0.09,0.4555259740620169,0.633396308422147
IgM_S,T4f_S,128,0.09,0.31321559527204823,0.4895101295850732
Krvný obr._DIFF_5pop: Bazofilily_#,Diff.rozpočet_ WBC: Neutrofilné segmenty,209,-0.09,0.19577385421399654,0.3499581586442093
Fosfor_S,GF(S)-Shull,48,-0.09,0.5428150922994067,0.7037183302918405
Kálium-S,Močový sediment A: Hyalínové valce,125,0.09,0.317329989737481,0.4942891158015391
Imunoblot ANA: Rib-PO,dsDNA IgG,218,0.09,0.18544046146248266,0.33592907090708646
Horčík-S,Vitamín B12,61,0.09,0.4904961899234569,0.6621594336132005
alfa1 AT_S,Beta2 mikroglob. _S,47,0.09,0.5494254791141266,0.7091629558740444
CRP_S,APTT: APTT_sekundy,43,0.09,0.5668557683686185,0.7237207991249666
Vitamín B12,Beta2 mikroglob. _S,84,0.09,0.41691704967116194,0.5982076334193102
CRP_S,Saturácia Trf,194,-0.09,0.21384671183949228,0.37223638187959895
Saturácia Trf,Foláty,238,-0.09,0.16646857523731146,0.31098909354457366
Krvný obr._DIFF_5pop: Leukocyty_WBC,Krvný obr._DIFF_5pop: Stredná konc._HGB,5478,-0.09,2.282903973712852e-11,1.994950336313308e-10
Krvný obraz: Leukocyty_WBC,Quickov test: PT_%,1495,-0.09,0.0005200916873254708,0.0022145727141948497
Krvný obr._DIFF_5pop: Stred.far.konc._HGB,Krvný obr._DIFF_5pop: Bazofily_%,5476,0.09,2.1049474420510106e-11,1.8448363091397195e-10
Krvný obr._DIFF_RET: Trombocyty_PLT,Krvný obr._DIFF_RET: Hemoglobín_HGB,299,-0.09,0.1194392042123319,0.23974637104611202
Fibrinogén,Krvný obr._DIFF_RET: Neutrofily_#,104,0.09,0.36126033791005363,0.5412940864958893
TSH_S,Foláty,81,-0.09,0.4246168411271152,0.6055198185590489
Kalcium_U (zbieraný),GF(S)-Shull,48,0.09,0.5428810855911081,0.7037183302918405
Krvný obr._DIFF_5pop: Stredný objem_PLT,Diff.rozpočet_ WBC: Neutrofilné segmenty,206,0.09,0.19795651184352683,0.35247133400838737
Urea_S,Bili-priamy_S,4302,0.09,2.9129839347677925e-09,2.2136587245908834e-08
Imunoblot ANA: Scl-70,dsDNA IgG,218,0.09,0.18333248755999357,0.3334415383534609
CK-celková_S,CIK_S,101,0.09,0.3730607507522675,0.5532341152028841
Krvný obr._DIFF_5pop: Leukocyty_WBC,Krvný obr._DIFF_5pop: Stredný objem_PLT,5414,-0.09,3.944600837176088e-11,3.4141756292342894e-10
Amyláza_S,Triacylglyceroly_S,179,0.09,0.23211043419606578,0.3950219155271138
Krvný obr._DIFF_5pop: Eozinofily_%,Krvný obr._DIFF_5pop: Monocyty_#,5474,-0.089,3.438095033863103e-11,2.9839095287065973e-10
Krvný obr._DIFF_5pop: Stredná konc._HGB,Krvný obr._DIFF_5pop: Lymfocyty_%,5477,-0.089,4.073041815968083e-11,3.5205489329041137e-10
Reumat. faktor_S,ASLO_S,1245,0.089,0.0016032069949832065,0.006124578496168558
Chloridy-S,Močový sediment A: Hyalínové valce,126,0.089,0.3237855824104894,0.5018321066245033
Imunoblot ANA: Jo-1,ANA  HEp-2,217,0.089,0.19059804661941113,0.3426342360421955
Nátrium-S,Krvný obr._DIFF_5pop: Neutrofily_%,52,-0.089,0.5294420573293122,0.6926196088328537
Imunoblot ANA: PM-Scl,SLA a LP,135,0.089,0.3069392238345176,0.48207290210647474
Kálium-S,Chloridy-S,6571,0.089,6.218287463378489e-13,5.9584887262207446e-12
Imunoblot ANA: PM-Scl,Imunoblot Liver Pro: gp210,163,0.089,0.25763707864459257,0.4267415182354387
APTT: APTT_ratio,Krvný obr._DIFF_RET: Neutrofily_#,103,-0.089,0.37325003161679504,0.5533856361403732
Fibrinogén,Krvný obr._DIFF_RET: Retikulocyty_#,105,-0.089,0.36523461718044714,0.5457044974006069
GMT_S,Laktát_P,58,0.089,0.5067564093349368,0.6749314213863357
ANA,Imunoblot ANA: Scl-70,341,0.089,0.101128685042285,0.2107842966120855
Fibrinogén,Krvný obr._DIFF_RET: Šírka dist.kriv._RBC,105,0.089,0.3689311271949691,0.5490324317333425
Imunoblot ANA: CENP-B,Imunoblot ANA: PCNA,419,0.089,0.06895584461643711,0.15551170779134715
Glukóza_ S,Amyláza_U (jednoráz),61,0.089,0.4948838476218891,0.6649740025257744
Horčík-S,Kálium_U (zbieraný),50,0.089,0.5406357838375422,0.7020971248405367
Krvný obr._DIFF_RET: Lymfocyty_#,Krvný obr._DIFF_RET: Nezrelé formy RET,297,0.089,0.12659131653969743,0.2512982020590774
Imunoblot ANA: dsDNA,Imunoblot ANA: SS-B/La,415,0.089,0.07031507807693277,0.15757026138368743
Nátrium-S,Krvný obr._DIFF_5pop: Hemoglobín_HGB,52,0.089,0.532600839120394,0.6957871953386516
Nátrium-S,Krvný obraz: Hemoglobín_HGB,50,0.089,0.5408880745687703,0.7021377069340821
Nátrium-S,Krvný obr._DIFF_5pop: Bazofily_%,52,-0.088,0.5367852858972617,0.6988108445297753
Kreatinín_S,Močový sediment A: Hyalínové valce,156,0.088,0.27370896093652425,0.4458506885430315
Bili-celkový_S,NT-proBNP,156,0.088,0.2749616532508569,0.44710299030015205
Horčík-S,Chloridy_U (zbieraný,50,-0.088,0.5436887254933745,0.7043341095145612
CA 72-4_S,SCCA_S,39,0.088,0.5926143867446377,0.7465554628175062
Kreatinín_S,Krvný obraz: Hemoglobín_HGB,50,-0.088,0.5419048459504459,0.7030764299583465
Kreatinín_S,Kalcium_U (zbieraný),54,-0.088,0.5249479190946937,0.6889060380104501
Fibrinogén,Krvný obr._DIFF_RET: Hemoglobín_HGB,105,-0.088,0.37352729378762595,0.5536674982344348
Bili-celkový_S,Cholest-HDL_S,645,-0.088,0.025984663031983074,0.06941991767964191
Krvný obr._DIFF_5pop: Stredný objem_RBC,Diff.rozpočet_ WBC: Eozinofily,158,0.088,0.27280562691117916,0.44476423785620683
CK-MB_S,Interleukín -6,71,-0.088,0.4678187371726127,0.643023028398444
Imunoblot ANA: Histones,Imunoblot ANA: SS-A/Ro52kD,419,0.088,0.07105294210054725,0.1587757091680537
Imunoblot ANA: Histones,Imunoblot ANA: SS-B/La,415,0.088,0.07280434624496605,0.16206237270296753
AST_S,Moč chemický A: pH,140,0.088,0.30050947003737205,0.47550103689848683
Krvný obr._DIFF_RET: Hematokrit_HCT,Krvný obr._DIFF_RET: Monocyty_%,298,-0.088,0.12958557604915905,0.2556699269069278
Kreatinín_S,Kálium-S,5946,0.087,2.141435892629172e-11,1.8739038878613126e-10
Krvný obr._DIFF_5pop: Neutrofily_%,Trombínový čas,131,0.087,0.322977092722623,0.5011903932747493
Cholest-HDL_S,Moč chemický A: UBG,49,-0.087,0.5504557613697745,0.7102041941474772
Reumat. faktor_S,IgA_S,920,0.087,0.008142497102560067,0.0257953725400389
Chloridy-S,Krvný obr._DIFF_5pop: Leukocyty_WBC,52,-0.087,0.5392057203841205,0.7010289548703247
AST_S,Prealbumín_S,157,-0.087,0.2781685095965094,0.45047273552552236
Krvný obr._DIFF_5pop: Stred.far.konc._HGB,Quickov test: PT_%,1562,-0.087,0.0005485321738532323,0.00232321660032639
Krvný obr._DIFF_5pop: Stredná konc._HGB,Diff.rozpočet_ WBC: Monocyty,206,-0.087,0.21503803792407508,0.373465460615541
Krvný obr._DIFF_5pop: Stredný objem_RBC,Diff.rozpočet_ WBC: Neutrofil.nesegmenty,131,-0.087,0.325767208853341,0.503552087066977
Bili-priamy_S,GF(S)-Cockroft,32,-0.087,0.6366413117215768,0.780482331509846
Imunoblot ANA: U1-sn RNP,Imunoblot Liver Pro: LC1,164,-0.087,0.265857743115383,0.4367712030028519
ELFO_S: gama_globulín,Močový sediment A: Baktérie,37,-0.087,0.6071201463272011,0.758363014081146
Močový sediment: Leukocyty,Feritin_S,60,0.087,0.5090765538663052,0.6768745902907586
ALP_S,GF(S)- MDRD,5115,-0.087,4.3566102277788696e-10,3.521316129399384e-09
Krvný obr._DIFF_RET: Nezrelé formy RET,Krvný obr._DIFF_RET: Neutrofily_#,297,0.087,0.13439727447058375,0.2629583876537168
Krvný obr._DIFF_RET: Stredný objem_RBC,Krvný obr._DIFF_RET: Lymfocyty_%,298,-0.087,0.13375169371072973,0.2620988618581943
AST_S,Kálium-S,5167,-0.087,3.6752932527249347e-10,2.9858232780769193e-09
Kreatinín_S,IGG4,76,0.087,0.4563257605208688,0.6340852048532545
IgG_S,Močový sediment A: Zhluky leukocytov,39,0.086,0.6035747980483939,0.7550536061656542
AST_S,IgG_S,1306,0.086,0.0019054552078579868,0.0071671740293201835
Urea_S,AST_S,7454,0.086,1.1942990258638622e-13,1.194863261624113e-12
Osmolalita_U (jednor,FE_ Nátria,42,0.086,0.5883835698217654,0.7426983546746823
Cholest-LDL_S,Vitamín B12,69,-0.086,0.4802423290383838,0.6532661019894082
Urea_S,Cholinesteráza_S,117,-0.086,0.3580839633234,0.5378031723389031
GMT_S,Prealbumín_S,156,0.086,0.2837067512069736,0.45641655872826115
Moč chemicky _ úplne: Bielkoviny,Saturácia Trf,34,-0.086,0.6277609136704213,0.7750211526565589
GF(S)- MDRD,Krvný obr._DIFF_5pop: Monocyty_#,41,0.086,0.5927675395507588,0.7466003526498752
ASLO_S,Prokalcitonín_S,55,0.086,0.533900722559252,0.6966258554978287
ELFO_S: gama_globulín,anti TG II,31,0.086,0.6437881269128076,0.7842269744850529
Nátrium-S,IgM_S,611,-0.086,0.03436957779741828,0.08786717414366131
Krvný obr._DIFF_5pop: Lymfocyty_#,Krvný obr._DIFF_5pop: Monocyty_%,5475,-0.086,1.6994062189418806e-10,1.413131899075624e-09
ALT_S,Krvný obr._DIFF_5pop: Bazofilily_#,38,0.086,0.6073687393799114,0.7584350473662895
Nátrium-S,ELFO_S: alfa1_globulín,601,-0.086,0.03465716013737183,0.08838897565344168
Kalcium_U (zbieraný),FE_Chloridov,50,-0.086,0.5506084920950833,0.710257005133008
ALP_S,Moč chemicky _ úplne: Bielkoviny,581,0.086,0.03725795300074882,0.09385399500942002
Imunoblot ANA: dsDNA,SLA a LP,135,0.086,0.3200798092696695,0.49766691832849
Močový sediment A: Epitélie,Moč chemický A: UBG,476,0.086,0.060198830928438175,0.1396797563507552
Krvný obraz: Stredný objem_RBC,Krvný obraz: Leukocyty_WBC,3776,-0.086,1.020050222226689e-07,6.908719682096114e-07
Krvný obr._DIFF_5pop: Stredná konc._HGB,Antitrombín III,81,-0.086,0.44273725810778586,0.6222623581940085
Chloridy_CSF,Laktát_CSF,61,-0.085,0.5143867640881034,0.680954180506714
Kreatinín_S,Nátrium-S,5951,-0.085,5.7497737019608686e-11,4.922953144010431e-10
Glukóza_ S,Moč chemicky _ úplne: Ketolátky,650,0.085,0.03022856074539089,0.07889977256181936
Močový sediment: Leukocyty,Kalcium ionizované_S,72,-0.085,0.4783414045571489,0.6518453331513443
Kálium_U (zbieraný),Addisov sediment: Erytrocyty,37,0.085,0.6149074391165532,0.7637354761891422
Horčík-S,CK-MB_S,70,0.085,0.4837133134236621,0.6562098398848014
dsDNA IgG,Imunoblot Liver Pro: LKM1,41,0.085,0.5953788799269666,0.7487019050229649
CK-celková_S,Prokalcitonín_S,161,-0.085,0.28115452620037457,0.4536892824361137
Krvný obr._DIFF_5pop: Hematokrit_HCT,Krvný obr._DIFF_5pop: Leukocyty_WBC,5478,-0.085,2.635624007894644e-10,2.1605315254393126e-09
Krvný obraz: Stred. far.konc._HGB,APTT: APTT_ratio,1487,0.085,0.0010140388180630096,0.00403898972486163
Krvný obraz: Stredná konc._ HGB,Krvný obraz: Leukocyty_WBC,3776,-0.085,1.8238127349162137e-07,1.2006924668313683e-06
Imunoblot ANA: PCNA,Imunoblot Liver Pro: Sp100,164,0.085,0.2803546672322942,0.45297385577995036
ELFO_S: alfa2_globulín,Feritin_S,372,-0.085,0.10050187834660587,0.20982202863489552
Vitamín B12,Ceruloplazmín,165,0.085,0.2773516696124971,0.44960835852212144
Feritin_S,Lipáza_S,38,0.085,0.6126759545516642,0.7621559309314124
Urea_S,Krvný obraz: Stredný objem_RBC,49,0.085,0.5620029653112192,0.7195495442608173
Kreatinín_S,ABR_kapilára: HCO3_B - akt.,33,0.085,0.6371736212345378,0.7805561156388389
IgG_S,Beta2 mikroglob. _S,113,0.085,0.36947257887064533,0.5495807290014539
"ELFO_S: beta1,2_globulín",Železo_S,368,0.085,0.10204872869108134,0.2119636098850998
Feritin_S,Žlčové kyseliny,192,-0.084,0.24748456958201678,0.41367285976606655
GMT_S,GF-(S+U)-dospelí,37,0.084,0.6215326227140955,0.7692571112609875
ELFO_S: gama_globulín,NSE_S,30,-0.084,0.6594749201050072,0.7933429591795325
Imunoblot ANA: U1-sn RNP,LC1,112,-0.084,0.3780466228040924,0.5580228147477693
Moč chemicky _ úplne: pH,Triacylglyceroly_S,269,-0.084,0.17099311293313169,0.3171735026172805
Glukóza_ S,Fosfor_S,601,-0.084,0.04071890192791944,0.1013267465523197
Nátrium_U (zbieraný),FE_Fosforu,50,0.084,0.5608125661010983,0.7188947200242691
Addisov sediment: Erytrocyty,Fosfor_U (zbieraný),37,0.084,0.6205044885671875,0.7682839633341146
AST_S,Meď_S,161,0.084,0.29178003068723474,0.465748375617086
Urea_S,Bili-celkový_S,4333,0.084,3.187885421530241e-08,2.2453033351420866e-07
Reumat. faktor_S,anti TG II,31,0.084,0.6513919457588503,0.7889977180945617
Kreatinín_S,Nátrium_U (zbieraný),55,0.084,0.5444037498790115,0.7048292282415651
Quickov test: PT_%,Krvný obr._DIFF_RET: Retikulocyty_#,106,0.084,0.39011128975778187,0.5708809052045324
Nátrium-S,C4_S,413,-0.084,0.08970845843844436,0.19227997181492476
GF(S)- MDRD,AFP_S,73,0.084,0.48208329063359623,0.6546975513884645
Osmolalita_S,Tub. resorbcia,42,0.084,0.59690655324678,0.7501640823971141
Diff.rozpočet_ WBC: Neutrofilné segmenty,Diff.rozpočet_ WBC: Monocyty,279,-0.084,0.16286411553180685,0.30539425205831433
Fibrinogén,Krvný obr._DIFF_RET: Monocyty_#,104,-0.084,0.3981226328394152,0.5799754841616154
Chloridy-S,Krvný obraz: Erytrocyty_RBC,49,-0.084,0.5654986538034084,0.722568975787018
Chloridy-S,ELFO_S: gama_globulín,543,-0.084,0.05081334666180325,0.12186379439125558
GMT_S,Krvný obr._DIFF_5pop: Stred.far.konc._HGB,30,-0.084,0.6589395405854787,0.7932143217556351
Kreatinín_S,Krvný obr._DIFF_5pop: Šírka dist.kriv._RBC,48,-0.084,0.5688589430821025,0.7255492602691421
Kreatinín_S,Kalcium-S,2179,-0.084,7.890918612918822e-05,0.00038122424497320323
Urea_S,ABR_artéria: PCO2_B,130,-0.084,0.3422371612340074,0.5224009335222606
Moč chemicky _ úplne: Ketolátky,Amoniak_B,79,-0.084,0.4602083120410476,0.6365563697793981
Glukóza_ S,Močový sediment A: Zhluky leukocytov,141,-0.084,0.3214564308554498,0.4994406224565107
Imunoblot ANA: Scl-70,Imunoblot ANA: Rib-PO,419,0.084,0.08421559033345424,0.18303853759440122
Osmolalita_S,FE_H2O,42,-0.084,0.59690655324678,0.7501640823971141
Krvný obr._DIFF_5pop: Stredný objem_RBC,Krvný obr._DIFF_5pop: Stred.far.konc._HGB,5478,0.084,4.633539004137737e-10,3.73090916264728e-09
Bili-priamy_S,Kreatinín_U (zbier.),32,-0.084,0.6459691030576009,0.7854946062423611
Urea_S,LD_S,1542,0.084,0.0009161228449334621,0.003695319640547482
Urea_S,IgM_S,1264,-0.084,0.002939800349879118,0.01049244473190002
Pomoc.TLy_CD4+_a.p,Cyt.TLy_CD8+,354,-0.084,0.11336416599263222,0.22951867556491254
ASLO_S,Triacylglyceroly_S,236,0.083,0.20629507998220342,0.3627963885604867
ALT_S,Foláty,240,-0.083,0.19977388017446898,0.3549807683956451
GF(S)- MDRD,Krvný obr._DIFF_5pop: Hemoglobín_HGB,41,-0.083,0.6050787853504891,0.7565568831591531
Kys. močová_S,Feritin_S,153,0.083,0.3087562732249169,0.4842084926679578
Krvný obr._DIFF_5pop: Stredná konc._HGB,Krvný obr._DIFF_5pop: Bazofily_%,5476,0.083,6.960865592712784e-10,5.5555752651387325e-09
Urea_S,Krvný obr._DIFF_5pop: Eozinofily_#,48,-0.083,0.5751279949305671,0.7309019297754981
AST_S,Cholinesteráza_S,120,-0.083,0.3660119131410908,0.5463151429036334
Imunoblot ANA: Histones,LKM1,133,-0.083,0.3432718694644239,0.5234772411683833
Vitamin D total,Vitamín B12,39,0.083,0.6135921171842689,0.7629910813086903
SLA a LP,DNP / Nucleo-h /,31,0.083,0.6583641555074036,0.7932143217556351
Krvný obr._DIFF_RET: Retikulocyty_%,Krvný obr._DIFF_RET: Lymfocyty_#,298,0.083,0.15193807232019613,0.28943405500755803
ALP_S,IGG4,86,-0.083,0.44822160605626904,0.6276701456005856
Imunoblot ANA: SS-A/Ro52kD,dsDNA IgG,218,0.083,0.22435352261352975,0.3858467593837993
Bili-celkový_S,alfa1 AT_S,294,0.083,0.1549416910627915,0.2938341980065416
Imunoblot ANA: Scl-70,Imunoblot ANA: Mi-2,419,0.083,0.08957178714496235,0.1920518271116928
Krvný obr._DIFF_5pop: Bazofilily_#,Diff.rozpočet_ WBC: Eozinofily,158,0.083,0.29693823335639485,0.47102807093886223
Kreatinín_S,Močový sediment A: Zhluky leukocytov,156,0.083,0.3027498913512004,0.4779746669369225
Urea_S,C4_S,947,0.083,0.010994407676900348,0.03358051537084034
Imunoblot ANA: SS-B/La,Imunoblot Liver Pro: AMA-M2,160,0.083,0.294845705101739,0.4692271454186744
IgG_S,Meď_S,139,-0.083,0.33301404084825736,0.5118690907128846
Moč chemicky _ úplne: Ketolátky,T3f_S,35,-0.083,0.6342130001520994,0.7787343531105226
Pomoc.TLy_CD4+_a.p,B Ly_ CD19+,354,0.082,0.12282066057650844,0.24513969734293373
Kreatinín_S,C3_S,947,-0.082,0.012020023328773688,0.036173949885219915
Imunoblot ANA: SmD1,Imunoblot Liver Pro: LC1,163,-0.082,0.2967601851367986,0.47102807093886223
Moč chemicky _ úplne: Ketolátky,alfa1 AT_S,94,-0.082,0.43380174499418334,0.614069181360973
ALT_S,Krvný obraz: Stredná konc._ HGB,30,-0.082,0.6650086669327782,0.797662929347804
Krvný obr._DIFF_5pop: Erytrocyty_RBC,Krvný obr._DIFF_5pop: Monocyty_#,5475,-0.082,1.2258375099573132e-09,9.543806005831875e-09
AST_S,Cholest-celk._S,982,0.082,0.010015881713565003,0.030873797441183147
Imunoblot ANA: PCNA,LKM1,133,-0.082,0.3453813358853661,0.5255690330771884
APTT: APTT_sekundy,Diff.rozpočet_ WBC: Neutrofil.nesegmenty,32,-0.082,0.6568945792413348,0.7927300261333203
Imunoblot ANA: PM-Scl,Imunoblot ANA: Rib-PO,419,0.082,0.09276558038274157,0.196774534948767
Krvný obr._DIFF_5pop: Trombocyty_PLT,Trombínový čas,131,-0.082,0.3495836796515991,0.5300489538965655
Krvný obr._DIFF_5pop: Hemoglobín_HGB,Krvný obr._DIFF_5pop: Eozinofily_#,5475,0.082,1.5364752848266182e-09,1.1903935956711593e-08
Imunoblot ANA: Histones,Imunoblot Liver Pro: gp210,163,0.082,0.29524182890904893,0.46962226816704755
Bielkoviny_S,Horčík-S,787,0.082,0.02133264558300953,0.058822177686136956
Krvný obr._DIFF_RET: Erytrocyty_RBC,Krvný obr._DIFF_RET: Neutrofily_%,298,-0.082,0.1566396029473922,0.29652228753955856
Triacylglyceroly_S,T3f_S,100,-0.082,0.4158828886401026,0.5972596689503232
Močový sediment A: Hlienové vlákna,Močový sediment A: Baktérie,474,0.082,0.07578590071795561,0.16738526046515678
GF(S)- MDRD,LD_S,362,-0.082,0.11803444911571206,0.2373741151905014
GF(S)- MDRD,T4f_S,199,-0.082,0.24723606916417062,0.4134859191777823
Horčík-S,Močový sediment A: Leukocyty,60,0.082,0.5320619249583041,0.6952261228424734
Diff.rozpočet_ WBC: Neutrofil.nesegmenty,Diff.rozpočet_ WBC: Bazofily,33,0.082,0.6508201906409092,0.7884922405775826
Imunoblot Liver Pro: Sp100,DNP / Nucleo-h /,31,-0.082,0.6623617732700396,0.7959115463560738
Albumín_S,"ELFO_S: beta1,2_globulín",1506,0.082,0.0014244053207889535,0.005467822962520979
Imunoblot ANA: PCNA,p-ANCA,274,0.082,0.1776040975628152,0.32544529328427024
Glukóza_ S,T4f_S,237,-0.082,0.2104810736542709,0.3677629980543408
Imunoblot ANA: AMA-M2,Imunoblot ANA: PM-Scl,419,0.082,0.09556684635578737,0.2014386778030249
Imunoblot ANA: U1-sn RNP,Imunoblot ANA: SmD1,418,0.082,0.09485641877402735,0.20014042792142006
NKbb._ CD16+CD56+,Imunoreg.index_IRI,354,-0.082,0.12258943971512365,0.24490902846232093
Imunoblot ANA: CENP-B,Imunoblot ANA: SS-B/La,415,0.082,0.09533749937204784,0.20108868974456173
Kálium_U (zbieraný),FE_ Nátria,50,-0.082,0.5693173288459676,0.725978518589361
Nátrium-S,Troponín T hs,212,0.081,0.24106471260253504,0.40612148479551974
ALT_S,Krvný obr._DIFF_5pop: Monocyty_#,38,0.081,0.6285124603673542,0.7751624027413797
CA 72-4_S,CA 15-3_S,48,0.081,0.5824453216018697,0.7369597944904757
Prokalcitonín_S,Močový sediment A: Hlienové vlákna,31,0.081,0.6645442155124754,0.7975955955485629
Kalcium-S,ELFO_S: alfa2_globulín,356,0.081,0.12518657085590384,0.24893621118121384
TSH_S,FSH _S,30,0.081,0.6688072781030474,0.7997238166362997
C4_S,TSH_S,130,0.081,0.35905590655571573,0.5387534658357256
Krvný obraz: Trombocyty_PLT,D_dimer INOV,49,-0.081,0.5797153853285907,0.7351161363258556
Horčík-S,GF(S)-Schwarz,48,0.081,0.5859251041385387,0.7401833737506733
Železo_S,Transferín_S,810,0.081,0.020723905519229785,0.05736774368787225
Chloridy-S,Triacylglyceroly_S,677,-0.081,0.03537854948764079,0.08997595071856763
Imunoblot ANA: Rib-PO,LC1,112,0.081,0.39432644264823635,0.5756332468162328
Albumín_S,C4_S,1069,-0.081,0.008282327068388365,0.02613890902407913
Imunoblot Liver Pro: LKM1,SLA a LP,137,0.081,0.3461396274020052,0.5260825485370668
ELFO_S: Albumín,Meď_S,172,0.081,0.29145182199003944,0.46557541491142085
Krvný obr._DIFF_5pop: Trombocyty_PLT,Krvný obr._DIFF_5pop: Hematokrit_HCT,5478,-0.081,2.2049212191621346e-09,1.691771075523797e-08
ALT_S,ELFO_S: alfa2_globulín,1235,-0.081,0.00444231901630721,0.015189479392141929
Kreatinín_U (zbier.),GF(S)-Shull,49,-0.081,0.5823185911605202,0.7369597944904757
Krvný obr._DIFF_5pop: Bazofilily_#,Factor V,45,0.081,0.597242090301065,0.7501640823971141
Imunoblot ANA: CENP-B,ANA  HEp-2,217,0.081,0.23378392640522508,0.3974389308141276
Imunoblot ANA: Mi-2,Imunoblot Liver Pro: gp210,163,0.081,0.30362463365587433,0.4788582658431406
Glukóza_ S,Krvný obr._DIFF_5pop: Neutrofily_#,34,-0.081,0.6493879095132917,0.7873721712540783
Imunoblot ANA: SS-B/La,dsDNA IgG,218,0.081,0.23091171163227808,0.39377498991451215
Kalcium-S,Ceruloplazmín,69,0.081,0.5068625549243204,0.6749314213863357
Reumat. faktor_S,Močový sediment A: Baktérie,41,-0.081,0.6140593346110581,0.7631080537665069
Triacylglyceroly_S,CIK_S,40,0.081,0.6174482608133476,0.7661423439349995
Cholest-celk._S,Fosfor_S,185,0.08,0.27892558001928647,0.45100896153283965
Bielkoviny_S,C4_S,1071,0.08,0.008595120138903747,0.026991991222172766
Bielkoviny_S,anti TG II,34,0.08,0.6536095863587432,0.7904486877050052
Kálium-S,ABR_artéria: O2_B sat,167,-0.08,0.3018246967682042,0.47722555962379326
ANA  HEp-2,Imunoblot Liver Pro: SLA,43,0.08,0.6088030415282151,0.7592548520894914
Kálium-S,HbA1c,30,-0.08,0.6728409341577616,0.8021314420537172
Horčík-S,Cholest-HDL_S,347,0.08,0.1389093415141186,0.27053680154481774
Bili-priamy_S,Močový sediment A: Leukocyty,91,0.08,0.4525708224690773,0.6309665876121948
GMT_S,Krvný obr._DIFF_5pop: Lymfocyty_#,30,-0.08,0.6751201420537757,0.8025570426624535
Imunoblot ANA: Ku,Imunoblot Liver Pro: AMA-M2,164,-0.08,0.307679560937508,0.482965690839106
ALT_S,T4f_S,309,0.08,0.1615561397368526,0.3035690202690326
Saturácia Trf,Beta2 mikroglob. _S,59,0.08,0.5460944555048755,0.706298468204901
Moč chemický A: UBG,Močový sediment A: Zhluky leukocytov,474,0.08,0.08077626773176257,0.1766511631324914
Bili-priamy_S,ABR_artéria: PCO2_B,93,-0.08,0.44502207237594094,0.6248011548738901
Krvný obr._DIFF_5pop: Stred.far.konc._HGB,Krvný obr._DIFF_5pop: Neutrofily_#,5473,-0.08,2.8929095823152838e-09,2.201036476221437e-08
IgG_S,Moč chemický A: UBG,39,-0.08,0.6299637455085192,0.7762140564809198
Nátrium-S,FE_ Kalcia,50,-0.08,0.5803712796284187,0.7356146641358904
GMT_S,Haptoglobín_S,69,-0.08,0.5129545854509127,0.6798689183125385
GMT_S,Krvný obr._DIFF_5pop: Neutrofily_%,30,0.08,0.6742974891294221,0.8025201584569397
Imunoblot Liver Pro: gp210,LKM1,139,0.08,0.3477270397324771,0.5281161566866907
Moč chemicky _ úplne: pH,Ceruloplazmín,30,-0.079,0.6762601933329182,0.802935817445108
ALP_S,Močový sediment: Valce,54,-0.079,0.570603498848097,0.7266581901695048
dsDNA IgG,DNP / Nucleo-h /,104,0.079,0.42439775639771327,0.6054792154490619
AST_S,GF(S)- MDRD,5973,-0.079,9.174243808941989e-10,7.2492501142050324e-09
Krvný obr._DIFF_5pop: Neutrofily_#,Diff.rozpočet_ WBC: Monocyty,202,-0.079,0.2655146358537272,0.4365461908847642
T3f_S,anti TG_S,133,0.079,0.3661351268950115,0.5463151429036334
GF(S)- MDRD,ELFO_S: alfa2_globulín,553,-0.079,0.06299718062237984,0.1449026388464805
ALT_S,alfa1 AT_S,319,-0.079,0.15713059986596248,0.29718687137495076
Kalcium-S,Kálium_U (zbieraný),50,0.079,0.5850663029830324,0.7396868105176527
Krvný obr._DIFF_5pop: Stred.far.konc._HGB,APTT: APTT_sekundy,1492,0.079,0.0021736678823049034,0.008047384648183597
Kreatinín_S,NVK_S,126,-0.079,0.37796477243688975,0.5580228147477693
Krvný obr._DIFF_RET: Erytrocyty_RBC,Krvný obr._DIFF_RET: Neutrofily_#,298,0.079,0.17423324001441667,0.3215873834432275
Krvný obraz_RET: Hemoglobín_HGB,Krvný obraz_RET: Stred. far.konc._HGB,34,0.079,0.6572758664291247,0.792880337553392
p-ANCA,Imunoblot Liver Pro: LKM1,90,0.078,0.4641895165286294,0.6395091736258854
Kys. močová_S,Močový sediment: Erytrocyty,168,-0.078,0.31447845517348827,0.4908800063187152
AST_S,GF-rozdiel,37,-0.078,0.6442437556803857,0.7842269744850529
Amyláza_S,LD_S,167,0.078,0.3176338340346818,0.49459013422116016
Kys. močová_S,Fosfor_S,204,-0.078,0.2693423154010566,0.4409609902091552
CK-celková_S,Etanol v sére,65,0.078,0.5349189513270063,0.6972384279401869
Feritin_S,Haptoglobín_S,118,-0.078,0.4007606466754484,0.5824828159069146
Horčík-S,Cholest-LDL_S,217,0.078,0.25091859999778365,0.4183952403637584
ALP_S,Amoniak_B,492,0.078,0.08514170796411713,0.1846093074047905
Horčík-S,alfa1 AT_S,140,-0.078,0.358937370452006,0.5387028382900058
Moč chemicky _ úplne: Ketolátky,Kys. močová_S,337,-0.078,0.15468286131946654,0.2935185836208396
GMT_S,Krvný obr._DIFF_5pop: Stredný objem_PLT,30,0.078,0.6824750395337396,0.8057226770700476
Fibrinogén,Krvný obr._DIFF_RET: Lymfocyty_%,104,-0.078,0.42918586814220494,0.6102255446049338
Prokalcitonín_S,Močový sediment A: Epitélie,31,-0.078,0.675219170947712,0.8025570426624535
IgG_S,CK-MB_S,44,-0.078,0.613707606719252,0.7629910813086903
Horčík-S,Osmolalita_U (jednor,42,0.078,0.6223336530730627,0.7700984997999936
Imunoblot ANA: Histones,CCP,197,0.078,0.2747019982433503,0.44690955053521236
Kálium-S,Železo_S,720,0.078,0.036654922943445654,0.09261916337849677
ALT_S,Krvný obr._DIFF_5pop: Hematokrit_HCT,38,0.078,0.6414640873576015,0.7832445410307213
Triacylglyceroly_S,Močový sediment A: Zhluky leukocytov,55,-0.078,0.5701823709085232,0.7266536815209323
Bielkoviny_S,TSH_S,585,0.077,0.06284590642497458,0.14464827521003817
APTT: APTT_sekundy,Krvný obr._DIFF_RET: Neutrofily_%,103,-0.077,0.4417428772350449,0.6213491449051465
Nátrium-S,APTT: APTT_sekundy,44,-0.077,0.618611944677498,0.766924171841399
Nátrium-S,Krvný obr._DIFF_5pop: Leukocyty_WBC,52,-0.077,0.5852132632626457,0.7396952532167715
Kálium-S,Krvný obr._DIFF_5pop: Bazofilily_#,52,0.077,0.5891714385447298,0.7432498310315068
AST_S,IGG4,86,0.077,0.4825719223753464,0.6551525934563156
Nátrium-S,Parathormón_S,34,0.077,0.6668731145064964,0.798686516736095
ELFO_S: alfa1_globulín,CK-MB_S,48,-0.077,0.6038221938545576,0.7551343302279536
Kreatinín_S,HBDH_S,105,-0.077,0.4373316683441263,0.6167298754695304
Lymfocyty,Imunoreg.index_IRI,354,-0.077,0.1465736527934444,0.2819201986668944
Horčík_U (zbieraný),FE_Horčíka,50,-0.077,0.594551305373805,0.7481992017501304
Kreatinín_S,ABR_kapilára: PCO2_B,33,0.077,0.6692898296248315,0.7998491887897959
Moč chemický A: UBG,Močový sediment A: Hyalínové valce,475,-0.077,0.09279926263138161,0.19678027887088362
GF(S)- MDRD,C3_S,294,-0.077,0.18540963773609415,0.33592907090708646
Krvný obr._DIFF_RET: Eozinofily_#,Krvný obr._DIFF_RET: Neutrofily_#,298,-0.077,0.182355844148877,0.33252200857572206
Glukóza_ S,Etanol v sére,154,-0.077,0.34507089131187707,0.5253379756780145
Imunoblot ANA: dsDNA,Imunoblot ANA: SmD1,418,0.077,0.11588853353415475,0.23380116022308195
CK-celková_S,Fosfor_S,185,0.077,0.2996032746236446,0.47442163601296466
C4_S,anti TG_S,46,-0.077,0.6089097231852603,0.7592548520894914
ALT_S,C4_S,940,0.077,0.017591748450043958,0.05020681846501764
Krvný obr._DIFF_5pop: Eozinofily_#,Diff.rozpočet_ WBC: Monocyty,203,-0.076,0.28132256183641496,0.4538451587980559
Kálium-S,Parathormón_S,34,-0.076,0.6702799095377412,0.8002389992147408
Imunoblot ANA: Jo-1,dsDNA IgG,218,0.076,0.26344998484669296,0.4341628414347705
CRP_S,Moč chemicky _ úplne: pH,687,-0.076,0.046877569296052864,0.11401730388124955
AST_S,ASLO_S,1137,-0.076,0.010149938053833397,0.03122641959128502
Cholest-celk._S,Močový sediment: Erytrocyty,148,0.076,0.3596853674716306,0.5394431396476084
IgA_S,Moč chemický A: Špec. hmotnosť,39,0.076,0.6444618775040685,0.7843422045561967
CK-MB_S,T3f_S,41,-0.076,0.6355661408696227,0.7797898209626715
Chloridy-S,APTT: APTT_ratio,44,-0.076,0.62439581561227,0.7721990688309813
Kys. močová_S,T3f_S,99,0.076,0.4575351282169019,0.6345663659082528
Horčík-S,Triacylglyceroly_S,394,0.076,0.13274099621123747,0.26052009543713056
ELFO_S: gama_globulín,Transferín_S,296,-0.076,0.1912752104237764,0.3435599128703001
APTT: APTT_sekundy,Diff.rozpočet_ WBC: Lymfocyty,49,0.076,0.6025589160585738,0.75459428222356
Krvný obr._DIFF_RET: Bazofily_#,Krvný obr._DIFF_RET: Hematokrit_HCT,299,0.076,0.18849144413351218,0.34000174462810984
AST_S,Krvný obraz: Trombocyty_PLT,30,-0.076,0.6902456155254229,0.8094944406669247
Reumat. faktor_S,Cholest-HDL_S,232,0.076,0.24750047850949455,0.41367285976606655
Bili-celkový_S,Moč chemický A: Špec. hmotnosť,93,-0.076,0.4681570239164491,0.6433276124981094
GMT_S,Transferín_S,579,-0.076,0.06684873246440275,0.15193803811998405
Horčík-S,Interleukín -6,75,-0.076,0.5160669999525722,0.6818996777659508
Krvný obraz: Šírka dist.kriv._RBC,Krvný obraz: Stredný objem_PLT,3643,0.076,3.924171734497208e-06,2.276736349704179e-05
Horčík-S,FE_ Kalcia,50,0.076,0.5980583506587047,0.7508823521214923
Quickov test: PT_%,Diff.rozpočet_ WBC: Eozinofily,33,0.076,0.6760225272010482,0.802935817445108
GMT_S,Moč chemicky _ úplne: pH,655,-0.076,0.051821952584440834,0.12362535895458163
CEA _S,PSAc_S,36,0.076,0.6608055431373175,0.7943636154606609
ALT_S,ABR_kapilára: PCO2_B,31,0.076,0.6845794439503194,0.8058831124981626
Kalcium-S,Laktát_P_artéria,82,0.075,0.5015773136669297,0.6708464576265273
Nátrium-S,Etanol v sére,146,0.075,0.3664067421743239,0.546556006816971
Kreatinín_S,Amoniak_P,98,0.075,0.4638863714612308,0.6395049721725644
Amoniak_B,alfa1 AT_S,56,-0.075,0.5824363566422732,0.7369597944904757
Horčík-S,FE_H2O,50,0.075,0.6025179564895795,0.75459428222356
AST_S,Transferín_S,584,-0.075,0.06839788954239014,0.15447273098571082
Močový sediment A: Hlienové vlákna,Močový sediment A: Hyalínové valce,478,0.075,0.10377769158908297,0.21458030734306205
Krvný obr._DIFF_5pop: Lymfocyty_#,Fibrinogén,1499,-0.075,0.0034996392487839957,0.012256454326088602
IgM_S,Transferín_S,283,-0.075,0.20666498564844293,0.36299216307010174
Amyláza_S,Foláty,73,0.075,0.5262575465947388,0.690054529105547
Amyláza_S,Horčík-S,161,0.075,0.34758355903868265,0.528024474072872
Feritin_S,C3_S,181,-0.075,0.3139108199400587,0.4902348670302834
Prokalcitonín_S,Amoniak_P,46,0.075,0.6214500447445849,0.7692571112609875
Glukóza_ S,Cholest-celk._S,912,0.075,0.023573952465023886,0.06389305461190135
Glukóza_ S,Krvný obraz: Leukocyty_WBC,41,-0.075,0.6394908389338758,0.7820375937915136
Krvný obr._DIFF_RET: Bazofily_%,Krvný obr._DIFF_RET: Hematokrit_HCT,299,0.075,0.19652943094873035,0.35101373252199436
ALT_S,GF-rozdiel,37,-0.075,0.6573431037137912,0.792880337553392
CRP_S,Močový sediment A: Zhluky leukocytov,145,0.075,0.37120641297732526,0.5515141117036828
Krvný obraz: Stredný objem_RBC,Krvný obraz: Hematokrit_HCT,3776,-0.075,4.24424543193356e-06,2.4467959373025326e-05
CRP_S,Krvný obr._DIFF_5pop: Eozinofily_#,55,-0.075,0.5853058457296885,0.7396952532167715
Krvný obr._DIFF_RET: Erytrocyty_RBC,Krvný obr._DIFF_RET: Monocyty_%,298,-0.075,0.1959304461708663,0.3501395568279926
GMT_S,CK-celková_S,1822,-0.075,0.001264667284567173,0.0049260767988076335
ELFO_S: Albumín,"ELFO_S: beta1,2_globulín",1602,0.075,0.0026235866999035403,0.009497234361531163
GMT_S,anti TPO_S,126,-0.075,0.4062810998521992,0.588352821372469
Chloridy-S,Močový sediment: Valce,64,-0.074,0.5629919674321859,0.7201836180288731
GF(S)- MDRD,Močový sediment A: Zhluky leukocytov,127,-0.074,0.4083558077033306,0.5902808751625163
Fosfor_S,Vitamin D total,92,0.074,0.4842363445132406,0.6564604743079256
Bili-priamy_S,Triacylglyceroly_S,728,-0.074,0.04708252508858472,0.11438442902018307
Imunoblot ANA: SS-B/La,Imunoblot Liver Pro: Sp100,160,0.074,0.3509574423971261,0.5313709798734372
APTT: APTT_sekundy,Krvný obr._DIFF_RET: Stredný objem_PLT,93,0.074,0.4826246084331114,0.6551525934563156
LD_S,Lipáza_S,44,-0.074,0.6335345231967031,0.7784999663188887
APTT: APTT_sekundy,Krvný obr._DIFF_RET: Neutrofily_#,103,-0.074,0.45698839041268224,0.6345152364273028
ABR_artéria: HCO3_B -  stand.,Laktát_P_artéria,98,-0.074,0.4693867623305953,0.6443418541673016
Imunoblot Liver Pro: SLA,AMAM2,147,-0.074,0.3727682437335289,0.553058536300586
Horčík-S,Saturácia Trf,67,0.074,0.5531173984582636,0.7121072294318772
Amyláza_S,"ELFO_S: beta1,2_globulín",71,0.074,0.5385574163247944,0.7005436662390292
Močový sediment: Erytrocyty,Amoniak_B,41,0.074,0.6455904090764275,0.7854147584953168
Imunoblot ANA: AMA-M2,Imunoblot Liver Pro: SLA,164,-0.074,0.3435445036854189,0.5237672742772896
Kreatinín_S,AST_S,7492,0.074,1.8402424808945676e-10,1.5242582113589553e-09
Kálium-S,Krvný obraz: Erytrocyty_RBC,50,0.074,0.6075359603411061,0.7584350473662895
Imunoblot Liver Pro: Sp100,Imunoblot Liver Pro: LC1,188,-0.074,0.31007406197588777,0.48603516302314703
ELFO_S: alfa1_globulín,ASLO_S,943,0.074,0.023780406856902477,0.0643286430902543
Krvný obr._DIFF_RET: Monocyty_%,Krvný obr._DIFF_RET: Nezrelé formy RET,297,0.074,0.20475717940526458,0.3609385018761504
CRP_S,AFP_S,42,-0.074,0.6392155068265815,0.7819828734870742
Reumat. faktor_S,C4_S,948,-0.074,0.023375806457854902,0.06350022256510389
AST_S,ELFO_S: gama_globulín,1239,0.073,0.009730107041423236,0.030095116861811988
Krvný obraz_RET: Stred. far.konc._HGB,Krvný obraz_RET: Šírka dist.kriv._RBC,34,-0.073,0.6832073309664688,0.8058024267005142
IgA_S,Moč chemický A: UBG,39,-0.073,0.6605206794621941,0.7943001848615027
Chloridy-S,Meď_S,112,0.073,0.4418477453498849,0.6213491449051465
GF(S)- MDRD,Foláty,226,-0.073,0.2771769411289389,0.44955453331430917
Glukóza_ S,Kalcium ionizované_S,289,-0.073,0.21844189021748475,0.3779306450304141
Imunoblot Liver Pro: SLA,LC1,116,-0.073,0.43808965412353285,0.6171647849591824
Moč chemicky _ úplne: Bielkoviny,T4f_S,47,-0.073,0.6255494527791098,0.7733247078236397
Imunoblot ANA: Jo-1,Imunoblot Liver Pro: LC1,164,-0.073,0.3541155538672245,0.5342496596194177
APTT: APTT_sekundy,Krvný obr._DIFF_RET: Lymfocyty_#,103,-0.073,0.46483462440310064,0.6400291219837231
C3_S,T4f_S,113,-0.073,0.44342217277041907,0.6229679486091271
Imunoblot ANA: Rib-PO,p-ANCA,274,-0.073,0.22672650687986207,0.388770174954862
Močový sediment: Leukocyty,Amoniak_B,61,0.073,0.5780893889136383,0.7336400095422181
Močový sediment A: Epitélie,Močový sediment A: Erytrocyty,475,0.073,0.11314695871947587,0.22936267668947996
Krvný obr._DIFF_RET: Retikulocyty_%,Krvný obr._DIFF_RET: Eozinofily_#,298,0.073,0.20730464373455956,0.36374967053783464
Imunoblot ANA: Ku,Imunoblot Liver Pro: LC1,164,-0.073,0.35412015058356183,0.5342496596194177
ALP_S,GF-rozdiel,37,0.073,0.6695803742949243,0.7998954715862456
ALP_S,Haptoglobín_S,69,-0.073,0.5484624086792611,0.7082076590120622
IgE celkové FOOKE,ASCA IgG,64,-0.073,0.5683131240253795,0.7252827722978259
Močový sediment A: Baktérie,Močový sediment A: Kryštály,468,0.073,0.11268938840129314,0.22872705575508476
Albumín_S,Moč chemický A: pH,108,0.073,0.4500689125750815,0.6290234383417932
NSE_S,CYFRA  21-1_S,59,0.073,0.5841906890262724,0.7388738696762708
Horčík-S,GF-(S+U)-dospelí,32,-0.073,0.6895541146872561,0.8092659456073796
GMT_S,Amoniak_B,526,0.073,0.09573607541533496,0.20166156734536572
Moč chemický A: Špec. hmotnosť,Močový sediment A: Hyalínové valce,475,0.073,0.11246337455072412,0.22840821792557048
Moč chemicky _ úplne: pH,IgG_S,176,-0.073,0.3353193313619198,0.5144370229756766
Imunoblot ANA: PM-Scl,Imunoblot ANA: Jo-1,419,0.073,0.13653895798534008,0.2665740627169224
Lymfocyty,Aktiv.TLy_CD3+HLADR+,359,-0.073,0.165945332302804,0.31025623782216416
Urea_S,Nátrium-S,5911,-0.073,1.7955337735317814e-08,1.2962529617326598e-07
ELFO_S: gama_globulín,Cholest-celk._S,284,-0.073,0.2189729154192877,0.37833422128331107
Amoniak_B,Foláty,111,-0.073,0.44825113341568656,0.6276701456005856
C3_S,Močový sediment A: Spermie,36,0.073,0.671141186984742,0.8007060959463035
TSH_S,Žlčové kyseliny,37,0.073,0.6670989495972206,0.7987325272131566
C3_S,Močový sediment A: Hyalínové valce,36,0.073,0.671141186984742,0.8007060959463035
Nátrium-S,Krvný obr._DIFF_5pop: Eozinofily_%,52,-0.072,0.6139133796387672,0.7630975740256483
Reumat. faktor_S,Močový sediment A: Epitélie,43,-0.072,0.6473264704887192,0.786300766773854
Kreatinín_S,Močový sediment A: Leukocyty,155,0.072,0.3707319201744873,0.5509379857002381
ALT_S,Krvný obr._DIFF_5pop: Bazofily_%,38,0.072,0.6682763601211943,0.7993898918941721
Moč chemicky _ úplne: pH,Moč chemicky _ úplne: Bielkoviny,1836,-0.072,0.002090805852843214,0.0077859845153065285
Imunoblot ANA: AMA-M2,ANA  HEp-2,217,0.072,0.29243238248602416,0.4662039964701911
"ELFO_S: beta1,2_globulín",Horčík-S,275,0.072,0.2339959159608232,0.39767550514851946
Krvný obr._DIFF_RET: Stredná konc._HGB,Krvný obr._DIFF_RET: Lymfocyty_%,298,-0.072,0.21423540888517215,0.37247880477490386
Horčík-S,C3_S,217,0.072,0.28856836276252346,0.4623643905751101
ABR_artéria: BE_B,Laktát_P_artéria,98,-0.072,0.4828564735713664,0.6551873508327405
p-ANCA,AMAM2,86,-0.072,0.5091833388449238,0.6768745902907586
Albumín_S,anti TG_S,67,0.072,0.561612834086745,0.719339179055534
CK-celková_S,T4f_S,145,-0.072,0.3902245739627038,0.5708809052045324
Krvný obr._DIFF_RET: Hematokrit_HCT,Krvný obr._DIFF_RET: Eozinofily_#,298,0.072,0.2134104342839161,0.37176427255097705
Bili-priamy_S,Prealbumín_S,139,-0.072,0.4000989828664925,0.5819205215546764
Krvný obr._DIFF_5pop: Stredný objem_RBC,Diff.rozpočet_ WBC: Monocyty,206,-0.072,0.30384376271624514,0.4788582658431406
Krvný obr._DIFF_5pop: Stred.far.konc._HGB,Krvný obr._DIFF_5pop: Neutrofily_%,5473,-0.072,8.728952114256953e-08,5.937369676860217e-07
Imunoblot ANA: PM-Scl,Imunoblot Liver Pro: LKM1,164,0.072,0.36288993711652173,0.5431750775382999
ASLO_S,T3f_S,109,-0.072,0.457133874566104,0.6345152364273028
Kálium-S,CK-celková_S,1103,0.072,0.01650963836363528,0.04758880786033346
c-ANCA,anti- transglut. IgA,71,0.072,0.5518386821351011,0.711410541315807
Nátrium-S,CK-MB_S,715,-0.072,0.05476872694550656,0.129561458797313
Moč chemicky _ úplne: Ketolátky,Cholest-HDL_S,227,-0.072,0.27876949482527935,0.4509861473453017
Moč chemicky _ úplne: Ketolátky,Transferín_S,46,0.072,0.6348613489923847,0.7793450351285683
Kreatinín_S,ABR_kapilára: BE_B,33,0.071,0.6965029001845275,0.8144455963321007
Nátrium-S,Amyláza_S,2125,0.071,0.0010205278736402298,0.00406228921130099
Glukóza_ S,Krvný obraz: Erytrocyty_RBC,41,0.071,0.6591018199682377,0.7932143217556351
Feritin_S,Vitamin D total,66,0.071,0.5707578103173034,0.7266581901695048
Moč chemicky _ úplne: Bielkoviny,Vitamín B12,40,0.071,0.6647676182007933,0.7975955955485629
Nátrium-S,FE_Fosforu,50,0.071,0.6237696600266751,0.7715748929418744
Kálium-S,CEA _S,53,-0.071,0.6143804651151991,0.7632301710748649
Bili-celkový_S,AFP_S,66,-0.071,0.5726594995975808,0.7286412579498158
Krvný obr._DIFF_5pop: Eozinofily_%,Krvný obr._DIFF_5pop: Šírka dist.kriv._RBC,5471,-0.071,1.5232662795211862e-07,1.010157690375584e-06
AST_S,Krvný obr._DIFF_5pop: Lymfocyty_%,38,0.071,0.6735791491920001,0.8023128226859629
Fibrinogén,Diff.rozpočet_ WBC: Eozinofily,33,-0.071,0.6932858494184397,0.8121786836355058
ASLO_S,Ceruloplazmín,91,-0.071,0.5034053216226756,0.6725833876485505
Moč chemický A: pH,Močový sediment A: Kvasinky,477,0.071,0.12268625268537255,0.24497753268433686
Krvný obr._DIFF_5pop: Hemoglobín_HGB,Fibrinogén,1499,-0.071,0.005792189543683812,0.01914498718308312
GF(S)- MDRD,Albumín_S,4054,0.071,5.471009086233931e-06,3.103332207575372e-05
Urea_S,Krvný obr._DIFF_5pop: Lymfocyty_%,48,0.071,0.6331508445630925,0.77817901248004
Glukóza_ S,IgM_S,720,-0.071,0.057370624272024426,0.13472608998765195
AST_S,ABR_kapilára: PO2_B,32,0.071,0.7013359388170828,0.8173889596963726
IgG_S,Močový sediment A: Leukocyty,39,-0.071,0.6691603525662462,0.7998449143656373
Bielkoviny_S,Močový sediment A: Kryštály,97,-0.071,0.48687514232661755,0.6583903318861221
ALP_S,anti TPO_S,133,0.071,0.4156782807971402,0.5972596689503232
Imunoblot ANA: Ku,LC1,112,0.071,0.4598201670388321,0.6364351898034206
Krvný obr._DIFF_5pop: Stredná konc._HGB,Diff.rozpočet_ WBC: Neutrofilné segmenty,209,-0.071,0.30773573375046454,0.482965690839106
ELFO_S: Albumín,Močový sediment A: Baktérie,37,-0.071,0.675701959746427,0.8028304750830466
Krvný obr._DIFF_5pop: Stred.far.konc._HGB,Krvný obr._DIFF_5pop: Lymfocyty_%,5477,0.071,1.462822976819057e-07,9.75164152332788e-07
CRP_S,GF(S)- MDRD,5437,-0.071,1.6092128587783717e-07,1.0638219866617062e-06
Chloridy-S,Krvný obr._DIFF_5pop: Stredná konc._HGB,52,0.071,0.6177083760799844,0.7663154292591566
Krvný obr._DIFF_RET: Bazofily_#,Krvný obr._DIFF_RET: Šírka dist.kriv._RBC,297,0.071,0.22337217453641722,0.38467970312546995
ELFO_S: gama_globulín,Močový sediment A: Zhluky leukocytov,39,0.07,0.6735926381570931,0.8023128226859629
Močový sediment A: Spermie,Močový sediment A: Kvasinky,478,0.07,0.12836131114379673,0.25423240993079793
Urea_S,Amyláza_S,2250,0.07,0.0009255264624337547,0.0037285159263421965
Krvný obr._DIFF_RET: Neutrofily_%,Krvný obr._DIFF_RET: Nezrelé formy RET,297,-0.07,0.2304511807776314,0.39324640114968906
Kreatinín_S,ABR_kapilára: HCO3_B -  stand.,33,0.07,0.6991735007129549,0.8163663389136928
Krvný obr._DIFF_RET: Eozinofily_#,Krvný obr._DIFF_RET: Šírka dist.kriv._RBC,296,0.07,0.23188846763688742,0.394850558803845
ANA,LC1,112,0.07,0.4663529420521333,0.641285766419308
Imunoblot ANA: SS-A/Ro52kD,p-ANCA,274,0.07,0.24676442807660232,0.41309470660623304
Kalcium-S,CK-celková_S,822,0.07,0.043971696812727674,0.10802482206158504
Krvný obr._DIFF_5pop: Stred.far.konc._HGB,Quickov test: PT_INR,1562,0.07,0.005443767789726223,0.01814494059188389
Kálium-S,Feritin_S,700,-0.07,0.06335753611322793,0.14531062343947185
Krvný obr._DIFF_5pop: Erytrocyty_RBC,Fibrinogén,1499,0.07,0.007039641710771071,0.022678926870450616
Bili-priamy_S,ABR_artéria: PO2_B,93,0.07,0.5033069317675958,0.6725833876485505
Bielkoviny_S,Moč chemický A: Špec. hmotnosť,100,0.07,0.4913889438222926,0.6623529243270171
Kys. močová_S,Močový sediment A: Hlienové vlákna,67,0.07,0.5753810351443137,0.7309329566630325
CK-celková_S,HbA1c,41,-0.07,0.6636568570253794,0.7968648672618096
Urea_S,Chloridy-S,5707,-0.07,1.3233839459016364e-07,8.868626802018035e-07
CK-MB_S,T4f_S,50,0.07,0.6274717798813501,0.7750211526565589
C4_S,Prealbumín_S,153,0.07,0.38711616252063774,0.5683727710870375
Kálium-S,CIK_S,62,-0.07,0.586929091319469,0.7411569304616551
Triacylglyceroly_S,Transferín_S,163,0.07,0.3737164196311149,0.5536882286100948
Krvný obr._DIFF_5pop: Lymfocyty_#,Diff.rozpočet_ WBC: Monocyty,205,-0.07,0.3196914810480839,0.4973065570760228
Fosfor_S,Chloridy_U (zbieraný,50,-0.07,0.627775673157666,0.7750211526565589
Krvný obr._DIFF_5pop: Bazofily_%,Diff.rozpočet_ WBC: Monocyty,205,-0.07,0.3163110620778485,0.4928928568507656
Chloridy_U (zbieraný,FE_ Kalcia,50,-0.07,0.6310636049118117,0.776665455638268
Kalcium-S,Kreatinín_U (zbier.),82,0.07,0.5338516073782005,0.6966258554978287
Kálium-S,Tub. resorbcia,86,0.07,0.5230188079112595,0.6873683257468415
c-ANCA,ASCA IgA,110,0.07,0.4688896365439932,0.6439377131353197
Nátrium-S,anti TG_S,92,-0.07,0.5093872841460911,0.6768745902907586
Nátrium-S,Kalcium ionizované_S,330,0.07,0.2017844357613784,0.35768318091295676
Elementy_CSF: Ly_CSF,Laktát_CSF,61,0.07,0.5901910893093834,0.7443883244753846
Chloridy-S,Ceruloplazmín,135,-0.069,0.4253640657274297,0.6061771892252941
GMT_S,alfa1 AT_S,321,0.069,0.21725246103724938,0.3764879664401651
Moč chemicky _ úplne: Ketolátky,Močový sediment: Erytrocyty,861,0.069,0.04309779178822411,0.10624767994978183
Kreatinín_S,Cholinesteráza_S,116,-0.069,0.4636879621280373,0.6394203654003519
Krvný obr._DIFF_5pop: Leukocyty_WBC,Krvný obr._DIFF_5pop: Stred.far.konc._HGB,5478,-0.069,3.5043792374368216e-07,2.2375197281845356e-06
ALT_S,Parathormón_S,30,0.069,0.7180467755828954,0.8280543048244936
Nátrium-S,Kalcium_U (zbieraný),51,-0.069,0.6329041470287109,0.7781769007302884
Chloridy-S,Krvný obr._DIFF_5pop: Bazofilily_#,52,-0.069,0.6266137954680195,0.7741885341517558
Kalcium-S,Amyláza_U (jednoráz),43,-0.069,0.6620228681957042,0.7956548016737247
Kálium_U (zbieraný),GF(S)-Schwarz,48,-0.069,0.64207622845484,0.7833897214084115
Prokalcitonín_S,T4f_S,48,0.069,0.6410893069227223,0.7829374023221943
Bili-celkový_S,ABR_artéria: PO2_B,93,0.069,0.5097134356393783,0.6768832476206041
Krvný obr._DIFF_5pop: Šírka dist.kriv._RBC,Diff.rozpočet_ WBC: Neutrofil.nesegmenty,131,0.069,0.4364956046019336,0.616097884033789
Močový sediment: Erytrocyty,alfa1 AT_S,42,-0.069,0.6635924725350926,0.7968648672618096
"ELFO_S: beta1,2_globulín",Močový sediment A: Leukocyty,39,0.069,0.6763965326177014,0.802935817445108
Kálium-S,FE_ Kália,50,0.069,0.6360811207882062,0.7801203398392808
Glukóza_ S,Lipáza_S,341,-0.069,0.20587295091358684,0.36240256501912366
IgM_S,Vitamin D total,275,-0.069,0.2565777091518831,0.4253753095620859
Kálium-S,Krvný obraz: Stredný objem_PLT,49,0.069,0.6391919931397809,0.7819828734870742
p-ANCA,ASCA IgA,112,0.069,0.47211319568352905,0.6462691515142124
p-ANCA,Imunoblot Liver Pro: AMA-M2,90,-0.069,0.5203067142135478,0.685505714516522
Chloridy-S,Amyláza_U (jednoráz),75,0.069,0.5588215481443695,0.7173347622658717
Kálium-S,NT-proBNP,207,-0.069,0.3234648478271389,0.5015797359643187
Fosfor_U (zbieraný),GF(S)-Shull,48,-0.069,0.6399038657153484,0.7823920821573535
CRP_S,Vitamin D total,413,-0.069,0.15926987704060153,0.3001196682947064
IgG_S,Močový sediment A: Hlienové vlákna,39,-0.069,0.6744158604128822,0.8025201584569397
AST_S,Parathormón_S,30,-0.069,0.7161750938445948,0.8272473402172201
GF(S)- MDRD,ELFO_S: Albumín,553,0.069,0.10291416284254301,0.2131769405082086
ABR_kapilára: PO2_B,ABR_kapilára: pH_B,102,0.069,0.49196463055843853,0.6625930247907059
Kálium-S,IgA_S,663,-0.069,0.07564538798186352,0.16715657386044483
GF(S)- MDRD,Vitamin D total,103,-0.069,0.4863685351809308,0.6581255173598409
CK-celková_S,Močový sediment A: Hlienové vlákna,45,0.069,0.6543590502290687,0.7905275119762272
LD_S,IgM_S,797,-0.069,0.05186399637091317,0.12363676132998551
Kreatinín_S,Močový sediment A: Erytrocyty,156,0.069,0.3904089453047054,0.5708809052045324
Cholest-HDL_S,HbA1c %,45,-0.069,0.6542584275643804,0.7905275119762272
Imunoblot ANA: Scl-70,Imunoblot ANA: Histones,419,0.069,0.15730537637367598,0.297428885744632
Bili-priamy_S,Fosfor_S,376,-0.068,0.19005964585679988,0.3420775960658899
Amyláza_S,Žlčové kyseliny,315,-0.068,0.230798708884182,0.3937336728091322
GMT_S,ABR_artéria: O2_B sat,79,0.068,0.5535292122094568,0.7124333640937356
Kreatinín_S,Krvný obr._DIFF_5pop: Hemoglobín_HGB,48,0.068,0.6471619685605581,0.7862727072605137
Moč chemicky _ úplne: Bielkoviny,Foláty,39,-0.068,0.6818795673607218,0.8057226770700476
Vitamín B12,Meď_S,146,-0.068,0.41334963752587794,0.5946581175728946
Bili-priamy_S,Amyláza_S,2090,-0.068,0.0017825076250998814,0.006764797456546922
ALT_S,Troponín T hs,196,0.068,0.3410948165103159,0.5209075406947205
Bielkoviny_S,Lipáza_S,132,0.068,0.4379951417258906,0.6171647849591824
CK-celková_S,HbA1c %,42,-0.068,0.6669340423870587,0.798686516736095
Bili-celkový_S,Fosfor_S,380,-0.068,0.1850810111127406,0.3357566143915594
ALT_S,Amoniak_B,552,-0.068,0.10922509402418733,0.22348052249135655
Bili-celkový_S,Cholest-LDL_S,487,-0.068,0.1341795398795089,0.2626132522657178
Moč chemický A: Špec. hmotnosť,Močový sediment A: Kryštály,469,0.068,0.1398582774389185,0.2718016630680481
Kreatinín_S,Krvný obr._DIFF_5pop: Hematokrit_HCT,48,-0.068,0.6440789149402366,0.7842269744850529
Moč chemický A: UBG,Močový sediment A: Spermie,476,-0.068,0.136904961579583,0.2672065194823628
Glukóza_ S,Krvný obr._DIFF_5pop: Eozinofily_%,34,-0.068,0.7012440092919572,0.8173889596963726
ELFO_S: gama_globulín,Cholest-HDL_S,244,-0.068,0.2866553264012854,0.46011149283157304
Osmolalita_U (jednor,FE_Chloridov,42,0.068,0.6675664807648765,0.798841561932428
C3_S,NSE_S,34,0.068,0.7010498160191971,0.8173889596963726
Nátrium-S,Moč chemicky _ úplne: Bielkoviny,611,-0.068,0.09233136045923496,0.19632440071351187
Bili-celkový_S,Laktát_P,62,0.068,0.6021583451442867,0.7545388494480578
Glukóza_ S,Vitamín B12,205,0.068,0.3349809301593215,0.5140419925850651
Bili-celkový_S,Troponín T hs,147,-0.067,0.41713518275579153,0.5982076334193102
ELFO_S: alfa1_globulín,Beta2 mikroglob. _S,138,0.067,0.43295305282848795,0.613277757997633
Imunoblot ANA: Ku,Imunoblot Liver Pro: LKM1,164,-0.067,0.39577911917839204,0.5773558539931859
ASLO_S,AFP_S,35,0.067,0.7010934514937612,0.8173889596963726
CA 72-4_S,CYFRA  21-1_S,66,0.067,0.5947435808024806,0.7481992017501304
CRP_S,Krvný obr._DIFF_5pop: Monocyty_#,55,0.067,0.6260283853109795,0.7737593376426302
Imunoblot ANA: Jo-1,Imunoblot ANA: PCNA,419,0.067,0.16932544846259778,0.3149076622022493
Bili-celkový_S,GF-(S+U)-dospelí,32,-0.067,0.7159161545513972,0.8270986233615251
Urea_S,Krvný obr._DIFF_5pop: Bazofilily_#,48,0.067,0.6522467339742191,0.7898824820698082
Močový sediment: Leukocyty,Transferín_S,31,-0.067,0.7208820798915218,0.8299680778453856
C4_S,Močový sediment A: Erytrocyty,36,-0.067,0.6960826417962895,0.8141040175500419
Albumín_S,Kys. močová_S,1106,0.067,0.02624571558882468,0.06999004163318198
Glukóza_ S,Bielkoviny_S,3722,0.067,4.033777993175705e-05,0.00020210245733947362
Urea_S,Močový sediment A: Zhluky leukocytov,154,0.067,0.4055994705584207,0.5879998990706479
Močový sediment A: Kvasinky,Močový sediment A: Baktérie,473,0.067,0.1446377037914718,0.2790096217377544
ELFO_S: alfa2_globulín,T3f_S,101,-0.067,0.5055491407803989,0.6738887308807961
Bili-priamy_S,Močový sediment A: Epitélie,92,-0.067,0.5271170558866841,0.6910389302616806
Triacylglyceroly_S,Kalcium ionizované_S,144,0.067,0.4282318821457828,0.6094438053925085
Moč chemicky _ úplne: Bielkoviny,Železo_S,115,-0.067,0.4752810107590162,0.6493462927638773
Krvný obr._DIFF_RET: Stredná konc._HGB,Krvný obr._DIFF_RET: Hematokrit_HCT,299,0.067,0.25007032031438947,0.41730936300428584
Nátrium-S,Addisov sediment: Valce,46,-0.067,0.6582774781696112,0.7932143217556351
Addisov sediment: Leukocyty,GF(S+U)-deti,36,0.067,0.6988696470592775,0.8161615565749245
LD_S,Foláty,208,0.067,0.3366334537180202,0.515830277730483
Kálium-S,CK-MB_S,716,0.067,0.07471797556220594,0.16539487761208863
Krvný obr._DIFF_5pop: Stredná konc._HGB,Krvný obr._DIFF_5pop: Monocyty_%,5475,0.067,7.033213290951182e-07,4.376298142743669e-06
Moč chemicky _ úplne: pH,ELFO_S: gama_globulín,185,-0.067,0.3671761058176669,0.5473119662277582
Urea_S,Cholest-celk._S,942,0.067,0.03948075691899869,0.09882633912781666
Imunoblot ANA: Jo-1,Imunoblot Liver Pro: LKM1,164,-0.067,0.3957746086999998,0.5773558539931859
IgG_S,Močový sediment: Leukocyty,137,0.066,0.44187870874885127,0.6213491449051465
ELFO_S: gama_globulín,Močový sediment A: Epitélie,39,0.066,0.6896530504514958,0.8092659456073796
ELFO_S: gama_globulín,Vitamin D total,279,-0.066,0.2728932786342664,0.44476423785620683
Kreatinín_S,Saturácia Trf,315,0.066,0.24196726279695213,0.40688671798545184
Kreatinín_S,Lipáza_S,373,0.066,0.201602211913758,0.3575597019229772
C4_S,Fosfor_S,107,0.066,0.4990471953356369,0.6681658233861542
Moč chemicky _ úplne: pH,Amyláza_U (jednoráz),50,-0.066,0.6478395958781034,0.786300766773854
Chloridy-S,Močový sediment A: Hlienové vlákna,127,0.066,0.4626561373930925,0.638413214782432
Horčík-S,Nátrium_U (zbieraný),50,-0.066,0.6508505130786784,0.7884922405775826
ALT_S,Močový sediment A: Kvasinky,141,0.066,0.4367537770229213,0.6163253543817457
Nátrium-S,Krvný obr._DIFF_5pop: Neutrofily_#,52,-0.066,0.6434451584333214,0.7840978147368318
ELFO_S: Albumín,Kys. močová_S,319,0.066,0.23966466928118055,0.40429889642680295
Imunoblot ANA: SS-B/La,Imunoblot Liver Pro: SLA,160,-0.066,0.40942304828185927,0.5912854343565929
Krvný obr._DIFF_RET: Stredná konc._HGB,Krvný obr._DIFF_RET: Nezrelé formy RET,298,-0.066,0.2584441481563716,0.4274656790516607
GMT_S,Amyláza_S,2096,-0.066,0.002342391044057526,0.008591922807677519
Bili-celkový_S,ELFO_S: alfa1_globulín,499,-0.066,0.14041950660619695,0.27264215326074853
Cholest-celk._S,NVK_S,56,0.066,0.6293189167077,0.7757204264346174
Diff.rozpočet_ WBC: Monocyty,Diff.rozpočet_ WBC: Neutrofil.nesegmenty,182,-0.066,0.3728776751299294,0.5530917277843665
Nátrium-S,Krvný obr._DIFF_5pop: Eozinofily_#,52,-0.066,0.6410295039459808,0.7829374023221943
Kreatinín_S,Žlčové kyseliny,320,-0.066,0.24149378112691114,0.40644618414125877
Kálium-S,Nátrium-S,6783,-0.066,4.918287756666097e-08,3.3999871728073677e-07
p-ANCA,ASCA IgG,112,0.066,0.4860358955402595,0.6579004002389454
Cholest-celk._S,Močový sediment A: Zhluky leukocytov,56,0.066,0.6307935260887345,0.776633967294909
Urea_S,Amyláza_U (jednoráz),78,0.066,0.5641176338570268,0.721239550793659
Bili-celkový_S,Solub.transf.recep_S,30,-0.066,0.7278765696535638,0.8346931131785363
Bili-priamy_S,Osmolalita_S,61,-0.066,0.6157634512310713,0.7644997470531554
ELFO_S: alfa1_globulín,Močový sediment A: Epitélie,39,0.066,0.6884176765884213,0.8086182223122216
IgM_S,Fosfor_S,164,-0.066,0.40256639239630254,0.5845724093471337
Krvný obr._DIFF_5pop: Stredný objem_PLT,D_dimer INOV,206,-0.066,0.3454708456052792,0.5255690330771884
Transferín_S,AFP_S,54,-0.066,0.6339959055918372,0.7787343531105226
Imunoblot ANA: Nucleosomes,Imunoblot Liver Pro: AMA-M2,164,0.066,0.4034293952201232,0.5855579044627468
Krvný obr._DIFF_5pop: Bazofily_%,Krvný obr._DIFF_5pop: Šírka dist.kriv._RBC,5472,-0.066,1.0011492014847854e-06,6.1571160474664485e-06
Urea_S,IGG4,76,-0.066,0.5694240450386882,0.725978518589361
IgM_S,IGG4,85,0.066,0.5475014214129661,0.7074018918685074
Kalcium-S,Moč chemický A: pH,86,0.066,0.5470474041576787,0.7072430115209062
ELFO_S: Albumín,IGG4,62,0.066,0.6083657963233537,0.7590235475338307
Albumín_S,IgM_S,1464,-0.065,0.013302225853488888,0.039638386888937574
ALT_S,Krvný obr._DIFF_5pop: Erytrocyty_RBC,38,-0.065,0.6968938245405945,0.8147527543810079
ALT_S,Krvný obr._DIFF_5pop: Neutrofily_#,38,-0.065,0.6977145330064688,0.8152621718208748
Krvný obr._DIFF_5pop: Trombocyty_PLT,D_dimer INOV,208,-0.065,0.3514666227671246,0.531513064165882
Chloridy-S,Moč chemicky _ úplne: Bielkoviny,609,-0.065,0.10662602260075585,0.21950587219138104
Triacylglyceroly_S,Močový sediment: Erytrocyty,134,-0.065,0.4555308882702329,0.633396308422147
Kys. močová_S,ASLO_S,368,-0.065,0.21341481221366493,0.37176427255097705
Reumat. faktor_S,Fosfor_S,114,-0.065,0.49437044232767613,0.6647059090175083
Reumat. faktor_S,Transferín_S,108,-0.065,0.5027304531672836,0.6719643528238487
Krvný obr._DIFF_RET: Stred. far.konc._HGB,Krvný obr._DIFF_RET: Bazofily_%,299,0.065,0.2661478816457889,0.43713482215504057
"ELFO_S: beta1,2_globulín",Moč chemický A: Špec. hmotnosť,38,0.065,0.699618505298855,0.8167358258294057
Horčík-S,Horčík_U (zbieraný),50,-0.065,0.652998713812922,0.7901906340673321
APTT: APTT_sekundy,Krvný obr._DIFF_RET: Bazofily_%,104,-0.065,0.5096273718246807,0.6768832476206041
Krvný obr._DIFF_5pop: Hemoglobín_HGB,Diff.rozpočet_ WBC: Lymfocyty,210,0.065,0.3503476286877848,0.5309538370833723
Krvný obr._DIFF_5pop: Stredná konc._HGB,Diff.rozpočet_ WBC: Neutrofil.nesegmenty,131,-0.065,0.45796008958675594,0.6347648261751144
Močový sediment A: Epitélie,Moč chemický A: Špec. hmotnosť,476,0.065,0.15753224374853708,0.2976806497722951
AST_S,Močový sediment A: Kryštály,137,0.065,0.4526649666209669,0.6309665876121948
GF(S)- MDRD,Vitamín B12,230,-0.065,0.32420450464710127,0.5021139000543721
Imunoblot ANA: PM-Scl,Imunoblot ANA: SS-B/La,415,0.065,0.18566660155811157,0.33624285054124364
Kys. močová_S,C4_S,254,0.064,0.3108498224569739,0.4867707473673047
CK-celková_S,Moč chemický A: pH,45,-0.064,0.6748091746382767,0.8025201584569397
Albumín_S,ABR_artéria: O2_B sat,57,-0.064,0.6368951514498657,0.780482331509846
ALT_S,Moč chemický A: Špec. hmotnosť,141,-0.064,0.4485200545458232,0.6279083090633792
Chloridy-S,Krvný obraz: Stred. far.konc._HGB,49,-0.064,0.6608235019218626,0.7943636154606609
Imunoblot ANA: Rib-PO,Imunoblot Liver Pro: SLA,164,0.064,0.417035821027234,0.5982076334193102
Kalcium-S,GF-rozdiel,34,0.064,0.7188074406772197,0.8281798459598071
Cyt.TLy_CD8+_a.p,CCP,59,0.064,0.6285294871489338,0.7751624027413797
Moč chemicky _ úplne: pH,C3_S,165,-0.064,0.4119016303969665,0.5939198951229977
APTT: APTT_ratio,Krvný obr._DIFF_RET: Erytrocyty_RBC,104,-0.064,0.5215619817571531,0.686163443798549
Krvný obr._DIFF_5pop: Stredná konc._HGB,Krvný obr._DIFF_5pop: Neutrofily_%,5473,0.064,2.3003440298908705e-06,1.363254255773946e-05
Krvný obr._DIFF_RET: Monocyty_#,Krvný obr._DIFF_RET: Neutrofily_%,298,0.064,0.2671358552807382,0.43835552556779883
Imunoblot ANA: dsDNA,Imunoblot ANA: Jo-1,419,-0.064,0.18993048009024685,0.3420148356046877
Feritin_S,TSH_S,229,-0.064,0.3363392913654022,0.5156282620763514
Chloridy-S,Bielkoviny_S,2809,-0.064,0.0007069848737465755,0.002927949741142108
Kálium-S,APTT: APTT_sekundy,44,0.064,0.6784493962606635,0.8041397415007453
Krvný obr._DIFF_RET: Retikulocyty_#,Krvný obr._DIFF_RET: Monocyty_%,298,-0.064,0.26896831855129216,0.44051449542571774
Bili-priamy_S,ASLO_S,301,-0.064,0.26977199437331895,0.44148930454757734
Nátrium-S,Krvný obr._DIFF_5pop: Hematokrit_HCT,52,0.064,0.6500484183352964,0.7878209846783933
Imunoblot ANA: PM-Scl,AMAM2,144,0.064,0.4428219929789253,0.6222623581940085
Glukóza_ S,Moč chemicky _ úplne: pH,650,-0.064,0.10379431519994171,0.21458030734306205
Diff.rozpočet_ WBC: Monocyty,Diff.rozpočet_ WBC: Bazofily,39,0.064,0.6987991973458036,0.8161615565749245
ANA  HEp-2,Imunoblot Liver Pro: AMA-M2,43,-0.064,0.6857108950519641,0.8064274928295313
GMT_S,Tub. resorbcia,37,0.064,0.7057829028880881,0.8207319865842618
Glukóza_ S,ASLO_S,582,0.063,0.12889821888901343,0.2547885453023965
GMT_S,GF(S)-Cockroft,37,0.063,0.7091432228152994,0.8230155086857137
Diff.rozpočet_ WBC: Neutrofilné segmenty,Diff.rozpočet_ WBC: Bazofily,39,-0.063,0.7032186928335213,0.8189822833311385
CK-celková_S,NT-proBNP,144,-0.063,0.4513043863708639,0.6298630858115329
GF(S)- MDRD,CK-celková_S,1452,0.063,0.01716475118525729,0.04916486216408457
Imunoblot ANA: Nucleosomes,DNP / Nucleo-h /,97,0.063,0.5415083537557043,0.7027992995730314
GF(S)- MDRD,Močový sediment A: Hlienové vlákna,128,0.063,0.4768001724883666,0.6504426660550984
Nátrium-S,Krvný obraz: Trombocyty_PLT,50,0.063,0.6626918846440851,0.7961576291875706
B Ly _CD19+_ a.p.,Imunoreg.index_IRI,354,0.063,0.23816688935611746,0.40267466026894483
Cholest-celk._S,Močový sediment A: Kryštály,55,0.063,0.6494302183805085,0.7873721712540783
GF(S)- MDRD,Amoniak_B,601,-0.063,0.1234198544171453,0.2461809529394424
ELFO_S: alfa2_globulín,Moč chemický A: Špec. hmotnosť,38,-0.063,0.7054206138136723,0.820493804386353
Krvný obr._DIFF_RET: Stredná konc._HGB,Krvný obr._DIFF_RET: Neutrofily_%,298,0.063,0.27957480928354356,0.4519437056942372
Nátrium-S,Nátrium_U (zbieraný),53,-0.063,0.6529366288788394,0.7901906340673321
Glukóza_ S,TSH_S,535,-0.063,0.14808034599690248,0.28370157964967474
Cholest-LDL_S,Ceruloplazmín,109,0.063,0.514738586505411,0.681249282972341
Imunoblot ANA: SS-A/Ro60kD,SLA a LP,135,0.063,0.4661324199556477,0.6411212955137973
Chloridy-S,Kys. močová_S,772,-0.063,0.07801802922278812,0.1713268370730636
GMT_S,ABR_artéria: HCO3_B - akt.,79,-0.063,0.5816835905403837,0.7365827886591703
Albumín_S,ABR_artéria: BE_B,57,-0.063,0.6434480777282834,0.7840978147368318
"ELFO_S: beta1,2_globulín",ASLO_S,941,0.063,0.05338737801336686,0.12683994484626765
Chloridy_CSF,Glukóza_CSF,72,-0.063,0.5994071308160955,0.7522784476638986
CK-celková_S,Triacylglyceroly_S,296,0.063,0.28067189290353056,0.45303070289865216
GMT_S,ELFO_S: alfa2_globulín,1155,-0.063,0.031480999071779876,0.08177675130815022
Glukóza_ S,Haptoglobín_S,63,-0.063,0.6253660637152391,0.7732484629783795
APTT: APTT_sekundy,Krvný obr._DIFF_RET: Monocyty_#,103,0.062,0.531774030844181,0.6949928858163097
Amyláza_S,Kys. močová_S,136,0.062,0.470954410409984,0.6452390272449059
LD_S,CVK_S,118,0.062,0.5080785972291098,0.6761935227755739
Močový sediment A: Kvasinky,Močový sediment A: Leukocyty,470,0.062,0.17751052685520344,0.3253676794896444
Imunoblot Liver Pro: LKM1,Imunoblot Liver Pro: LC1,188,0.062,0.3978047548868542,0.5797297009578293
C4_S,Vitamin D total,256,-0.062,0.3226711116017619,0.5008379115577799
Krvný obraz: Leukocyty_WBC,Krvný obraz: Erytrocyty_RBC,3776,0.062,0.00014267673212696436,0.0006645346621719975
Kreatinín_S,Močový sediment A: Baktérie,154,0.062,0.44695981186366995,0.6266509832227014
IgM_S,anti TPO_S,85,0.062,0.5747455436835489,0.7305918603514787
ELFO_S: alfa1_globulín,Horčík-S,275,0.062,0.30264533570857904,0.47792836633273744
Chloridy_U (zbieraný,Addisov sediment: Valce,37,-0.062,0.7134934410304148,0.8256895997170334
Kreatinín_S,CEA _S,62,0.062,0.6323112897878544,0.7776559773229835
Urea_S,Transferín_S,544,-0.062,0.15087909743338984,0.2877836885661337
Močový sediment: Leukocyty,Močový sediment: Erytrocyty,731,0.062,0.09190010537743874,0.19572288617595318
GF(S)- MDRD,Krvný obraz: Stredný objem_PLT,48,-0.062,0.6779447441747907,0.8037189609830315
Imunoblot ANA: dsDNA,Imunoblot ANA: SS-A/Ro60kD,419,0.062,0.20651150438335567,0.36292316414471243
Glukóza_ S,Amoniak_P,85,0.062,0.5752415628643932,0.7309019297754981
Imunoblot Liver Pro: Sp100,LKM1,139,0.062,0.4705120998949377,0.645050360516301
Imunoblot ANA: dsDNA,Imunoblot ANA: PCNA,419,0.062,0.20732528837045477,0.36374967053783464
Imunoblot ANA: Rib-PO,Imunoblot Liver Pro: LKM1,164,0.061,0.43625115504071277,0.616097884033789
AST_S,Krvný obr._DIFF_5pop: Hemoglobín_HGB,38,0.061,0.7149756652185102,0.8264629550824591
Moč chemicky _ úplne: pH,Močový sediment: Erytrocyty,868,-0.061,0.07121476663454207,0.15902545252346073
Reumat. faktor_S,Cholest-celk._S,323,-0.061,0.27629214570236044,0.4484334985501661
Krvný obr._DIFF_5pop: Stredný objem_PLT,Diff.rozpočet_ WBC: Eozinofily,156,-0.061,0.447030104826898,0.6266509832227014
Reumat. faktor_S,C3_S,947,-0.061,0.061224126120448634,0.14164489193124916
ALP_S,"ELFO_S: beta1,2_globulín",1161,-0.061,0.038476506630333446,0.09661709352668316
Krvný obr._DIFF_5pop: Neutrofily_%,APTT: APTT_ratio,1491,-0.061,0.019063264162071387,0.053659245556774274
Amyláza_S,Fosfor_S,126,0.061,0.4941232366352152,0.6645310999617109
Fosfor_S,FE_Horčíka,50,-0.061,0.67335696169873,0.8023128226859629
Imunoblot ANA: Jo-1,Imunoblot ANA: SS-B/La,415,-0.061,0.21339292887918523,0.37176427255097705
AST_S,anti TG_S,79,0.061,0.59041306170705,0.7444456081787529
Imunoblot ANA: AMA-M2,Imunoblot ANA: Jo-1,419,-0.061,0.21594103574921025,0.37462408523067525
Krvný obr._DIFF_RET: Trombocyty_PLT,Krvný obr._DIFF_RET: Nezrelé formy RET,298,0.061,0.2969411969321806,0.47102807093886223
Urea_S,Kreatinín_U (zbier.),43,-0.061,0.6956988130391943,0.8138049271290742
Albumín_S,ABR_artéria: HCO3_B - akt.,57,-0.061,0.6547513751271312,0.7905275119762272
CK-celková_S,Moč chemicky _ úplne: Ketolátky,218,0.061,0.3688660228080397,0.5490324317333425
Krvný obr._DIFF_5pop: Erytrocyty_RBC,Krvný obr._DIFF_5pop: Stred.far.konc._HGB,5478,0.061,5.372311585179e-06,3.058270206150733e-05
Chloridy-S,Osmolalita_S,130,0.061,0.48923202458398474,0.6606332810867868
Imunoblot Liver Pro: SLA,Imunoblot Liver Pro: LC1,188,0.061,0.40802555602976487,0.5899377235905999
Krvný obr._DIFF_RET: Bazofily_#,Krvný obr._DIFF_RET: Erytrocyty_RBC,299,0.061,0.2899303006892261,0.46396151140520236
Močový sediment A: Hlienové vlákna,Močový sediment A: Kvasinky,478,-0.061,0.18667336855007347,0.3375849446053563
LD_S,ASLO_S,739,-0.061,0.09869700931464495,0.20692147175762762
Chloridy-S,Krvný obraz: Hematokrit_HCT,49,-0.061,0.6789387654539475,0.804169609898356
Moč chemický A: pH,Močový sediment A: Spermie,478,-0.061,0.1844175076010432,0.33474412165412215
ELFO_S: alfa1_globulín,Moč chemický A: pH,39,0.061,0.7121341518077245,0.8249796255350974
ALT_S,Močový sediment A: Baktérie,139,-0.06,0.4858684966010075,0.6578692580789004
Imunoblot ANA: Nucleosomes,LKM1,133,0.06,0.4918245274991673,0.6625447886349045
ABR_artéria: O2_B sat,ABR_artéria: pH_B,298,-0.06,0.30469325946774933,0.4798503414473504
Aktiv.TLy_CD3+HLADR+,Pomoc.TLy_CD4+_a.p,355,-0.06,0.2608133678173563,0.43048774376296817
Horčík-S,Tub. resorbcia,80,-0.06,0.5942922119049743,0.7481992017501304
AST_S,Močový sediment A: Zhluky leukocytov,140,-0.06,0.4786121332023111,0.6520223977305805
Moč chemicky _ úplne: Ketolátky,Saturácia Trf,34,0.06,0.7368991314020021,0.8410826099749462
ALT_S,anti TPO_S,141,0.06,0.482066149882759,0.6546975513884645
Glukóza_ S,Tub. resorbcia,39,-0.06,0.7179966994202978,0.8280543048244936
Kálium-S,Močový sediment: Leukocyty,478,-0.06,0.1893022325735237,0.34098017679035897
Imunoblot ANA: SS-A/Ro52kD,Imunoblot Liver Pro: AMA-M2,164,-0.06,0.4451479713055071,0.6248398280388613
Fibrinogén,Krvný obr._DIFF_RET: Nezrelé formy RET,104,0.06,0.546577789533756,0.7067797062707006
Imunoblot Liver Pro: LKM1,LKM1,139,0.06,0.4819604810346504,0.6546975513884645
Chloridy-S,Močový sediment A: Baktérie,125,-0.06,0.5074202738422527,0.6755324810812723
Kálium-S,Fibrinogén,44,0.06,0.7002784442470362,0.8172059067416277
LD_S,Kys. močová_S,216,-0.06,0.3833658576869634,0.5644318178181411
Glukóza_ S,CK-MB_S,721,0.06,0.10601222981818428,0.21845465327114005
ELFO_S: alfa1_globulín,Vitamin D total,279,-0.06,0.32007395396798044,0.49766691832849
Imunoblot ANA: Mi-2,Imunoblot Liver Pro: LKM1,164,0.06,0.4455527164531701,0.6252698050865892
CK-celková_S,Beta2 mikroglob. _S,48,0.06,0.6850630208014628,0.8062101725550995
IgA_S,Močový sediment A: Leukocyty,39,0.059,0.7214363306580076,0.8301118210940138
ALP_S,Železo_S,907,-0.059,0.0771662977080913,0.1699454827032091
Imunoblot ANA: Scl-70,ANA  HEp-2,217,0.059,0.3902298968446971,0.5708809052045324
AST_S,Močový sediment: Erytrocyty,362,0.059,0.2656566585155537,0.43666668862854147
Chloridy_U (zbieraný,FE_ Kália,50,0.059,0.6836089470017906,0.8058831124981626
IgM_S,Ceruloplazmín,241,-0.059,0.3610045626655436,0.5410384493074306
Kálium-S,Prealbumín_S,163,0.059,0.45269096589585767,0.6309665876121948
Albumín_S,Žlčové kyseliny,319,-0.059,0.2942238453162799,0.4685398822057818
Cholest-LDL_S,Meď_S,58,-0.059,0.6594425670700892,0.7933429591795325
LD_S,"ELFO_S: beta1,2_globulín",801,-0.059,0.09583699204322366,0.20174036131563947
Amyláza_S,Reumat. faktor_S,54,-0.059,0.6705753113966919,0.8003315711634763
Reumat. faktor_S,ELFO_S: alfa2_globulín,953,0.059,0.06748737171173451,0.15276827994100126
Nátrium_U (zbieraný),FE_Horčíka,50,-0.059,0.683262778422425,0.8058024267005142
Moč chemicky _ úplne: pH,Fosfor_S,112,-0.059,0.5336910252168026,0.6966258554978287
LD_S,ELFO_S: alfa1_globulín,805,0.059,0.09601562985639259,0.2019825485025371
GMT_S,Bielkoviny_S,4261,-0.059,0.00011622626380313222,0.0005485776032253336
p-ANCA,Imunoblot Liver Pro: SLA,90,0.059,0.5784428040869265,0.733941908201367
Imunoblot ANA: dsDNA,CCP,197,-0.059,0.4113170479463649,0.5935319956737488
Urea_S,ELFO_S: gama_globulín,1224,-0.059,0.037487596639630826,0.0943576471678188
Nátrium-S,Krvný obr._DIFF_5pop: Lymfocyty_#,52,0.059,0.6763352067182773,0.802935817445108
Aktiv.TLy_CD3+HLADR+,Cyt.TLy_CD8+_a.p,353,0.059,0.27052124436880853,0.4422597698082966
Kys. močová_S,Horčík-S,415,-0.059,0.23128959925317555,0.3941477532337511
Bielkoviny_S,Moč chemicky _ úplne: pH,485,0.059,0.1971524807060054,0.351677047808166
Imunoblot ANA: Scl-70,LKM1,133,0.059,0.5035215316440801,0.6725972015422289
CRP_S,Krvný obr._DIFF_5pop: Hemoglobín_HGB,55,-0.059,0.6701004589300876,0.8002389992147408
Kys. močová_S,Cholinesteráza_S,35,0.059,0.7370229639116206,0.8410826099749462
Imunoblot ANA: SS-A/Ro52kD,Imunoblot Liver Pro: LKM1,164,-0.059,0.4498710551712226,0.6290234383417932
Krvný obr._DIFF_5pop: Stredný objem_RBC,Krvný obr._DIFF_5pop: Monocyty_%,5475,0.059,1.4611516877400201e-05,7.853381279367469e-05
Krvný obr._DIFF_5pop: Hematokrit_HCT,Diff.rozpočet_ WBC: Eozinofily,158,-0.059,0.4620055095123262,0.6379311023542292
AST_S,Amoniak_B,558,0.059,0.16278519382457798,0.3053363851099923
Albumín_S,Horčík-S,872,0.059,0.08293808481982984,0.18081868663705522
Krvný obr._DIFF_5pop: Neutrofily_#,Quickov test: PT_%,1561,-0.059,0.01980562865484717,0.05528346170660987
AST_S,Krvný obr._DIFF_5pop: Monocyty_#,38,0.058,0.7313182184770115,0.8369779574823373
Kálium-S,Vitamin D total,136,0.058,0.5005297014378545,0.6695862693692755
Imunoblot ANA: U1-sn RNP,Imunoblot Liver Pro: Sp100,164,-0.058,0.4591765058513454,0.6359599611235224
Imunoblot ANA: CENP-B,Imunoblot ANA: SS-A/Ro60kD,419,0.058,0.2371364382665158,0.401526597096795
Horčík-S,Vitamin D total,69,0.058,0.6388026076824993,0.7819485484791749
Horčík-S,GF(S+U)-deti,48,0.058,0.6943888301538684,0.8131709194410187
dsDNA IgG,LKM1,30,0.058,0.7627787506327403,0.8579910415668907
"ELFO_S: beta1,2_globulín",Močový sediment A: Hyalínové valce,39,-0.058,0.7273530494664996,0.8343677914154798
"ELFO_S: beta1,2_globulín",Močový sediment A: Spermie,39,-0.058,0.7273530494664996,0.8343677914154798
Bili-celkový_S,Močový sediment: Valce,54,0.058,0.6792258688911591,0.804169609898356
ELFO_S: Albumín,Saturácia Trf,251,-0.058,0.3571621705135898,0.5369494582975156
Imunoblot ANA: SS-A/Ro52kD,Imunoblot Liver Pro: gp210,163,-0.058,0.45947995430385424,0.6361028872722567
Krvný obr._DIFF_5pop: Trombocyty_PLT,Krvný obr._DIFF_5pop: Bazofily_%,5476,-0.058,1.988982706424272e-05,0.00010503746578481628
ALT_S,Proteinúria kvant._U,34,-0.058,0.746629369197993,0.8489952358179434
Krvný obr._DIFF_5pop: Stredný objem_RBC,D_dimer INOV,208,0.058,0.40566717418961895,0.5879998990706479
Imunoblot ANA: Rib-PO,AMAM2,144,-0.058,0.49147358496419935,0.6623529243270171
Krvný obr._DIFF_5pop: Trombocyty_PLT,Diff.rozpočet_ WBC: Monocyty,206,-0.058,0.4037924621760537,0.5859510078128071
Moč chemický A: pH,Močový sediment A: Baktérie,473,-0.058,0.21132325124498616,0.3689300948500679
Krvný obr._DIFF_RET: Retikulocyty_%,Krvný obr._DIFF_RET: Neutrofily_%,298,0.058,0.32229354798916954,0.5004964337265202
Kalcium-S,Močový sediment A: Zhluky leukocytov,84,-0.058,0.6018938543425281,0.7543562155529849
Horčík-S,NT-proBNP,36,-0.058,0.7353880108377941,0.840575752582315
Krvný obr._DIFF_5pop: Stredný objem_RBC,Krvný obr._DIFF_5pop: Leukocyty_WBC,5478,-0.058,2.0314261703201924e-05,0.00010701202703187547
Moč chemický A: pH,Močový sediment A: Zhluky leukocytov,476,-0.058,0.20980364807740606,0.36678111619035797
Krvný obr._DIFF_5pop: Neutrofily_#,Antitrombín III,81,-0.058,0.6066332064790887,0.7580528640365166
Bili-celkový_S,Amyláza_S,2099,-0.058,0.007379714393835097,0.02364262508524174
IgG_S,Prealbumín_S,157,-0.058,0.46980236541500076,0.6444945859385661
Imunoblot ANA: Mi-2,Imunoblot Liver Pro: LC1,164,0.058,0.4575356626272986,0.6345663659082528
Nátrium-S,Moč chemicky _ úplne: pH,611,0.058,0.15048104411781718,0.2875206235430053
Bielkoviny_S,Vitamín B12,280,-0.058,0.3359784752029913,0.5152826188582633
ELFO_S: alfa1_globulín,Vitamín B12,179,0.058,0.43685861784240554,0.6163363977687769
NKbb._ CD16+CD56+,CCP,59,0.058,0.6647470364935133,0.7975955955485629
IgG_S,C4_S,1046,0.057,0.06333281418965711,0.14530638084033645
Nátrium-S,Krvný obr._DIFF_5pop: Stredný objem_PLT,52,-0.057,0.6886736932992206,0.8086182223122216
Kys. močová_S,Prokalcitonín_S,93,0.057,0.586821042317935,0.7411569304616551
Imunoblot ANA: Mi-2,Imunoblot Liver Pro: SLA,164,-0.057,0.46768207376856563,0.6429742944496207
Urea_S,Reumat. faktor_S,1448,-0.057,0.031047235166184628,0.08080421344152845
Krvný obr._DIFF_RET: Nezrelé formy RET,Krvný obr._DIFF_RET: Stredný objem_PLT,274,-0.057,0.3508493096924713,0.5313338890289083
IgM_S,ELFO_S: Albumín,1390,-0.057,0.03302909647834246,0.08519441734750696
Urea_S,Močový sediment A: Baktérie,152,-0.057,0.4841227873155285,0.6564604743079256
Moč chemicky _ úplne: Ketolátky,Horčík-S,256,0.057,0.36343127824023713,0.5435214008145542
APTT: APTT_sekundy,Krvný obr._DIFF_RET: Eozinofily_#,103,0.057,0.5653821785879928,0.722568975787018
Imunoblot ANA: Scl-70,DNP / Nucleo-h /,97,-0.057,0.5811603138385212,0.7362136538018196
Krvný obr._DIFF_5pop: Stred.far.konc._HGB,Diff.rozpočet_ WBC: Lymfocyty,210,0.057,0.4128776791661881,0.5943829358130055
ALT_S,Krvný obr._DIFF_5pop: Leukocyty_WBC,38,-0.057,0.7320085925165387,0.837466340402948
LD_S,Transferín_S,188,-0.057,0.43439102437896093,0.6144149998516556
CK-MB_S,Etanol v sére,64,0.057,0.6552355236047429,0.7909388716437263
AFP_S,CA 19-9_S,45,0.057,0.7088430092682938,0.8228670752230236
Močový sediment A: Hyalínové valce,Močový sediment A: Kryštály,471,-0.057,0.21750584538749151,0.3768172827862608
Močový sediment A: Spermie,Močový sediment A: Kryštály,472,-0.057,0.21808462839414133,0.3775181591792861
Reumat. faktor_S,IgM_S,920,0.057,0.0824602870449358,0.17990048200428474
Krvný obr._DIFF_5pop: Lymfocyty_#,Trombínový čas,131,0.057,0.5160293254533839,0.6818996777659508
Moč chemicky _ úplne: Bielkoviny,Transferín_S,46,-0.057,0.7088858024076197,0.8228670752230236
C3_S,Cholest-HDL_S,179,-0.057,0.45111646772960845,0.6297391605111409
Kalcium-S,Parathormón_S,34,0.057,0.7481011633200474,0.8501361453057891
GMT_S,Krvný obr._DIFF_5pop: Monocyty_#,30,0.057,0.766375971468603,0.86050177950503
Amyláza_S,Moč chemicky _ úplne: Bielkoviny,182,0.057,0.4480429187454731,0.6276552729415634
c-ANCA,Imunoblot Liver Pro: AMA-M2,88,0.057,0.5969220421714869,0.7501640823971141
Imunoblot Liver Pro: Sp100,SLA a LP,137,0.057,0.510206378533332,0.6771132489705991
Moč chemický A: Špec. hmotnosť,Močový sediment A: Leukocyty,469,0.057,0.21397879216500792,0.37223638187959895
GF(S)- MDRD,IGG4,76,0.056,0.6280538954983836,0.7751624027413797
AST_S,Laktát_P,61,-0.056,0.6689698075783772,0.7997676303246952
Proteinúria kvant._U,Tub. resorbcia,109,-0.056,0.5596089049190087,0.7179587076234797
FE_ Kalcia,GF(S)-Shull,48,-0.056,0.7044973431890851,0.8201707204105292
CRP_S,Kys. močová_S,1177,0.056,0.05348703204901039,0.1270292017223787
ALT_S,GF(S)- MDRD,5898,-0.056,1.8656951675109884e-05,9.877301165997757e-05
Kálium-S,IgG_S,613,0.056,0.16678291964071043,0.31145558156303155
Albumín_S,ABR_artéria: HCO3_B -  stand.,57,-0.056,0.6791233573381203,0.804169609898356
IgG_S,Močový sediment A: Epitélie,39,0.056,0.7364002139418839,0.8410571526967379
IgG_S,Močový sediment A: Baktérie,38,-0.056,0.7387994418308481,0.8427638265673638
Krvný obr._DIFF_RET: Retikulocyty_#,Krvný obr._DIFF_RET: Lymfocyty_%,298,-0.056,0.3319575428168873,0.5106359006091247
Kreatinín_S,Kálium_U (zbieraný),55,-0.056,0.682575074451597,0.8057226770700476
Nátrium-S,C3_S,413,-0.056,0.2532448950983804,0.42161027740042206
Nátrium-S,"ELFO_S: beta1,2_globulín",599,-0.056,0.17372734969249562,0.32093336801291794
Krvný obr._DIFF_5pop: Stred.far.konc._HGB,Krvný obr._DIFF_5pop: Bazofilily_#,5477,0.056,3.841346355994358e-05,0.0001929175762816771
Nátrium-S,ABR_artéria: PO2_B,167,-0.056,0.47061565929980087,0.6450531356055307
Cholest-HDL_S,Moč chemický A: pH,49,0.056,0.7011620104682474,0.8173889596963726
Močový sediment: Erytrocyty,Prealbumín_S,35,-0.056,0.7502764134000246,0.8514622357614893
Krvný obr._DIFF_5pop: Bazofilily_#,Krvný obr._DIFF_5pop: Monocyty_%,5474,0.056,3.317551283809862e-05,0.00016928837996822534
AST_S,Krvný obr._DIFF_5pop: Stredný objem_PLT,38,0.056,0.7364474109014609,0.8410571526967379
APTT: APTT_ratio,Krvný obr._DIFF_RET: Neutrofily_%,103,-0.056,0.5747675299916088,0.7305918603514787
Imunoblot ANA: Nucleosomes,Imunoblot ANA: SS-A/Ro52kD,419,0.056,0.2517285628044283,0.41952559273256373
Moč chemicky _ úplne: Ketolátky,Kalcium ionizované_S,98,-0.056,0.5848345881874804,0.7395410308031574
Amyláza_S,Močový sediment: Erytrocyty,108,0.056,0.5617037097531636,0.719339179055534
Nátrium-S,Triacylglyceroly_S,702,-0.056,0.13810848885799942,0.2693899999124564
Kreatinín_S,HbA1c,55,0.056,0.6825533729560217,0.8057226770700476
Glukóza_ S,APTT: APTT_ratio,34,-0.056,0.7526126782401255,0.8526898715728088
Krvný obr._DIFF_5pop: Bazofilily_#,APTT: APTT_sekundy,1492,0.056,0.03101339848809897,0.08074922975200523
ANA,Imunoblot Liver Pro: AMA-M2,152,-0.056,0.49453965455696824,0.6647927264918365
ANA,Imunoblot ANA: PM-Scl,341,0.056,0.30533131984894823,0.48025993438979153
Krvný obr._DIFF_5pop: Lymfocyty_#,Krvný obr._DIFF_5pop: Neutrofily_#,5473,0.056,3.559620711965889e-05,0.00018048100864420823
T Ly_CD3+_ a.p.,B Ly_ CD19+,354,0.056,0.2910293244231039,0.46536856231059126
ALT_S,Močový sediment A: Erytrocyty,141,0.055,0.5155031779258197,0.6817795154891363
Imunoblot Liver Pro: LC1,AMAM2,147,0.055,0.5093409349416738,0.6768745902907586
Krvný obr._DIFF_5pop: Hemoglobín_HGB,Diff.rozpočet_ WBC: Neutrofilné segmenty,209,0.055,0.43305224177911517,0.6132815185070706
Moč chemicky _ úplne: pH,T4f_S,47,0.055,0.7128805059814735,0.82539271997454
Reumat. faktor_S,Triacylglyceroly_S,251,0.055,0.38840487647217903,0.5694511054490784
Bielkoviny_S,Triacylglyceroly_S,759,0.055,0.1318834145539488,0.2592374172837985
Imunoblot ANA: Ku,Imunoblot ANA: PM-Scl,419,0.055,0.2643790871777114,0.43501692329448344
Reumat. faktor_S,HBDH_S,32,0.055,0.7665007980826327,0.86050177950503
c-ANCA,IgE celkové FOOKE,71,0.055,0.6493943060515833,0.7873721712540783
Kálium-S,Osmolalita_S,129,0.055,0.5344361869134211,0.6970382047753981
APTT: APTT_ratio,Diff.rozpočet_ WBC: Monocyty,48,0.055,0.7112677005910648,0.8245773178567583
Fosfor_S,Vitamín B12,46,0.055,0.7151461164886663,0.8265019122321512
Fosfor_S,Horčík_U (zbieraný),50,0.055,0.7058837674636245,0.8207319865842618
Imunoblot ANA: SS-A/Ro60kD,LC1,112,-0.055,0.5681102106812267,0.7251766462643827
GMT_S,ABR_artéria: pH_B,79,-0.055,0.6303545219961261,0.7762438996397342
AST_S,Horčík-S,907,-0.055,0.0983740603365643,0.2064652809111969
Quickov test: PT_%,Krvný obr._DIFF_RET: Eozinofily_#,105,0.055,0.5798869097165558,0.735186896313965
LD_S,Cholest-LDL_S,77,0.055,0.6373501906445516,0.7806218934190932
ALT_S,Nátrium-S,5084,-0.055,7.60135551672456e-05,0.00036835554231694223
Imunoblot ANA: PM-Scl,Imunoblot Liver Pro: LC1,164,0.055,0.48609861147829525,0.6579004002389454
C4_S,Močový sediment A: Hlienové vlákna,36,-0.055,0.7509299919709673,0.8519032569627778
ASLO_S,C3_S,933,0.055,0.0945027944016513,0.1997053598292637
Krvný obr._DIFF_RET: Neutrofily_%,Krvný obr._DIFF_RET: Šírka dist.kriv._RBC,296,-0.055,0.34942126345547464,0.5300239636957775
AST_S,Tub. resorbcia,40,0.055,0.7367103748169997,0.8410571526967379
ELFO_S: alfa2_globulín,Vitamin D total,279,-0.055,0.35837326423482696,0.5379833052183023
Kalcium-S,T4f_S,202,0.055,0.4387495862249602,0.6177695304271216
GF(S)- MDRD,Močový sediment A: Hyalínové valce,127,-0.054,0.5446044547770814,0.7049454158921756
Imunoblot ANA: Rib-PO,Imunoblot Liver Pro: Sp100,164,-0.054,0.49146786804442943,0.6623529243270171
Albumín_S,Moč chemicky _ úplne: Ketolátky,519,-0.054,0.21531499155794387,0.37374211512776434
Bielkoviny_S,Saturácia Trf,356,-0.054,0.30655034868135983,0.48181948668299823
Horčík-S,anti TPO_S,96,0.054,0.601642331611488,0.7541897657316067
Imunoblot ANA: CENP-B,dsDNA IgG,218,0.054,0.42935749793547207,0.6102255446049338
Bili-celkový_S,TSH_S,423,0.054,0.27178468953592794,0.4438186931902766
Močový sediment A: Hyalínové valce,Močový sediment A: Zhluky leukocytov,476,-0.054,0.23918313434764255,0.4038082520623367
ALP_S,C4_S,878,-0.054,0.11033813390333212,0.22517769504910665
CCP,ANA  HEp-2,187,0.054,0.46037111333928316,0.636642943631795
Krvný obr._DIFF_RET: Eozinofily_#,Krvný obr._DIFF_RET: Nezrelé formy RET,297,0.054,0.35146960216604284,0.531513064165882
Kálium-S,Moč chemický A: Špec. hmotnosť,127,-0.054,0.5500221328666033,0.7097888706279769
IgA_S,Močový sediment A: Baktérie,38,0.054,0.749153848041892,0.8509367186447263
Kys. močová_S,CK-MB_S,88,-0.054,0.6141620461054856,0.7631080537665069
Moč chemicky _ úplne: Ketolátky,IgM_S,175,-0.054,0.4796354055256845,0.6526287708941259
GF(S)- MDRD,Moč chemický A: UBG,127,-0.054,0.5456526232125788,0.7058707219037901
Krvný obr._DIFF_RET: Retikulocyty_#,Krvný obr._DIFF_RET: Neutrofily_%,298,0.054,0.35343481195544035,0.533595855597175
Imunoblot ANA: AMA-M2,Imunoblot ANA: SS-A/Ro60kD,419,0.054,0.2742293605192804,0.44625489943109325
Moč chemicky _ úplne: Bielkoviny,Triacylglyceroly_S,269,-0.054,0.3736499979288873,0.5536882286100948
ASLO_S,Prealbumín_S,149,0.054,0.5152204704726315,0.68163174696223
Krvný obr._DIFF_RET: Stredný objem_RBC,Krvný obr._DIFF_RET: Eozinofily_%,298,-0.054,0.3514046971392736,0.531513064165882
Imunoblot ANA: Nucleosomes,Imunoblot Liver Pro: Sp100,164,-0.054,0.49146786804442943,0.6623529243270171
Reumat. faktor_S,Haptoglobín_S,88,0.053,0.6261446174753285,0.7737593376426302
IgG_S,ELFO_S: alfa1_globulín,1390,0.053,0.04670106581967941,0.11367504641855299
IgG_S,Kys. močová_S,312,0.053,0.35071259879918937,0.531254089519003
Albumín_S,GF-rozdiel,36,-0.053,0.7609398026341314,0.857069180235579
alfa1 AT_S,Kalcium ionizované_S,106,-0.053,0.5887211419502751,0.7429165744032532
GMT_S,ABR_artéria: BB_B,79,-0.053,0.6430010214647164,0.7840978147368318
Krvný obr._DIFF_5pop: Eozinofily_%,Diff.rozpočet_ WBC: Monocyty,203,-0.053,0.45411036578951447,0.6321128733262019
Bili-celkový_S,Tub. resorbcia,32,0.053,0.7748957647407637,0.8664049266804068
Imunoblot ANA: Ku,Imunoblot ANA: PCNA,419,0.053,0.28295925079574363,0.4557911055540972
AST_S,Močový sediment A: Spermie,140,0.053,0.5340678473168857,0.6967008283376129
ELFO_S: alfa1_globulín,Močový sediment: Leukocyty,146,0.053,0.5275626498410128,0.6913377711303536
Krvný obr._DIFF_5pop: Monocyty_#,Fibrinogén,1498,0.053,0.03975359309669211,0.09935270532780684
Moč chemický A: UBG,Močový sediment A: Kvasinky,475,0.053,0.24546114707042832,0.41123804518418544
Imunoblot ANA: SS-A/Ro60kD,p-ANCA,274,0.053,0.3797021243911828,0.5602061301108184
Nátrium-S,Foláty,231,0.053,0.4242585288765266,0.6054792154490619
Moč chemicky _ úplne: Ketolátky,ELFO_S: Albumín,185,0.053,0.47653509050719034,0.650220667953647
Krvný obr._DIFF_RET: Hemoglobín_HGB,Krvný obr._DIFF_RET: Monocyty_%,298,-0.053,0.36021193382977,0.539977917796255
TSH_S,Cholest-LDL_S,289,0.053,0.3671690845420854,0.5473119662277582
C4_S,alfa1 AT_S,240,0.053,0.4122962330366208,0.5940843657250288
ELFO_S: gama_globulín,Močový sediment: Leukocyty,145,0.053,0.5247783791174003,0.6888258352340587
ELFO_S: gama_globulín,Močový sediment: Erytrocyty,88,-0.052,0.6302403337161493,0.7762438996397342
Močový sediment A: Spermie,Močový sediment A: Leukocyty,471,0.052,0.2583908730611679,0.4274656790516607
Kálium-S,Krvný obraz: Hematokrit_HCT,50,0.052,0.7187022917330653,0.8281798459598071
GMT_S,Moč chemický A: pH,129,-0.052,0.5589181604306729,0.7173347622658717
CK-MB_S,Amoniak_B,109,-0.052,0.5904708672458265,0.7444456081787529
Nátrium-S,AFP_S,55,-0.052,0.7086915522850997,0.8228670752230236
GMT_S,Osmolalita_S,64,0.052,0.6854787420367362,0.8063037304498027
Chloridy-S,Osmolalita_U (jednor,46,0.052,0.7319974762782572,0.837466340402948
Quickov test: PT_INR,Krvný obr._DIFF_RET: Neutrofily_%,105,0.052,0.5973533811772542,0.7501640823971141
Glukóza_ S,Močový sediment A: Kvasinky,141,-0.052,0.5419432201331691,0.7030764299583465
"ELFO_S: beta1,2_globulín",Vitamin D total,279,-0.052,0.3884780561964908,0.5694511054490784
Moč chemicky _ úplne: Ketolátky,IgA_S,175,-0.052,0.49588204532017244,0.6653302289163793
AST_S,Reumat. faktor_S,1450,-0.052,0.0488283362427948,0.11794920918269025
Horčík-S,Proteinúria kvant._U,76,0.052,0.6535909871718609,0.7904486877050052
Urea_S,Albumín_S,5076,-0.052,0.00022745556638250082,0.0010241142545910898
Urea_S,Moč chemický A: UBG,154,0.052,0.5214301785977025,0.6861352151247619
Urea_S,ELFO_S: alfa2_globulín,1224,-0.052,0.06696898589872176,0.15200213198091436
Bili-celkový_S,Močový sediment A: Baktérie,91,0.052,0.6277424662313196,0.7750211526565589
Moč chemicky _ úplne: Ketolátky,ELFO_S: alfa1_globulín,185,0.052,0.4790859826023969,0.65216054156268
Imunoblot ANA: PM-Scl,CCP,197,-0.052,0.47142221021637576,0.645513630715575
Imunoblot ANA: Mi-2,Imunoblot Liver Pro: Sp100,164,-0.052,0.5087150338087079,0.6768307036202558
Prolaktín_S,FSH _S,37,0.052,0.7612467567852712,0.857178420038431
Amyláza_S,Močový sediment A: Hlienové vlákna,45,0.052,0.73476024078003,0.840009323317533
IgM_S,ASLO_S,922,0.052,0.11191341949580184,0.22751550529818532
Kys. močová_S,Močový sediment: Leukocyty,265,-0.052,0.39963645864676156,0.5813809072092687
Glukóza_ S,Transferín_S,513,0.051,0.24469301884922925,0.41016747988104313
IgG_S,Močový sediment A: Erytrocyty,39,-0.051,0.7591863149268081,0.8562298018127397
Bielkoviny_S,Vitamin D total,349,-0.051,0.3382180575130532,0.5175094699856521
Urea_S,Triacylglyceroly_S,820,0.051,0.14354111017208507,0.27734691998882494
ABR_artéria: BB_B,Laktát_P_artéria,98,-0.051,0.6150719778530862,0.7637905151095888
Imunoblot ANA: AMA-M2,Imunoblot Liver Pro: gp210,163,0.051,0.5184786795989862,0.6839483080341278
Urea_S,CRP_S,6902,0.051,2.0269717975366408e-05,0.00010686599028838405
Kreatinín_S,Močový sediment A: Kryštály,154,0.051,0.5292331207527923,0.6926196088328537
C3_S,Prealbumín_S,153,0.051,0.5331784591256441,0.6963763416522148
Imunoblot ANA: Scl-70,Imunoblot ANA: Jo-1,419,0.051,0.29550614414714227,0.4699250397413754
C4_S,T4f_S,113,-0.051,0.5950733136198705,0.7484658011140441
GF(S)- MDRD,CIK_S,49,-0.051,0.7289196477696995,0.8352861692425868
Imunoblot ANA: SmD1,AMAM2,144,0.051,0.5401958181964925,0.7018126856855454
CRP_S,Triacylglyceroly_S,561,0.051,0.2290548567146548,0.3916683829396264
Železo_S,AFP_S,54,0.051,0.7135268223589664,0.8256895997170334
Moč chemický A: pH,Močový sediment A: Hyalínové valce,477,-0.051,0.2635827613437131,0.434167553383534
CRP_S,CIK_S,179,-0.051,0.5017325626066139,0.6709128541864487
Bili-priamy_S,Beta2 mikroglob. _S,69,0.051,0.6765010464897376,0.802935817445108
Kálium-S,Krvný obraz: Stredná konc._ HGB,50,0.051,0.7273720202353222,0.8343677914154798
Močový sediment A: Spermie,Močový sediment A: Zhluky leukocytov,477,-0.051,0.26394175358283767,0.4346350338288667
IgM_S,Močový sediment A: Hlienové vlákna,39,-0.051,0.7579227577522221,0.8551026957911325
ELFO_S: alfa1_globulín,Foláty,179,0.051,0.49531018081957345,0.6652654500521671
APTT: APTT_ratio,Krvný obr._DIFF_RET: Bazofily_%,104,-0.051,0.6056448304266775,0.757115625285455
Urea_S,CVK_S,134,-0.051,0.556200876693707,0.7148582176077525
Moč chemicky _ úplne: Bielkoviny,ELFO_S: alfa2_globulín,186,-0.051,0.48659944293898516,0.6581576029362087
Krvný obr._DIFF_5pop: Neutrofily_%,APTT: APTT_sekundy,1491,-0.05,0.055979426733838794,0.13210895172365447
Železo_S,Prokalcitonín_S,71,0.05,0.6811813267285503,0.8055742681881013
IgG_S,T3f_S,100,-0.05,0.6199829119629731,0.7681270203206115
Urea_S,Kalcium-S,2142,-0.05,0.021163043805744214,0.058477675885356795
Krvný obr._DIFF_RET: Erytrocyty_RBC,Krvný obr._DIFF_RET: Eozinofily_%,298,0.05,0.38745213302087467,0.5686686387441255
ALT_S,Krvný obr._DIFF_5pop: Eozinofily_#,38,0.05,0.7653682873527718,0.8595341576015837
IgM_S,Močový sediment A: Kvasinky,39,0.05,0.7603247906182571,0.8568996620184118
GMT_S,Meď_S,160,0.05,0.5283857315394136,0.6920085705218924
ELFO_S: alfa2_globulín,Močový sediment A: Hlienové vlákna,39,0.05,0.7626022772847129,0.8579444426403012
Krvný obr._DIFF_RET: Šírka dist.kriv._RBC,Krvný obr._DIFF_RET: Stredný objem_PLT,273,-0.05,0.40597978561429493,0.5881335954878811
Urea_S,Močový sediment A: Kryštály,152,0.05,0.5375369514696684,0.699502714601967
Krvný obr._DIFF_5pop: Neutrofily_#,Quickov test: PT_INR,1561,0.05,0.05002514641080422,0.12033690085113184
Krvný obr._DIFF_RET: Neutrofily_#,Krvný obr._DIFF_RET: Šírka dist.kriv._RBC,296,0.05,0.3925485792095774,0.5734332314827422
Krvný obraz: Stredný objem_PLT,D_dimer INOV,49,0.05,0.7306608306518587,0.8365269881296196
ELFO_S: alfa2_globulín,Prokalcitonín_S,85,-0.05,0.6479276741793051,0.786300766773854
Chloridy-S,Krvný obr._DIFF_5pop: Stredný objem_PLT,52,0.05,0.7274615451991725,0.8343677914154798
Addisov sediment: Leukocyty,Fosfor_U (zbieraný),37,0.05,0.7679241409317299,0.8609931717469073
ELFO_S: Albumín,Močový sediment A: Zhluky leukocytov,39,0.05,0.7641671557567831,0.8587868658049809
CK-celková_S,Cholest-HDL_S,272,0.05,0.4140696852896276,0.5955591375696183
AST_S,Krvný obr._DIFF_5pop: Neutrofily_#,38,-0.05,0.7670027220440077,0.8607196645541714
Imunoblot ANA: SmD1,LKM1,133,-0.05,0.5707436358989161,0.7266581901695048
CK-celková_S,Reumat. faktor_S,915,-0.05,0.13311841839471708,0.26109950974425367
CRP_S,Krvný obr._DIFF_5pop: Monocyty_%,55,0.05,0.7173015229537938,0.8280543048244936
GF(S)- MDRD,HbA1c %,54,0.05,0.7210297376969389,0.8299876650821983
Krvný obr._DIFF_5pop: Erytrocyty_RBC,Krvný obr._DIFF_5pop: Monocyty_%,5475,-0.05,0.00023195582724210324,0.0010421607994830849
ALT_S,Krvný obr._DIFF_5pop: Lymfocyty_%,38,0.05,0.764297330278823,0.8587868658049809
Fosfor_S,Addisov sediment: Erytrocyty,45,-0.05,0.7434029528088207,0.8465386196799495
Imunoblot ANA: U1-sn RNP,Imunoblot ANA: SS-A/Ro60kD,419,-0.05,0.30367510708062245,0.4788582658431406
Krvný obr._DIFF_RET: Leukocyty_WBC,Krvný obr._DIFF_RET: Hemoglobín_HGB,299,-0.05,0.3843754185480077,0.5652632023230308
APTT: APTT_ratio,Diff.rozpočet_ WBC: Lymfocyty,49,0.05,0.7306096292571969,0.8365269881296196
Kálium-S,HbA1c %,33,-0.05,0.7804142216624911,0.8707295921381919
ASLO_S,Cholest-HDL_S,216,-0.049,0.4746638066066434,0.6486425389055723
ELFO_S: Albumín,Moč chemický A: pH,39,-0.049,0.7681582398018999,0.8609931717469073
Nátrium-S,Krvný obr._DIFF_5pop: Trombocyty_PLT,52,-0.049,0.7298981492727021,0.8359551004740358
Urea_S,Krvný obr._DIFF_5pop: Stred.far.konc._HGB,48,0.049,0.7391607962065279,0.8429166286663206
IgG_S,Kalcium ionizované_S,136,0.049,0.5706966466539747,0.7266581901695048
Bielkoviny_S,Močový sediment A: Kvasinky,99,-0.049,0.6286221783289136,0.7751624027413797
ALT_S,Moč chemický A: UBG,141,0.049,0.5629858541221919,0.7201836180288731
Chloridy-S,Krvný obraz: Trombocyty_PLT,49,-0.049,0.7367358814351246,0.8410571526967379
CRP_S,APTT: APTT_ratio,43,0.049,0.7544532510518247,0.8539179590116235
Kalcium-S,Moč chemicky _ úplne: Ketolátky,361,-0.049,0.35503308143671763,0.5351575985110348
Albumín_S,Triacylglyceroly_S,779,-0.049,0.1747112775719724,0.32209628170882154
Krvný obraz: Leukocyty_WBC,Krvný obraz: Šírka dist.kriv._RBC,3759,0.049,0.0027117159285755177,0.009788370053545605
Imunoblot ANA: AMA-M2,CCP,197,0.049,0.4979638318858397,0.6674186126520547
Krvný obr._DIFF_RET: Lymfocyty_%,Krvný obr._DIFF_RET: Stredný objem_PLT,274,-0.049,0.4195157777098091,0.6005371193759389
Glukóza_ S,Ceruloplazmín,218,-0.049,0.476176533425707,0.6501350122870034
Chloridy-S,Kalcium ionizované_S,330,0.049,0.37477924509268945,0.5550052550288709
Chloridy-S,Albumín_S,3428,0.049,0.004052306201515831,0.013953550839149093
Glukóza_ S,Krvný obr._DIFF_5pop: Stredný objem_RBC,34,0.049,0.7824796678829468,0.8713572883541386
Krvný obr._DIFF_RET: Trombocyty_PLT,Krvný obr._DIFF_RET: Lymfocyty_%,298,-0.049,0.398749401109722,0.5804892175183465
ELFO_S: gama_globulín,Ceruloplazmín,260,-0.049,0.4279762589200965,0.6093530194799133
Imunoblot ANA: CENP-B,DNP / Nucleo-h /,97,0.049,0.6323580637258828,0.7776559773229835
Bili-celkový_S,Etanol v sére,149,0.049,0.5531637300875671,0.7121072294318772
Močový sediment: Leukocyty,Triacylglyceroly_S,204,-0.049,0.48278196086138314,0.6551873508327405
Reumat. faktor_S,IgG_S,919,0.049,0.14114565142019694,0.27388464369960636
Imunoblot ANA: PCNA,Imunoblot Liver Pro: LKM1,164,-0.049,0.5338113549998995,0.6966258554978287
ALP_S,ABR_artéria: BB_B,30,0.049,0.7980756433068878,0.8829049297173557
Kreatinín_S,Laktát_P_artéria,80,-0.048,0.6745341217613293,0.8025201584569397
APTT: APTT_ratio,Krvný obr._DIFF_RET: Leukocyty_WBC,104,-0.048,0.6283291828473746,0.7751624027413797
Kalcium-S,FE_Horčíka,50,-0.048,0.7396004863673138,0.843266670834807
Kalcium-S,FE_H2O,50,0.048,0.7388941466992314,0.8427638265673638
Horčík-S,Kalcium_U (zbieraný),50,0.048,0.7404988290331302,0.8438366028425968
Glukóza_ S,Laktát_P_artéria,96,-0.048,0.6433484632683354,0.7840978147368318
Albumín_S,C3_S,1069,-0.048,0.11655913811173044,0.23493026790095922
Imunoblot ANA: SS-A/Ro60kD,LKM1,133,0.048,0.5814028155609015,0.7363740205858068
Imunoblot ANA: PM-Scl,Imunoblot Liver Pro: Sp100,164,0.048,0.5382093578174882,0.7002342924870987
Kálium-S,Triacylglyceroly_S,700,-0.048,0.2007142638513653,0.35618372018092836
Imunoblot ANA: SmD1,dsDNA IgG,218,0.048,0.47626764476368866,0.6501350122870034
Krvný obr._DIFF_5pop: Erytrocyty_RBC,Diff.rozpočet_ WBC: Monocyty,206,0.048,0.49587278515723987,0.6653302289163793
AST_S,ELFO_S: alfa1_globulín,1239,0.048,0.09257031025124736,0.19658689225988463
p-ANCA,SLA a LP,75,-0.048,0.6853284848941794,0.8062762712097633
LDH_ascites,Glukóza_pleur.punkt.,47,0.048,0.7497211983342428,0.851139880810837
Imunoblot ANA: CENP-B,p-ANCA,274,0.048,0.4253049381268533,0.6061771892252941
Imunoblot ANA: U1-sn RNP,Imunoblot Liver Pro: SLA,164,0.048,0.5435006129190569,0.7043341095145612
alfa1 AT_S,CVK_S,45,-0.048,0.7530729405255634,0.8528114779249384
ALP_S,CK-celková_S,1681,0.048,0.051233598090458826,0.1225092161591839
ANA  HEp-2,DNP / Nucleo-h /,98,0.048,0.6368603688583756,0.780482331509846
Fibrinogén,Diff.rozpočet_ WBC: Neutrofil.nesegmenty,33,0.048,0.7900093558259513,0.8762097481777703
Glukóza_ S,C3_S,411,0.048,0.33339120753093743,0.5122211224773991
Krvný obr._DIFF_5pop: Monocyty_%,D_dimer INOV,208,0.047,0.49879410741183083,0.6680959890795504
Kalcium-S,Kys. močová_S,581,0.047,0.25392744322886773,0.4220829531221865
Imunoblot ANA: SS-A/Ro60kD,Imunoblot Liver Pro: AMA-M2,164,-0.047,0.5476156940357815,0.7074018918685074
ABR_kapilára: O2_B sat,ABR_kapilára: BB_B,101,-0.047,0.637652475146863,0.7808415910963802
Krvný obr._DIFF_RET: Retikulocyty_#,Krvný obr._DIFF_RET: Erytrocyty_RBC,299,-0.047,0.42210695364738726,0.6031591265231334
Nátrium-S,FE_ Kália,50,0.047,0.7448976852012057,0.8474811952154835
AST_S,IgM_S,1294,0.047,0.09425324689183939,0.19926485108281386
C3_S,Močový sediment A: Epitélie,36,0.047,0.7846671150634059,0.8724169026947528
Nátrium-S,FE_Horčíka,50,0.047,0.7436944847088215,0.8466722212433176
Krvný obr._DIFF_RET: Lymfocyty_#,Krvný obr._DIFF_RET: Šírka dist.kriv._RBC,296,0.047,0.4209111167285037,0.6018564763844663
GF(S)- MDRD,Reumat. faktor_S,806,-0.047,0.18129528586767427,0.3308730109501105
Nátrium-S,Cholest-celk._S,765,0.047,0.194994463151184,0.34876121182417563
Močový sediment: Erytrocyty,Cholest-HDL_S,114,0.047,0.6182648083368829,0.76677112820561
ALP_S,Kalcium ionizované_S,255,-0.047,0.45313209748702,0.6313044331875083
Imunoblot ANA: SS-A/Ro60kD,dsDNA IgG,218,0.047,0.493751360603196,0.6642952973130251
Krvný obr._DIFF_RET: Retikulocyty_#,Krvný obr._DIFF_RET: Stredný objem_PLT,274,-0.047,0.4385112808785756,0.6175708639817316
Krvný obr._DIFF_5pop: Erytrocyty_RBC,Diff.rozpočet_ WBC: Lymfocyty,210,0.047,0.5023127150938504,0.6715472809324983
Železo_S,Močový sediment: Leukocyty,95,-0.047,0.6475984917909934,0.786300766773854
Quickov test: PT_%,Krvný obr._DIFF_RET: Neutrofily_%,105,-0.047,0.6342078467832006,0.7787343531105226
Bili-priamy_S,Moč chemický A: Špec. hmotnosť,92,-0.047,0.6534025270144144,0.7904486877050052
Imunoblot ANA: Ku,c-ANCA,274,-0.047,0.4379591831637386,0.6171647849591824
ELFO_S: gama_globulín,Meď_S,169,-0.047,0.5441628043265658,0.7047846025155394
Quickov test: PT_INR,Krvný obr._DIFF_RET: Leukocyty_WBC,106,0.046,0.6368799154590034,0.780482331509846
Urea_S,CEA _S,61,0.046,0.7270036051319837,0.8343677914154798
Horčík_U (zbieraný),GF(S)-Schwarz,48,0.046,0.7540371424125999,0.8535990673106285
APTT: APTT_ratio,Krvný obr._DIFF_RET: Stred. far.konc._HGB,104,0.046,0.6439148660060294,0.7842269744850529
Kreatinín_S,Etanol v sére,155,-0.046,0.5684216784622816,0.7252827722978259
Imunoblot ANA: Nucleosomes,Imunoblot ANA: Jo-1,419,-0.046,0.3511212904149782,0.5314923893272233
Železo_S,Žlčové kyseliny,200,-0.046,0.5183463747874912,0.6839483080341278
Krvný obr._DIFF_RET: Retikulocyty_#,Krvný obr._DIFF_RET: Hematokrit_HCT,299,-0.046,0.43151638763710665,0.6119249130934238
Krvný obr._DIFF_5pop: Trombocyty_PLT,Diff.rozpočet_ WBC: Lymfocyty,210,0.046,0.5065656364366835,0.6749314213863357
Imunoblot ANA: Rib-PO,Imunoblot Liver Pro: LC1,164,0.046,0.5554739018308901,0.7145020648575915
Moč chemicky _ úplne: pH,ELFO_S: alfa2_globulín,186,0.046,0.5350615493393762,0.6972515094203942
ALT_S,Moč chemický A: pH,142,-0.046,0.5840220904241513,0.7388077141506638
Imunoblot ANA: AMA-M2,Imunoblot Liver Pro: Sp100,164,0.046,0.5612641988429854,0.7192854203182409
Krvný obr._DIFF_RET: Stred. far.konc._HGB,Krvný obr._DIFF_RET: Erytrocyty_RBC,299,-0.046,0.43010624250275487,0.6110163145393563
Imunoblot ANA: CENP-B,Imunoblot Liver Pro: AMA-M2,164,0.046,0.5559205220103012,0.7148582176077525
"ELFO_S: beta1,2_globulín",Kys. močová_S,318,0.046,0.4112494965388813,0.5935319956737488
Imunoblot ANA: PCNA,DNP / Nucleo-h /,97,-0.046,0.6539584924567146,0.7904486877050052
Bielkoviny_S,CIK_S,184,0.046,0.5370679684351225,0.6990356081680665
Chloridy-S,Horčík-S,1208,0.046,0.11396679967905067,0.23058314597484358
Vitamin D total,anti TPO_S,70,0.046,0.7075674860088438,0.8222200904382336
Amyláza_S,ELFO_S: gama_globulín,71,0.046,0.7012980042157687,0.8173889596963726
Kreatinín_S,Krvný obraz: Stredný objem_PLT,49,-0.046,0.7520537112806731,0.8526898715728088
GF(S)- MDRD,Cholest-LDL_S,519,0.046,0.2997488924565159,0.4745339431288925
Albumín_S,Moč chemický A: UBG,107,-0.046,0.6408083647748208,0.7829374023221943
Moč chemicky _ úplne: Bielkoviny,Ceruloplazmín,30,0.046,0.8094437662392959,0.8907550852989224
Moč chemicky _ úplne: pH,Feritin_S,79,-0.046,0.6865397728903423,0.8069541493380842
B Ly _CD19+_ a.p.,CCP,59,-0.045,0.7345011144295395,0.839864215257535
Kreatinín_S,CIK_S,171,0.045,0.5578133247199196,0.7165347628506925
Imunoblot ANA: Mi-2,Imunoblot ANA: Ku,419,0.045,0.3532419646971673,0.5334314717663665
IgA_S,Močový sediment: Leukocyty,137,-0.045,0.5998387264019203,0.752522794003041
Imunoblot ANA: U1-sn RNP,Imunoblot ANA: Histones,419,0.045,0.35296454861651305,0.5331392718403964
APTT: APTT_ratio,Krvný obr._DIFF_RET: Stredný objem_RBC,104,0.045,0.6475659803199838,0.786300766773854
Imunoblot ANA: Ku,p-ANCA,274,-0.045,0.46232052577756566,0.6380887030773137
Nátrium-S,Reumat. faktor_S,540,0.045,0.2984021536482706,0.4727553322013624
Krvný obraz: Stred. far.konc._HGB,Krvný obraz: Stredný objem_PLT,3655,0.045,0.006086027506749029,0.020033436658226208
Bili-priamy_S,Močový sediment A: Hyalínové valce,91,-0.045,0.670371785584897,0.8002389992147408
Imunoblot ANA: CENP-B,Imunoblot ANA: PM-Scl,419,0.045,0.355227387521019,0.5351575985110348
ALP_S,Moč chemický A: pH,111,0.045,0.6369905381518262,0.780482331509846
ALP_S,Bielkoviny_S,4236,0.045,0.003457576732327144,0.012136907329292491
Kálium-S,NSE_S,30,0.045,0.813837640503296,0.8935897908948218
GF(S)- MDRD,CK-MB_S,652,-0.045,0.2553483701178647,0.4237803827530732
Quickov test: PT_INR,Krvný obr._DIFF_RET: Stredný objem_RBC,106,-0.045,0.6452453551582835,0.7851453249033854
Krvný obr._DIFF_5pop: Trombocyty_PLT,Krvný obr._DIFF_5pop: Neutrofily_%,5473,0.045,0.0008231551411106746,0.003352246545818023
Glukóza_ S,Meď_S,124,-0.045,0.6200150102635127,0.7681270203206115
Bielkoviny_S,Solub.transf.recep_S,49,0.045,0.7601042564237473,0.8568031123243554
IgM_S,Kalcium ionizované_S,137,0.044,0.612250420894515,0.7619249606156423
Amyláza_S,IgA_S,138,0.044,0.6113503643270092,0.7614014633541442
Krvný obr._DIFF_5pop: Monocyty_#,APTT: APTT_sekundy,1491,0.044,0.0915555009674101,0.1951020484131518
IgM_S,Železo_S,355,0.044,0.4070062035564731,0.5888659556352251
Kálium-S,Krvný obr._DIFF_5pop: Monocyty_#,52,-0.044,0.7559860971618287,0.854435096116189
ELFO_S: alfa1_globulín,anti TPO_S,83,-0.044,0.690357449950165,0.8094944406669247
APTT: APTT_sekundy,Diff.rozpočet_ WBC: Eozinofily,33,0.044,0.8077078444109629,0.8894726877349363
Osmolalita_S,FE_ Nátria,42,0.044,0.7822042964319541,0.8713572883541386
ALT_S,NVK_S,132,0.044,0.6168163722591677,0.7655077970233429
Krvný obraz_RET: Hemoglobín_HGB,Krvný obraz_RET: Stredný objem_PLT,30,0.044,0.8189912969052666,0.8970778809033033
Krvný obr._DIFF_5pop: Monocyty_%,Krvný obr._DIFF_5pop: Stredný objem_PLT,5413,0.044,0.0010995034671556871,0.004338599706111851
Cholest-HDL_S,Saturácia Trf,115,-0.044,0.64352054242686,0.7840978147368318
Fibrinogén,Krvný obr._DIFF_RET: Bazofily_%,105,-0.044,0.6582846912409956,0.7932143217556351
Bili-priamy_S,Močový sediment A: Zhluky leukocytov,92,0.044,0.6774212852808201,0.8033708092942039
Nátrium-S,FE_ Nátria,50,0.044,0.7617345289802446,0.8572209485975473
Bili-celkový_S,Beta2 mikroglob. _S,69,0.044,0.7206628592739134,0.8298660766661541
Krvný obr._DIFF_5pop: Bazofilily_#,Krvný obr._DIFF_5pop: Stredný objem_PLT,5413,-0.044,0.0010863195321833673,0.004294578710616635
TSH_S,Močový sediment: Erytrocyty,46,0.044,0.7728032327246506,0.864369531249948
Nátrium-S,Moč chemicky _ úplne: Ketolátky,609,-0.044,0.2740403263462218,0.4461758568112627
Chloridy-S,Fosfor_S,842,-0.044,0.20611272416220364,0.3626886946403604
Močový sediment A: Spermie,Močový sediment A: Baktérie,474,0.044,0.3369705779694335,0.5162186435497315
Chloridy-S,Krvný obr._DIFF_5pop: Stredný objem_RBC,52,-0.044,0.7547486582031282,0.853958841118343
Moč chemicky _ úplne: Ketolátky,Cholest-LDL_S,113,0.044,0.6467790898772645,0.7861081993476682
Krvný obr._DIFF_5pop: Stredný objem_RBC,Diff.rozpočet_ WBC: Lymfocyty,210,-0.044,0.5226143530616114,0.6869788919926375
Bili-priamy_S,TSH_S,422,0.044,0.36662804692639805,0.5467577422824899
Imunoblot ANA: Nucleosomes,Imunoblot ANA: PCNA,419,0.044,0.3687431823521854,0.5490099455081869
Fibrinogén,Krvný obr._DIFF_RET: Eozinofily_%,104,-0.044,0.6582658778608526,0.7932143217556351
Albumín_S,Osmolalita_S,64,0.044,0.7281749558903716,0.8347339398721636
GF(S)- MDRD,CA 19-9_S,49,0.044,0.7652827926118629,0.8595341576015837
Glukóza_ S,Moč chemický A: Špec. hmotnosť,142,0.044,0.6030467252748287,0.7547588348445601
Imunoblot ANA: PM-Scl,Imunoblot ANA: PCNA,419,0.044,0.36597354469890053,0.5463151429036334
Imunoblot ANA: CENP-B,LKM1,133,-0.043,0.6235876084184977,0.7714999174844627
Krvný obr._DIFF_5pop: Eozinofily_%,Fibrinogén,1499,-0.043,0.0960117647513306,0.2019825485025371
Krvný obr._DIFF_5pop: Monocyty_#,Krvný obr._DIFF_5pop: Stredný objem_PLT,5413,-0.043,0.0016402612709052852,0.006254849852377717
Krvný obr._DIFF_RET: Retikulocyty_#,Krvný obr._DIFF_RET: Hemoglobín_HGB,299,-0.043,0.45677988934658886,0.6345152364273028
C3_S,Močový sediment: Erytrocyty,77,-0.043,0.7120145893177859,0.8249796255350974
Bili-priamy_S,Moč chemický A: pH,93,0.043,0.6830747504781138,0.8058024267005142
Krvný obr._DIFF_5pop: Stred.far.konc._HGB,Diff.rozpočet_ WBC: Monocyty,206,-0.043,0.5436552099178028,0.7043341095145612
Kalcium-S,Močový sediment A: Hlienové vlákna,85,0.043,0.6939196269261521,0.8127712739420804
c-ANCA,Imunoblot Liver Pro: Sp100,88,0.043,0.6879398662616996,0.8084502349908578
Krvný obr._DIFF_5pop: Bazofilily_#,Fibrinogén,1499,-0.043,0.09993784128952046,0.20891908710507517
Imunoblot ANA: AMA-M2,p-ANCA,274,-0.043,0.47426528401863755,0.6483685250006169
Imunoblot ANA: Scl-70,Imunoblot ANA: SS-A/Ro52kD,419,0.043,0.3776588106436508,0.5580228147477693
Imunoblot ANA: SmD1,p-ANCA,274,0.043,0.4786785321463135,0.6520223977305805
Moč chemicky _ úplne: Ketolátky,Cholest-celk._S,294,0.043,0.46425567586377836,0.6395091736258854
Krvný obr._DIFF_RET: Hematokrit_HCT,Krvný obr._DIFF_RET: Neutrofily_%,298,-0.043,0.46097409000982015,0.6370607774271019
Krvný obr._DIFF_5pop: Stredný objem_RBC,Krvný obr._DIFF_5pop: Bazofily_%,5476,0.043,0.0014390537162801407,0.005520717548023994
ELFO_S: alfa1_globulín,CVK_S,121,-0.043,0.6418570591977968,0.7833897214084115
Quickov test: PT_%,Krvný obr._DIFF_RET: Leukocyty_WBC,106,-0.043,0.6584642101730378,0.7932143217556351
Moč chemický A: UBG,Močový sediment A: Kryštály,469,0.043,0.3571774611624903,0.5369494582975156
ALT_S,Močový sediment: Leukocyty,574,-0.043,0.2989577372914096,0.4735174532566256
Imunoblot ANA: Jo-1,Imunoblot ANA: SS-A/Ro52kD,419,-0.043,0.3757682342480255,0.555951465341804
Nátrium-S,Krvný obr._DIFF_5pop: Monocyty_#,52,-0.043,0.7617583085849811,0.8572209485975473
CK-celková_S,Moč chemicky _ úplne: pH,219,-0.043,0.5234384067118261,0.6876352766419006
Krvný obraz: Stred. far.konc._HGB,Trombínový čas,72,0.043,0.7216602530933792,0.8301118210940138
Cholest-celk._S,TSH_S,338,0.043,0.42929747755905545,0.6102255446049338
AFP_S,CEA _S,44,-0.043,0.783457938467755,0.8714166634263089
ELFO_S: Albumín,Močový sediment A: Kvasinky,39,-0.043,0.7937909569349322,0.8794827257425225
Urea_S,Močový sediment: Erytrocyty,373,0.043,0.4027207136894676,0.5846628642754086
C3_S,TSH_S,130,0.042,0.633073877812655,0.77817901248004
APTT: APTT_sekundy,Krvný obr._DIFF_RET: Bazofily_#,104,-0.042,0.6686344414213437,0.7996676593278984
GF(S)- MDRD,IgA_S,600,0.042,0.3081318035349305,0.4834678557316408
Bili-priamy_S,Močový sediment A: Hlienové vlákna,92,-0.042,0.6885612735470323,0.8086182223122216
Chloridy-S,Proteinúria kvant._U,80,-0.042,0.7146968223630425,0.8262909758821491
Krvný obraz: Hemoglobín_HGB,Krvný obraz: Stredný objem_RBC,3776,-0.042,0.010752473020440193,0.03287317665969998
Imunoblot ANA: SS-B/La,DNP / Nucleo-h /,97,-0.042,0.6797902467397887,0.8043783642275801
GMT_S,ABR_artéria: BE_B,79,-0.042,0.7134532885165726,0.8256895997170334
ABR_kapilára: O2_B sat,ABR_kapilára: BE_B,102,-0.042,0.6754420772470372,0.8026718138328521
Krvný obr._DIFF_5pop: Stredná konc._HGB,Krvný obr._DIFF_5pop: Neutrofily_#,5473,-0.042,0.0020481464110775616,0.007649543885700028
Krvný obr._DIFF_RET: Hemoglobín_HGB,Krvný obr._DIFF_RET: Neutrofily_%,298,-0.042,0.46961577770461227,0.6444412077685001
GF(S)- MDRD,Lipáza_S,349,0.042,0.4343206855677342,0.6144149998516556
Imunoblot ANA: U1-sn RNP,ANA  HEp-2,217,0.042,0.5363390120442482,0.6983729746909425
ALT_S,Vitamin D total,428,-0.042,0.3838313121605835,0.5648552990864459
Moč chemicky _ úplne: Bielkoviny,CIK_S,45,-0.042,0.7822849313442788,0.8713572883541386
Urea_S,anti TG_S,79,-0.042,0.7163821915070352,0.8273361320931094
ELFO_S: alfa1_globulín,NVK_S,119,-0.042,0.652463295187423,0.7899941517678098
CK-celková_S,Horčík-S,225,-0.042,0.533271037641748,0.6963763416522148
Moč chemicky _ úplne: Ketolátky,Železo_S,115,-0.042,0.6539202460253208,0.7904486877050052
NSE_S,CA 72-4_S,52,0.042,0.7671013286173018,0.8607196645541714
TSH_S,CVK_S,39,-0.042,0.800998049190706,0.8853062989750444
Kreatinín_S,Močový sediment A: Hlienové vlákna,157,0.042,0.5973681871315913,0.7501640823971141
Imunoblot ANA: PM-Scl,DNP / Nucleo-h /,97,-0.042,0.6839054878085243,0.8058831124981626
AST_S,Proteinúria kvant._U,33,-0.041,0.8225481841619771,0.8995780020624962
GMT_S,ABR_artéria: HCO3_B -  stand.,79,-0.041,0.7184607332446937,0.8281798459598071
Imunoblot ANA: SS-A/Ro52kD,c-ANCA,274,0.041,0.49529834689366914,0.6652654500521671
ASLO_S,Močový sediment A: Kvasinky,45,0.041,0.7878785397886522,0.8749156376992322
CRP_S,Krvný obr._DIFF_5pop: Šírka dist.kriv._RBC,55,-0.041,0.768097823298998,0.8609931717469073
Krvný obr._DIFF_RET: Stred. far.konc._HGB,Krvný obr._DIFF_RET: Monocyty_%,298,0.041,0.4787792358591465,0.6520223977305805
Imunoblot ANA: PCNA,Imunoblot ANA: SS-B/La,415,0.041,0.409084002296209,0.5911989687415413
Albumín_S,ABR_artéria: BB_B,57,0.041,0.7639328922999904,0.8587868658049809
Imunoblot ANA: PM-Scl,c-ANCA,274,0.041,0.4997241959513443,0.6687903553568338
ELFO_S: gama_globulín,Kalcium ionizované_S,134,0.041,0.6353467404737715,0.7796712076936199
Quickov test: PT_%,Krvný obr._DIFF_RET: Stredný objem_RBC,106,0.041,0.6741738822747367,0.8025201584569397
GMT_S,Krvný obr._DIFF_5pop: Neutrofily_#,30,0.041,0.8281068083100922,0.9019124991289609
Krvný obr._DIFF_5pop: Hematokrit_HCT,Diff.rozpočet_ WBC: Lymfocyty,210,0.041,0.5526830348649856,0.7119211923149338
Fibrinogén,Krvný obr._DIFF_RET: Bazofily_#,105,-0.041,0.6808586263615096,0.8053425532069765
ELFO_S: gama_globulín,CIK_S,181,0.041,0.5805139525805164,0.7356146641358904
Amyláza_S,TSH_S,156,-0.041,0.6086945138734358,0.7592548520894914
Bielkoviny_S,ELFO_S: alfa1_globulín,1548,-0.041,0.1046423650551429,0.21598211344877286
Imunoblot ANA: Scl-70,Imunoblot Liver Pro: SLA,164,-0.041,0.6010678434071404,0.7537670764243116
Moč chemicky _ úplne: pH,Močový sediment: Leukocyty,1384,-0.041,0.12378612958312328,0.24683404935391784
GMT_S,Krvný obr._DIFF_5pop: Monocyty_%,30,0.041,0.8306907322080198,0.9026590388483333
APTT: APTT_ratio,Krvný obr._DIFF_RET: Bazofily_#,104,-0.041,0.6830853968835848,0.8058024267005142
CK-celková_S,anti TG_S,46,0.041,0.7867643634091965,0.8739839134007039
Nátrium-S,HBDH_S,94,-0.041,0.698094297937407,0.815555916659865
Imunoblot Liver Pro: Sp100,AMAM2,147,0.041,0.6192295965757668,0.7674533021938835
Urea_S,IgG_S,1275,-0.041,0.14098098155657068,0.273648694112097
Železo_S,Meď_S,209,-0.041,0.5507830299089149,0.7103379190035194
IgM_S,Triacylglyceroly_S,271,-0.04,0.5092256662175189,0.6768745902907586
ALT_S,TSH_S,615,-0.04,0.32067806054473413,0.4983531601371565
Kys. močová_S,CIK_S,45,-0.04,0.7959904170291939,0.8813048308446269
Glukóza_ S,CK-celková_S,1470,0.04,0.12661821891879532,0.2512982020590774
ALP_S,ELFO_S: Albumín,1163,-0.04,0.17607381558907806,0.32339547180914496
Glukóza_ S,APTT: APTT_sekundy,34,-0.04,0.8241188087921502,0.9002109340193484
Imunoblot ANA: Scl-70,CCP,197,-0.04,0.5771104079825534,0.7326903321169389
GF(S)- MDRD,Močový sediment A: Kryštály,127,-0.04,0.6545383619676017,0.7905275119762272
Albumín_S,Močový sediment: Leukocyty,410,0.04,0.420102276602608,0.6011058025352183
Krvný obr._DIFF_RET: Stredný objem_RBC,Krvný obr._DIFF_RET: Hematokrit_HCT,299,0.04,0.48924665620675045,0.6606332810867868
Ceruloplazmín,Cholinesteráza_S,87,0.04,0.7110210318462791,0.8245773178567583
AST_S,Močový sediment A: Leukocyty,139,-0.04,0.6409048596329898,0.7829374023221943
Bili-priamy_S,Laktát_P,61,0.04,0.7593260984437236,0.8562298018127397
Kálium-S,Žlčové kyseliny,318,0.04,0.477415463188146,0.6511422150352708
Kalcium-S,Addisov sediment: Erytrocyty,45,0.04,0.7931629526012094,0.8789402124324932
Krvný obr._DIFF_RET: Stredná konc._HGB,Krvný obr._DIFF_RET: Eozinofily_%,298,-0.04,0.49631182182390243,0.6657662593005178
Kreatinín_S,Amoniak_B,602,0.04,0.32365876597798093,0.5017579649238929
CK-celková_S,Vitamin D total,265,-0.04,0.5206866542420814,0.6857218728026415
CK-celková_S,ASLO_S,618,-0.04,0.31570496987398305,0.4920691053997582
Prokalcitonín_S,Moč chemický A: pH,32,-0.04,0.8265824270726193,0.9019124991289609
AST_S,Krvný obr._DIFF_5pop: Hematokrit_HCT,38,0.04,0.8112500219395378,0.891827546181326
Chloridy-S,anti TG_S,92,-0.04,0.7053948403348613,0.820493804386353
C4_S,Močový sediment A: Kryštály,34,0.04,0.8204890357413956,0.8979443314496273
ASLO_S,Feritin_S,138,0.04,0.6442247544763258,0.7842269744850529
Imunoblot ANA: Jo-1,p-ANCA,274,0.04,0.5125264041815312,0.6796243468514439
Chloridy-S,LD_S,730,-0.04,0.2831548286989822,0.4558749687594105
Quickov test: PT_INR,Krvný obr._DIFF_RET: Eozinofily_#,105,-0.04,0.6825669296854062,0.8057226770700476
Krvný obr._DIFF_RET: Hematokrit_HCT,Krvný obr._DIFF_RET: Eozinofily_%,298,0.04,0.4864995563572413,0.6581576029362087
Nátrium-S,Močový sediment A: Spermie,127,0.039,0.666466493038126,0.7986173288153825
LD_S,Močový sediment: Erytrocyty,73,0.039,0.7415010261275391,0.8446756354649912
Prokalcitonín_S,Lipáza_S,110,0.039,0.683585137689392,0.8058831124981626
Imunoblot ANA: U1-sn RNP,AMAM2,144,-0.039,0.6431537492871615,0.7840978147368318
Chloridy-S,CA 19-9_S,42,0.039,0.8083303871582961,0.8896955907166763
ALT_S,Ceruloplazmín,279,0.039,0.5135906203261384,0.6801837004235892
Krvný obr._DIFF_RET: Hemoglobín_HGB,Krvný obr._DIFF_RET: Eozinofily_%,298,0.039,0.5051776760541954,0.6738282056381314
Horčík-S,T3f_S,93,0.039,0.7079997459460619,0.8224396390556465
Proteinúria kvant._U,Kalcium_U (zbieraný),52,0.039,0.7832575946834535,0.8714166634263089
IgG_S,Horčík-S,276,-0.039,0.5219393133513541,0.6864769306772363
Amyláza_S,Amoniak_B,172,-0.039,0.6124501246275083,0.7620242149938425
Moč chemický A: Špec. hmotnosť,Močový sediment A: Kvasinky,475,-0.039,0.3952163315515106,0.5767997597856068
ELFO_S: alfa2_globulín,Močový sediment A: Epitélie,39,-0.039,0.8122155583201771,0.8921171234453812
ALT_S,Krvný obr._DIFF_5pop: Stredný objem_PLT,38,0.039,0.8157168042791402,0.8950343450061101
Imunoblot ANA: AMA-M2,Imunoblot ANA: SS-A/Ro52kD,419,0.039,0.4248329067348042,0.6056919785651282
Krvný obr._DIFF_RET: Trombocyty_PLT,Krvný obr._DIFF_RET: Retikulocyty_%,299,0.039,0.5051939230679535,0.6738282056381314
ASLO_S,Horčík-S,277,-0.039,0.5176885947442517,0.6836158059468366
Imunoblot ANA: PCNA,Imunoblot Liver Pro: AMA-M2,164,-0.039,0.6203617368736436,0.7682839633341146
Moč chemicky _ úplne: pH,Horčík-S,256,-0.039,0.5393718765002593,0.7010289548703247
Fibrinogén,Krvný obr._DIFF_RET: Eozinofily_#,104,0.039,0.6915605080022931,0.8106058869628355
C4_S,NSE_S,34,0.039,0.8287238240096572,0.9019124991289609
Moč chemický A: pH,Močový sediment A: Epitélie,478,-0.039,0.3983698453505211,0.5802025739366943
C4_S,Cholest-HDL_S,179,-0.039,0.6074477474828192,0.7584350473662895
Močový sediment A: Epitélie,Močový sediment A: Kryštály,472,-0.039,0.39250152391238713,0.5734332314827422
Kálium-S,Krvný obr._DIFF_5pop: Stredný objem_PLT,52,0.039,0.7832041036635791,0.8714166634263089
Imunoblot ANA: Scl-70,Imunoblot ANA: PM-Scl,419,0.039,0.4289130669789617,0.6100032940491031
GF(S)- MDRD,Amoniak_P,97,-0.039,0.70679211309685,0.8216377483081954
ALT_S,Krvný obr._DIFF_5pop: Hemoglobín_HGB,38,0.039,0.8154776258006556,0.8949264737798522
Fosfor_S,Kálium_U (zbieraný),50,-0.039,0.7892482194406272,0.8755184107047851
Imunoblot ANA: Scl-70,Imunoblot ANA: PCNA,419,0.039,0.42689304901769665,0.6080833050245351
ALP_S,Močový sediment A: Spermie,110,0.039,0.6845954890992683,0.8058831124981626
Urea_S,ELFO_S: alfa1_globulín,1224,-0.039,0.1709597358506898,0.3171735026172805
Kreatinín_S,Fosfor_U (zbieraný),54,-0.039,0.7805454159022513,0.8707295921381919
Imunoblot ANA: Mi-2,p-ANCA,274,-0.038,0.5357283863292213,0.697720877070427
Quickov test: PT_INR,Krvný obr._DIFF_RET: Stredný objem_PLT,95,-0.038,0.7178209825616197,0.8280543048244936
ELFO_S: gama_globulín,Cholest-LDL_S,140,0.038,0.6529912885907333,0.7901906340673321
Imunoblot ANA: Nucleosomes,c-ANCA,274,0.038,0.5310681578009018,0.6943560416771206
Chloridy-S,Interleukín -6,290,0.038,0.5199839105450101,0.6853646854133713
Kálium-S,Krvný obraz: Stredný objem_RBC,50,0.038,0.7941985453351268,0.8797808820425563
IgM_S,Cholest-HDL_S,255,0.038,0.5427025525119707,0.7037183302918405
Reumat. faktor_S,Močový sediment A: Kvasinky,43,0.038,0.8076258501472131,0.8894726877349363
Bili-celkový_S,Moč chemický A: pH,94,0.038,0.7178630732983666,0.8280543048244936
Horčík-S,Močový sediment A: Baktérie,60,-0.038,0.7724669103280348,0.864369531249948
Triacylglyceroly_S,Močový sediment A: Kvasinky,55,-0.038,0.7802473377277309,0.8707295921381919
Krvný obr._DIFF_RET: Bazofily_#,Krvný obr._DIFF_RET: Leukocyty_WBC,299,0.038,0.5129412230134953,0.6798689183125385
Krvný obraz_RET: Hematokrit_HCT,Krvný obraz_RET: Stredný objem_PLT,30,0.038,0.8409468181480562,0.9083311766662104
Bili-celkový_S,CK-celková_S,921,0.038,0.25534885962203124,0.4237803827530732
Krvný obr._DIFF_5pop: Stred.far.konc._HGB,Krvný obr._DIFF_5pop: Monocyty_%,5475,0.038,0.005344955146067302,0.01786796517700188
Chloridy-S,Reumat. faktor_S,541,0.038,0.3777775392418534,0.5580228147477693
Imunoblot ANA: Jo-1,Imunoblot ANA: Rib-PO,419,0.038,0.4370893547692919,0.6165250157303089
ALT_S,Moč chemicky _ úplne: Bielkoviny,730,0.038,0.30229219407795244,0.4777269425316497
CK-celková_S,Feritin_S,111,-0.038,0.6893152928764912,0.8091685246940777
Bili-celkový_S,Močový sediment A: Zhluky leukocytov,93,0.037,0.7268663138445794,0.8343677914154798
Imunoblot ANA: CENP-B,Imunoblot ANA: dsDNA,419,0.037,0.44915599139725804,0.6283173244547847
ASLO_S,Foláty,105,-0.037,0.7095945884903138,0.823388935283829
c-ANCA,CCP,205,-0.037,0.5996793469711201,0.7524714381409295
Reumat. faktor_S,Saturácia Trf,74,0.037,0.7522102005182484,0.8526898715728088
Urea_S,Močový sediment A: Leukocyty,153,-0.037,0.6460269664121419,0.7854946062423611
Imunoblot ANA: Ku,Imunoblot ANA: Jo-1,419,-0.037,0.452633623446395,0.6309665876121948
Chloridy-S,Močový sediment A: Leukocyty,125,-0.037,0.6790445139280591,0.804169609898356
Imunoblot ANA: SS-A/Ro52kD,SLA a LP,135,0.037,0.6713884927804002,0.8008507500251375
CK-celková_S,T3f_S,123,0.037,0.6813986985624931,0.8056813571501059
Kalcium-S,ASLO_S,336,-0.037,0.504091766846201,0.6729344389102574
"ELFO_S: beta1,2_globulín",Fosfor_S,157,0.037,0.6470137105499032,0.7862429424490313
ALT_S,Osmolalita_S,72,-0.037,0.7578931374920832,0.8551026957911325
ASLO_S,Kalcium ionizované_S,136,0.037,0.6650748523147045,0.797662929347804
Krvný obr._DIFF_RET: Hemoglobín_HGB,Krvný obr._DIFF_RET: Neutrofily_#,298,-0.037,0.528401318369542,0.6920085705218924
Železo_S,IGG4,50,-0.037,0.8013078161250455,0.8854946174712844
Urea_S,ASLO_S,1132,0.037,0.21038526527361076,0.36769672359924327
Imunoblot ANA: Scl-70,Imunoblot Liver Pro: Sp100,164,-0.037,0.6342155742159364,0.7787343531105226
ELFO_S: Albumín,Vitamin D total,279,-0.037,0.5393029314524791,0.7010289548703247
Kreatinín_S,Interleukín -6,304,0.037,0.524150677964371,0.6882989012038093
Krvný obr._DIFF_RET: Hemoglobín_HGB,Krvný obr._DIFF_RET: Eozinofily_#,298,0.037,0.5245454808401699,0.6886624178089688
Krvný obr._DIFF_5pop: Eozinofily_#,Krvný obr._DIFF_5pop: Šírka dist.kriv._RBC,5471,-0.037,0.006845633129241139,0.022087510040664782
Nátrium-S,Cholest-LDL_S,456,0.037,0.4319763147853195,0.6123379766125117
Imunoblot ANA: SS-A/Ro52kD,CCP,197,-0.037,0.6081809890803966,0.7589420199622393
Cholest-HDL_S,Močový sediment A: Kryštály,48,-0.037,0.8040955089683514,0.8871528572743961
GF(S)- MDRD,IgM_S,568,0.037,0.37710094489273815,0.5575373890102673
Bili-priamy_S,ABR_artéria: O2_B sat,93,0.037,0.7273685042503419,0.8343677914154798
IgG_S,Ceruloplazmín,242,-0.037,0.5625106935776645,0.7199094351931714
Bili-priamy_S,Meď_S,152,0.037,0.6478614711750355,0.786300766773854
IgA_S,Moč chemický A: pH,39,-0.036,0.8288935551755514,0.9019124991289609
Moč chemicky _ úplne: Bielkoviny,TSH_S,79,0.036,0.7553428640258494,0.8541639756419048
Imunoblot ANA: dsDNA,Imunoblot ANA: Rib-PO,419,0.036,0.464173742325805,0.6395091736258854
CK-celková_S,Močový sediment: Leukocyty,173,-0.036,0.6402859596034023,0.782558041816163
LD_S,Močový sediment A: Baktérie,30,-0.036,0.8509183792650317,0.9143918239970816
AST_S,anti TPO_S,141,-0.036,0.6703124607583609,0.8002389992147408
CRP_S,Lipáza_S,374,-0.036,0.4914113209620048,0.6623529243270171
Glukóza_ S,alfa1 AT_S,293,-0.036,0.5442583440801568,0.7047846025155394
ELFO_S: gama_globulín,C3_S,1050,0.036,0.24654525247381,0.4128365811718806
Albumín_S,ABR_artéria: pH_B,57,0.036,0.788342828984351,0.8749723956215203
Glukóza_ S,ELFO_S: alfa2_globulín,671,-0.036,0.35512707558355217,0.5351575985110348
Imunoblot ANA: Scl-70,c-ANCA,274,0.036,0.5561103424941776,0.7148582176077525
ALP_S,Amyláza_S,2082,-0.036,0.10208669453857626,0.2119636098850998
Imunoblot ANA: Ku,Imunoblot ANA: Histones,419,0.036,0.4613454832948054,0.6374353752439971
Trombínový čas,Antitrombín III,38,-0.036,0.8310547378685909,0.9026655410632856
Krvný obr._DIFF_5pop: Monocyty_%,Diff.rozpočet_ WBC: Lymfocyty,208,0.036,0.6012569479494352,0.753855415496894
Nátrium_U (zbieraný),FE_ Kália,50,-0.036,0.8025933979322151,0.8864298289349556
Kalcium_U (zbieraný),FE_Fosforu,50,-0.036,0.8027122313651501,0.8864298289349556
Krvný obr._DIFF_5pop: Šírka dist.kriv._RBC,Diff.rozpočet_ WBC: Eozinofily,158,-0.036,0.6546551872378685,0.7905275119762272
IgA_S,Močový sediment A: Hlienové vlákna,39,0.036,0.82922570555836,0.9019124991289609
"ELFO_S: beta1,2_globulín",TSH_S,212,-0.036,0.6036387951700547,0.7550536061656542
alfa1 AT_S,NVK_S,44,0.036,0.8173469867073248,0.8960769072601612
ALT_S,Krvný obr._DIFF_5pop: Lymfocyty_#,38,-0.036,0.829791166585587,0.9021110586880238
Krvný obraz: Leukocyty_WBC,APTT: APTT_ratio,1487,-0.036,0.1695638902688137,0.31515935972902903
ALT_S,Močový sediment A: Leukocyty,141,-0.036,0.6675304568560285,0.798841561932428
Krvný obr._DIFF_5pop: Hematokrit_HCT,Fibrinogén,1499,-0.036,0.15987586482887137,0.30103478638346765
ASLO_S,Močový sediment: Leukocyty,155,0.036,0.6604258481194252,0.7943001848615027
Chloridy-S,Kalcium-S,2364,-0.036,0.0773570275670688,0.17022833257138487
CK-celková_S,Saturácia Trf,37,-0.036,0.8328311756560005,0.9038073292076488
LD_S,Moč chemický A: pH,32,0.036,0.8456416573342025,0.9119506622164547
Krvný obr._DIFF_5pop: Stredná konc._HGB,Krvný obr._DIFF_5pop: Eozinofily_#,5475,-0.036,0.007333329454799289,0.023505873878072594
Kálium-S,ABR_kapilára: PO2_B,50,-0.035,0.8098863611768657,0.8908878980239376
Kreatinín_S,Addisov sediment: Erytrocyty,55,0.035,0.7981304913217022,0.8829049297173557
Krvný obr._DIFF_5pop: Lymfocyty_%,APTT: APTT_sekundy,1492,-0.035,0.17673245420353126,0.32431579478770484
Imunoblot ANA: PM-Scl,Imunoblot Liver Pro: SLA,164,0.035,0.6547703082038262,0.7905275119762272
ALT_S,Interleukín -6,265,0.035,0.5717944673038822,0.7276863483136145
Amyláza_S,NT-proBNP,105,-0.035,0.7254022452093274,0.833058652171883
ELFO_S: alfa1_globulín,Cholest-celk._S,284,-0.035,0.5524827106391517,0.7118397265962634
Krvný obr._DIFF_5pop: Bazofily_%,Quickov test: PT_%,1562,0.035,0.16310128949995473,0.30556841409413515
Moč chemicky _ úplne: pH,Foláty,39,-0.035,0.8309066675877622,0.9026590388483333
Krvný obr._DIFF_5pop: Bazofily_%,Quickov test: PT_INR,1562,-0.035,0.1622897008418781,0.3045868447410492
APTT: APTT_sekundy,Krvný obr._DIFF_RET: Erytrocyty_RBC,104,-0.035,0.7223961935806574,0.830807932262476
Nátrium-S,Krvný obraz: Stredný objem_RBC,50,-0.035,0.810424373713356,0.8911585010236769
Imunoblot ANA: SS-A/Ro52kD,Imunoblot ANA: Rib-PO,419,0.035,0.4737280313554184,0.6479212450378844
Bili-celkový_S,Žlčové kyseliny,319,-0.035,0.5279122127401773,0.6916531836540207
Močový sediment: Erytrocyty,Močový sediment: Valce,103,0.035,0.724784710820829,0.832650500514417
Krvný obr._DIFF_5pop: Stredný objem_RBC,Krvný obr._DIFF_5pop: Eozinofily_#,5475,-0.035,0.009523171020850573,0.029555791644095598
GMT_S,Krvný obr._DIFF_5pop: Leukocyty_WBC,30,0.035,0.8549771055436686,0.9158100744425774
ASLO_S,CIK_S,177,-0.035,0.6401491627358236,0.7825413952012098
ANA,Imunoblot Liver Pro: gp210,152,0.035,0.66722391341417,0.7987325272131566
Imunoblot ANA: PM-Scl,p-ANCA,274,0.035,0.5666653441119323,0.7237207991249666
Moč chemicky _ úplne: Bielkoviny,ELFO_S: alfa1_globulín,186,0.035,0.6389305718620418,0.7819545218723852
Chloridy-S,Krvný obraz: Stredná konc._ HGB,49,0.035,0.8115798211041088,0.8920324263083423
Močový sediment A: Epitélie,Močový sediment A: Kvasinky,478,-0.035,0.44394067310386176,0.6234206667172488
C3_S,Kalcium ionizované_S,123,0.035,0.7020873333422497,0.8181146054151344
Horčík-S,Transferín_S,87,0.035,0.7441341586417662,0.8467641608187607
GF(S)- MDRD,Amyláza_U (jednoráz),72,0.035,0.7707464928951202,0.8634372190729498
Glukóza_ S,NVK_S,106,-0.035,0.7245077132770883,0.8324828183124149
Kreatinín_S,Cholest-LDL_S,550,-0.034,0.4242615824215846,0.6054792154490619
Imunoblot ANA: Ku,Imunoblot Liver Pro: gp210,163,0.034,0.6678688285879998,0.7990528565008592
ALP_S,Močový sediment: Erytrocyty,299,0.034,0.557466899502589,0.7163404556108308
Močový sediment: Leukocyty,Horčík-S,197,0.034,0.6359632858880362,0.7801203398392808
Kreatinín_S,C4_S,947,-0.034,0.2943177381947935,0.4685398822057818
Glukóza_ S,"ELFO_S: beta1,2_globulín",670,0.034,0.3824699480153815,0.5635045407564282
ABR_artéria: PO2_B,ABR_artéria: PCO2_B,298,-0.034,0.5613437925291733,0.7192854203182409
Urea_S,HbA1c,55,-0.034,0.8079746387007068,0.889612284170813
Reumat. faktor_S,Močový sediment A: Spermie,43,0.034,0.8289418640206041,0.9019124991289609
Imunoblot ANA: Ku,Imunoblot ANA: dsDNA,419,0.034,0.48496796733576786,0.656929956606425
Kreatinín_S,Močový sediment A: Kvasinky,156,-0.034,0.6768841303218229,0.8029979840891752
APTT: APTT_ratio,Krvný obr._DIFF_RET: Monocyty_#,103,0.034,0.7367084800165505,0.8410571526967379
Chloridy_U (zbieraný,FE_Horčíka,50,-0.034,0.8165940903718102,0.8956113099401906
Bielkoviny_S,Kys. močová_S,1097,0.034,0.25462987433573375,0.4229185860535729
IgA_S,Kalcium ionizované_S,136,0.034,0.6974979782553394,0.8151590610478608
ASLO_S,anti TPO_S,79,-0.034,0.7668722433544513,0.8607196645541714
ALT_S,Krvný obr._DIFF_5pop: Trombocyty_PLT,38,-0.034,0.8379436382369303,0.906891981894245
Nátrium-S,Močový sediment A: Epitélie,127,0.034,0.7013191271374549,0.8173889596963726
Moč chemicky _ úplne: pH,ASLO_S,196,0.034,0.6349582719700094,0.7793450351285683
Krvný obraz: Hematokrit_HCT,Krvný obraz: Stredný objem_PLT,3655,-0.034,0.042347251122353505,0.10472249372530626
Kreatinín_S,ELFO_S: alfa1_globulín,1224,0.034,0.24062255632579413,0.40559169549954105
Moč chemicky _ úplne: Ketolátky,Foláty,39,0.034,0.8388915656859195,0.9073226793190643
GMT_S,Kreatinín_U (zbier.),37,-0.034,0.840989136022454,0.9083311766662104
GMT_S,Močový sediment A: Baktérie,127,0.034,0.7040002307713548,0.8197422041954576
CEA _S,SCCA_S,42,0.034,0.8313839105479285,0.9028687151642718
ASLO_S,Železo_S,150,-0.034,0.6832768255368598,0.8058024267005142
Imunoblot ANA: Rib-PO,ANA  HEp-2,217,0.034,0.6183170926802046,0.76677112820561
LD_S,Vitamin D total,337,0.034,0.5347839606235825,0.697205520591344
Imunoblot ANA: SS-A/Ro52kD,AMAM2,144,0.034,0.6862850521986656,0.8068040223201559
Nátrium-S,Prealbumín_S,163,0.034,0.6640935592295736,0.7972385453109375
Albumín_S,Močový sediment: Erytrocyty,258,0.034,0.5887903277381363,0.7429165744032532
Moč chemicky _ úplne: Bielkoviny,ELFO_S: gama_globulín,185,-0.034,0.6420674389813275,0.7833897214084115
Nátrium-S,ABR_kapilára: HCO3_B - akt.,50,0.034,0.8166655624875687,0.8956113099401906
Krvný obr._DIFF_5pop: Lymfocyty_%,Diff.rozpočet_ WBC: Eozinofily,157,0.034,0.6747786796624553,0.8025201584569397
AST_S,C4_S,941,-0.034,0.3023936841964972,0.47776848438208075
Kálium-S,alfa1 AT_S,237,-0.034,0.6007636501511019,0.753534347366229
ALP_S,IgM_S,1211,-0.034,0.24391889050143636,0.40928495462846576
Horčík-S,Močový sediment A: Erytrocyty,61,0.034,0.7947274463451597,0.8800598686823775
Krvný obr._DIFF_5pop: Monocyty_%,Krvný obr._DIFF_5pop: Šírka dist.kriv._RBC,5471,-0.033,0.014131057114380195,0.04173621843219776
Reumat. faktor_S,Prealbumín_S,149,0.033,0.693130243794525,0.8121461524947653
Imunoblot ANA: Scl-70,AMAM2,144,0.033,0.6951852801426516,0.8136536633651926
ALP_S,Cholest-celk._S,949,-0.033,0.3037619555131707,0.4788582658431406
Prokalcitonín_S,CK-MB_S,122,-0.033,0.7144090079206766,0.8262589527252974
Kys. močová_S,NVK_S,34,-0.033,0.8549579343994793,0.9158100744425774
Železo_S,Horčík-S,182,-0.033,0.6569689261123771,0.7927300261333203
Imunoblot ANA: SS-A/Ro60kD,Imunoblot Liver Pro: LC1,164,-0.033,0.6724484633892929,0.8018140180015348
ELFO_S: gama_globulín,T4f_S,131,0.033,0.7049710270008425,0.8204214937784121
Moč chemicky _ úplne: Bielkoviny,IgM_S,176,-0.033,0.6591182755466705,0.7932143217556351
Chloridy-S,ABR_artéria: PO2_B,167,-0.033,0.673624523249949,0.8023128226859629
ABR_kapilára: HCO3_B -  stand.,ABR_kapilára: O2_B sat,102,-0.033,0.7452744738002537,0.8477580540829026
Horčík-S,Addisov sediment: Erytrocyty,45,-0.033,0.8286584457430582,0.9019124991289609
Krvný obr._DIFF_5pop: Leukocyty_WBC,Krvný obr._DIFF_5pop: Erytrocyty_RBC,5478,-0.033,0.01421344207799583,0.041940546921276134
Amyláza_S,ABR_artéria: pH_B,32,-0.033,0.8592425364096645,0.9180906627387976
Imunoblot ANA: U1-sn RNP,Imunoblot Liver Pro: LKM1,164,0.033,0.679285350103778,0.804169609898356
CRP_S,Močový sediment A: Hlienové vlákna,146,0.033,0.6886288292671738,0.8086182223122216
ANA,Imunoblot ANA: dsDNA,341,0.033,0.5400173822603923,0.7017243668439911
Nátrium-S,FE_Chloridov,50,-0.033,0.8191328102934332,0.8970782182027549
Krvný obr._DIFF_5pop: Bazofilily_#,Quickov test: PT_INR,1562,-0.033,0.19654065764052658,0.35101373252199436
Bili-celkový_S,ABR_artéria: O2_B sat,93,0.033,0.7515256233606801,0.8524267604374934
Cholest-HDL_S,Močový sediment A: Leukocyty,49,0.033,0.8233902390105179,0.9000340998681728
Kálium-S,Addisov sediment: Erytrocyty,46,0.033,0.8283595369138461,0.9019124991289609
Krvný obraz_RET: Leukocyty_WBC,Krvný obraz_RET: Nezrelé formy RET,34,-0.032,0.8582850562314079,0.9175622366507517
Železo_S,anti TPO_S,32,0.032,0.8615668040811972,0.9197670822261547
APTT: APTT_ratio,Krvný obr._DIFF_RET: Eozinofily_#,103,0.032,0.7462653196063054,0.8487331857248225
Imunoblot Liver Pro: LKM1,Imunoblot Liver Pro: Sp100,188,0.032,0.6582917341953411,0.7932143217556351
Moč chemicky _ úplne: pH,Kalcium ionizované_S,98,0.032,0.7565733399574359,0.8547946698825521
Imunoblot Liver Pro: Sp100,Imunoblot Liver Pro: gp210,187,0.032,0.6654263636875979,0.797783296566769
Bili-priamy_S,AFP_S,66,-0.032,0.799581208281962,0.884201813092307
Imunoblot ANA: SS-A/Ro52kD,LKM1,133,0.032,0.7152695598067633,0.8265019122321512
Kreatinín_S,Amyláza_U (jednoráz),78,0.032,0.7822222850536225,0.8713572883541386
Amyláza_S,IgM_S,78,0.032,0.7824233191327593,0.8713572883541386
IgM_S,Močový sediment: Leukocyty,137,0.032,0.7119808087988277,0.8249796255350974
Krvný obr._DIFF_5pop: Neutrofily_#,Krvný obr._DIFF_5pop: Stredný objem_PLT,5411,-0.032,0.018488845747874006,0.0523205510183713
Urea_S,Krvný obraz: Hemoglobín_HGB,49,-0.032,0.8290909185701894,0.9019124991289609
Proteinúria kvant._U,GF(S)-Shull,49,-0.032,0.8282349306295276,0.9019124991289609
Glukóza_ S,Albumín_S,4263,-0.032,0.03884645104225616,0.09739206924682454
Albumín_S,ELFO_S: alfa2_globulín,1513,-0.032,0.20816485354553896,0.36471906083144207
T3f_S,anti TG II,50,-0.032,0.8277439342583754,0.9019124991289609
Glukóza_ S,Moč chemický A: UBG,142,0.032,0.702691624372655,0.8186066622461202
Horčík-S,Beta2 mikroglob. _S,45,0.032,0.8356670005011488,0.9049793053688385
ALP_S,Močový sediment A: Leukocyty,109,-0.032,0.7377151900893149,0.8417213726001108
GMT_S,Moč chemický A: Špec. hmotnosť,128,0.032,0.7229623382028658,0.8313085492493767
Chloridy-S,Žlčové kyseliny,317,-0.031,0.5878936919336746,0.7422274691682501
Triacylglyceroly_S,alfa1 AT_S,194,-0.031,0.6695496369848453,0.7998954715862456
Krvný obr._DIFF_5pop: Monocyty_%,Trombínový čas,131,-0.031,0.7231392846439433,0.8313615409596402
Nátrium-S,Moč chemický A: pH,128,-0.031,0.7297964553941707,0.8359551004740358
Kálium-S,Močový sediment: Valce,64,-0.031,0.8065519849750127,0.8889133833638732
Feritin_S,Cholest-LDL_S,191,-0.031,0.6746293475463135,0.8025201584569397
LD_S,CIK_S,108,0.031,0.7481679818046068,0.8501361453057891
ELFO_S: gama_globulín,Horčík-S,275,-0.031,0.6129841642272646,0.7623900539028606
Moč chemicky _ úplne: Ketolátky,Prealbumín_S,85,-0.031,0.7751834916523619,0.8665741197373668
Krvný obr._DIFF_5pop: Stredná konc._HGB,Krvný obr._DIFF_5pop: Bazofilily_#,5477,0.031,0.021458039265832306,0.05909099412909954
GF(S)- MDRD,HbA1c,51,-0.031,0.8307953394226235,0.9026590388483333
Kys. močová_S,Moč chemický A: pH,66,0.031,0.804334821941136,0.8871528572743961
Imunoblot ANA: Jo-1,Imunoblot Liver Pro: SLA,164,-0.031,0.6953986809244219,0.8137535126013727
Krvný obr._DIFF_RET: Stredný objem_RBC,Krvný obr._DIFF_RET: Retikulocyty_#,299,0.031,0.5988596060811378,0.7517397900481068
Kalcium-S,Močový sediment: Leukocyty,280,0.031,0.6080581439363528,0.7589377973335264
GF(S)- MDRD,ELFO_S: alfa1_globulín,553,-0.031,0.472221837525883,0.6462786156402273
ALP_S,Cholest-LDL_S,592,0.031,0.4505397860213134,0.6292106530211924
AST_S,Kreatinín_U (zbier.),40,0.031,0.8513432879920472,0.9145390444053899
Imunoblot ANA: SmD1,CCP,197,0.031,0.663156522670614,0.7965652086455683
Bili-priamy_S,ELFO_S: alfa1_globulín,493,0.031,0.49169939177394484,0.6625166990328465
AST_S,Močový sediment A: Hyalínové valce,139,0.031,0.7199211542104869,0.8291622720629483
Triacylglyceroly_S,Močový sediment A: Epitélie,55,0.031,0.8195166688173416,0.897343915373418
Reumat. faktor_S,Moč chemický A: UBG,42,0.031,0.8433044121451774,0.910367532771166
Kreatinín_S,FE_ Kalcia,50,0.031,0.8303368365762316,0.9025029807987681
Kys. močová_S,Moč chemický A: Špec. hmotnosť,66,0.031,0.8069201136249734,0.8889133833638732
"ELFO_S: beta1,2_globulín",T3f_S,101,0.031,0.7559812858839611,0.854435096116189
Nátrium_U (zbieraný),Addisov sediment: Valce,37,-0.031,0.8544283420056946,0.9158100744425774
ALP_S,Močový sediment: Leukocyty,453,-0.031,0.509957624591777,0.6770659956178806
ALP_S,CIK_S,159,-0.031,0.6999872313295541,0.8170161456249599
Triacylglyceroly_S,Cholinesteráza_S,42,0.031,0.8460777009988677,0.9120380808859735
ELFO_S: alfa2_globulín,Močový sediment A: Kryštály,37,0.031,0.8544505628885231,0.9158100744425774
Kalcium-S,Osmolalita_S,95,0.03,0.7726679110866082,0.864369531249948
Imunoblot Liver Pro: SLA,Imunoblot Liver Pro: AMA-M2,188,-0.03,0.6846137506929928,0.8058831124981626
SLA a LP,LKM1,149,0.03,0.7186862824840097,0.8281798459598071
Krvný obr._DIFF_5pop: Monocyty_#,APTT: APTT_ratio,1491,0.03,0.2419391437020435,0.40688671798545184
Imunoblot Liver Pro: SLA,Imunoblot Liver Pro: gp210,187,0.03,0.6845468131515868,0.8058831124981626
Urea_S,Meď_S,144,0.03,0.7181824748986825,0.8280604833087712
Diff.rozpočet_ WBC: Lymfocyty,Diff.rozpočet_ WBC: Monocyty,281,0.03,0.6120250675147654,0.7617937409720424
Moč chemicky _ úplne: pH,Prealbumín_S,85,-0.03,0.7831431746525288,0.8714166634263089
Leukocyty,Aktiv.TLy_CD3+HLADR+,359,-0.03,0.5654674527635772,0.722568975787018
Urea_S,IgA_S,1302,0.03,0.2759698652810066,0.4480543199923933
Reumat. faktor_S,CK-MB_S,58,0.03,0.8222463178698748,0.8994026958380363
Diff.rozpočet_ WBC: Lymfocyty,Diff.rozpočet_ WBC: Eozinofily,214,0.03,0.659044099481887,0.7932143217556351
Glukóza_ S,Močový sediment: Erytrocyty,331,0.03,0.5920535880061764,0.745996914836025
ALP_S,Fibrinogén,31,0.03,0.8716504775291103,0.9265914222522058
T4f_S,T3f_S,445,0.03,0.5291576201599726,0.6926196088328537
ELFO_S: alfa1_globulín,anti TG_S,46,0.03,0.8405354625129731,0.9083311766662104
Cholest-celk._S,Kalcium ionizované_S,145,0.03,0.7175422450297756,0.8280543048244936
Krvný obraz: Leukocyty_WBC,Trombínový čas,72,0.03,0.8031681985785893,0.8866251199947486
Moč chemicky _ úplne: Ketolátky,Močový sediment: Leukocyty,1376,0.03,0.25858381087758087,0.4275853593194355
GMT_S,Močový sediment A: Spermie,129,-0.03,0.7358903473132747,0.8409986286168797
Horčík-S,HBDH_S,32,-0.03,0.870349232681665,0.9260547156684148
GF(S)- MDRD,NVK_S,118,-0.03,0.7494151782038241,0.8509445267433234
Krvný obr._DIFF_5pop: Bazofilily_#,Quickov test: PT_%,1562,0.03,0.2355275578022286,0.39954781701403425
Amyláza_S,C3_S,46,-0.029,0.8476512395341633,0.9128883412036853
Bielkoviny_S,Ceruloplazmín,315,-0.029,0.6097068574130455,0.7596524152078993
Imunoblot ANA: SmD1,LC1,112,0.029,0.7608246833107503,0.857069180235579
GF(S)- MDRD,ELFO_S: gama_globulín,553,0.029,0.49292039090631423,0.6634948350327792
Močový sediment: Erytrocyty,Cholest-LDL_S,60,0.029,0.8282456639942009,0.9019124991289609
AST_S,Bielkoviny_S,4385,-0.029,0.051209172165143646,0.1225092161591839
ALT_S,ABR_kapilára: HCO3_B -  stand.,31,-0.029,0.8787595878509176,0.9315467481423126
Krvný obraz_RET: Stredný objem_RBC,Krvný obraz_RET: Stred. far.konc._HGB,34,-0.029,0.8687406945568461,0.9254040295975257
Imunoblot ANA: Jo-1,Imunoblot ANA: SmD1,418,-0.029,0.5525032046746086,0.7118397265962634
AST_S,Močový sediment A: Erytrocyty,139,-0.029,0.736513234161184,0.8410571526967379
Imunoblot ANA: CENP-B,Imunoblot ANA: Jo-1,419,-0.029,0.5530028937126741,0.7121072294318772
Glukóza_ S,Krvný obraz: Hematokrit_HCT,41,0.029,0.85794842727819,0.9175622366507517
Beta2 mikroglob. _S,NSE_S,44,-0.029,0.853504277029036,0.9157765026119685
Bielkoviny_S,CK-MB_S,202,0.029,0.6851453992798651,0.8062101725550995
Kreatinín_S,Laktát_P,67,0.029,0.8147432919186623,0.894275074906576
AST_S,C3_S,942,0.029,0.36919611604930147,0.5492981089604713
Chloridy-S,Krvný obr._DIFF_5pop: Hemoglobín_HGB,52,-0.029,0.835875203763036,0.9049793053688385
Kálium-S,anti TPO_S,130,0.029,0.7471397541948366,0.8492715796027548
ASLO_S,CVK_S,50,0.029,0.8409482727644563,0.9083311766662104
Moč chemicky _ úplne: pH,ELFO_S: alfa1_globulín,186,-0.029,0.6908840719621769,0.8099624486391788
Krvný obr._DIFF_5pop: Lymfocyty_#,Factor V,45,-0.029,0.8490461654300138,0.9133284546456167
Nátrium-S,Močový sediment: Valce,64,-0.029,0.8186565607423668,0.8970205468085989
Imunoblot Liver Pro: gp210,SLA a LP,137,0.029,0.7402548457626553,0.8437099094241388
ALP_S,Moč chemický A: Špec. hmotnosť,110,-0.029,0.7637855930775952,0.8587868658049809
ASLO_S,C4_S,934,-0.029,0.3806441018098513,0.5613943434776824
Nátrium-S,Horčík_U (zbieraný),51,-0.029,0.8396361546317158,0.9076413970351013
Imunoblot ANA: AMA-M2,Imunoblot Liver Pro: LC1,164,-0.029,0.71206099676627,0.8249796255350974
Bielkoviny_S,anti TG_S,63,-0.028,0.8280780622554931,0.9019124991289609
ALP_S,Moč chemicky _ úplne: pH,582,0.028,0.5042335716732496,0.67295943113868
ALP_S,Moč chemicky _ úplne: Ketolátky,579,0.028,0.5053716380177161,0.6738282056381314
Glukóza_ S,ELFO_S: Albumín,671,-0.028,0.4726190449803468,0.6466829189662164
Chloridy-S,Krvný obraz: Šírka dist.kriv._RBC,49,-0.028,0.846849016130628,0.912333695010663
Krvný obr._DIFF_RET: Trombocyty_PLT,Krvný obr._DIFF_RET: Eozinofily_%,298,0.028,0.6301576805087952,0.7762438996397342
Kalcium_U (zbieraný),FE_Horčíka,50,0.028,0.8442845598634571,0.9112707796147711
Kalcium-S,FE_ Kalcia,50,0.028,0.8483457176486029,0.9131848668342872
TSH_S,Troponín T hs,44,0.028,0.8546563716771887,0.9158100744425774
Feritin_S,Cholest-celk._S,208,0.028,0.6887192194131011,0.8086182223122216
Imunoblot ANA: U1-sn RNP,DNP / Nucleo-h /,97,-0.028,0.7834279278865892,0.8714166634263089
Urea_S,CK-celková_S,2063,0.028,0.19666127979049844,0.3510506070550819
Reumat. faktor_S,anti TG_S,43,0.028,0.8561928024234491,0.9161854259383817
IgA_S,Prealbumín_S,157,-0.028,0.7237465433724513,0.8319091351628701
Kreatinín_S,Foláty,236,0.028,0.6661194315803661,0.7984635375151068
Imunoblot ANA: SS-A/Ro52kD,DNP / Nucleo-h /,97,-0.028,0.7818035653828996,0.8713572883541386
ELFO_S: gama_globulín,Prealbumín_S,163,-0.028,0.7190962862902488,0.8283624128380691
Bili-celkový_S,Meď_S,153,0.028,0.7287551529292021,0.8352483288037562
GMT_S,Močový sediment A: Leukocyty,128,0.028,0.7548430424718261,0.853958841118343
APTT: APTT_ratio,Krvný obr._DIFF_RET: Stredná konc._HGB,104,0.028,0.777880794747638,0.8688250156525571
Chloridy-S,Krvný obr._DIFF_5pop: Bazofily_%,52,0.028,0.8464223402851356,0.9120380808859735
Chloridy-S,Cholest-celk._S,740,0.028,0.4548794890915431,0.6330447741946491
Kalcium-S,TSH_S,317,0.028,0.6164641618902051,0.7652201681298306
Močový sediment A: Zhluky leukocytov,Močový sediment A: Kryštály,470,0.028,0.5484149205143706,0.7082076590120622
p-ANCA,IgE celkové FOOKE,72,-0.028,0.8128722935369502,0.8926841280622722
GF(S)- MDRD,Moč chemicky _ úplne: Ketolátky,642,0.028,0.4760736981099797,0.6501350122870034
Nátrium-S,Interleukín -6,290,-0.028,0.62956172928642,0.775869188391198
Kálium-S,Močový sediment A: Kvasinky,125,-0.028,0.7595598833904679,0.8563414266512231
Moč chemicky _ úplne: Ketolátky,"ELFO_S: beta1,2_globulín",184,0.028,0.7103187574431467,0.8239282574468342
Krvný obraz: Stred. far.konc._HGB,APTT: APTT_sekundy,1487,0.028,0.27528167316613644,0.447508820272381
Chloridy-S,Troponín T hs,212,0.028,0.6819448559020114,0.8057226770700476
Imunoblot ANA: PM-Scl,Imunoblot ANA: SS-A/Ro52kD,419,0.028,0.5700544198421881,0.7266363822747635
Quickov test: PT_%,Diff.rozpočet_ WBC: Neutrofilné segmenty,49,0.028,0.8508168738859905,0.9143918239970816
GF(S)- MDRD,Cholest-HDL_S,659,-0.028,0.4659943629905581,0.6410702009699037
Imunoblot ANA: Jo-1,Imunoblot Liver Pro: Sp100,164,-0.028,0.7216100927735116,0.8301118210940138
Krvný obr._DIFF_5pop: Hemoglobín_HGB,Diff.rozpočet_ WBC: Eozinofily,158,-0.028,0.7281672726515451,0.8347339398721636
Krvný obraz: Leukocyty_WBC,Krvný obraz: Hematokrit_HCT,3776,0.028,0.08641909988601922,0.18667818482688883
Krvný obr._DIFF_5pop: Leukocyty_WBC,Quickov test: PT_%,1562,-0.028,0.2658130138637794,0.4367712030028519
Kreatinín_S,HbA1c %,59,0.028,0.8335669783388149,0.9041575914950472
APTT: APTT_sekundy,Krvný obr._DIFF_RET: Leukocyty_WBC,104,-0.028,0.777764645850731,0.8688250156525571
Imunoblot ANA: U1-sn RNP,SLA a LP,135,-0.027,0.7577669476568181,0.8551026957911325
Krvný obr._DIFF_5pop: Šírka dist.kriv._RBC,Diff.rozpočet_ WBC: Monocyty,206,0.027,0.7049109296052793,0.8204214937784121
Nátrium-S,Močový sediment: Erytrocyty,309,-0.027,0.6309905786584423,0.776665455638268
Bili-celkový_S,Kreatinín_U (zbier.),32,0.027,0.8828291614166752,0.9341030332208263
AST_S,Krvný obr._DIFF_5pop: Leukocyty_WBC,38,-0.027,0.8703920187261647,0.9260547156684148
ELFO_S: Albumín,CK-MB_S,48,0.027,0.8552839002283149,0.9159086835289217
Nátrium-S,Žlčové kyseliny,318,0.027,0.6319859935091514,0.7774994223012469
Krvný obr._DIFF_RET: Lymfocyty_%,Krvný obr._DIFF_RET: Nezrelé formy RET,297,0.027,0.6424098526245181,0.7836462737564446
Cholest-HDL_S,Močový sediment A: Zhluky leukocytov,49,-0.027,0.8541379691142688,0.9158100744425774
Cholest-HDL_S,HbA1c,44,-0.027,0.8614839395016584,0.9197670822261547
p-ANCA,anti- transglut. IgG,72,0.027,0.8237385344500824,0.9000636502921959
Chloridy-S,Krvný obr._DIFF_5pop: Eozinofily_%,52,0.027,0.8498478903674193,0.9138453510455545
Moč chemicky _ úplne: Ketolátky,Močový sediment: Valce,159,-0.027,0.7313095822022877,0.8369779574823373
AST_S,HbA1c %,58,0.027,0.8426122610826706,0.909774931111184
IgM_S,anti TG II,31,0.027,0.8873690941184162,0.9373887354396905
Imunoblot ANA: PCNA,SLA a LP,135,0.027,0.7592586680848431,0.8562298018127397
Chloridy-S,Železo_S,673,-0.027,0.4906432337429102,0.6622172220031248
AST_S,GF-(S+U)-dospelí,37,0.027,0.8721390015138668,0.9266932725568817
C3_S,Vitamin D total,257,-0.027,0.6652301351524463,0.7976985746741208
Močový sediment A: Hyalínové valce,Močový sediment A: Leukocyty,470,0.027,0.5525077430892766,0.7118397265962634
Urea_S,Krvný obraz: Šírka dist.kriv._RBC,49,-0.027,0.8527098096142014,0.9153920696665779
Urea_S,Krvný obr._DIFF_5pop: Monocyty_#,48,-0.027,0.8557775925461408,0.9161854259383817
Amyláza_S,Amoniak_P,52,-0.027,0.8506712234186254,0.9143918239970816
Kreatinín_S,Močový sediment: Leukocyty,596,0.027,0.5106319604961834,0.6773950396809884
Chloridy-S,CK-MB_S,715,-0.026,0.49560129477202863,0.6653302289163793
T Ly_CD3+_ a.p.,Imunoreg.index_IRI,354,-0.026,0.629243553462981,0.7757204264346174
Bielkoviny_S,Moč chemicky _ úplne: Ketolátky,483,-0.026,0.5736684535544538,0.7297788717323679
GF-rozdiel,GF(S)-Cockroft,74,-0.026,0.827764683006641,0.9019124991289609
Kalcium-S,Amyláza_S,787,0.026,0.46005853798861884,0.6365563697793981
Močový sediment A: Erytrocyty,Močový sediment A: Kryštály,468,0.026,0.5713308503936636,0.727242014135633
Kálium-S,Krvný obr._DIFF_5pop: Eozinofily_%,52,0.026,0.8532269706653226,0.915633605512972
Krvný obr._DIFF_5pop: Stred.far.konc._HGB,Krvný obr._DIFF_5pop: Stredný objem_PLT,5414,0.026,0.06047712935875997,0.14012078877323197
Moč chemický A: pH,Močový sediment A: Leukocyty,471,-0.026,0.5793568327464822,0.7348081370410064
Krvný obr._DIFF_5pop: Trombocyty_PLT,Diff.rozpočet_ WBC: Neutrofilné segmenty,209,0.026,0.7138915766260601,0.8259612431807247
ALT_S,Močový sediment A: Zhluky leukocytov,142,-0.026,0.7557217780607302,0.854435096116189
ASLO_S,alfa1 AT_S,211,0.026,0.7112492808549968,0.8245773178567583
ANA,Imunoblot ANA: Jo-1,341,0.026,0.6381964109830982,0.7813570628205093
Imunoblot ANA: Nucleosomes,Imunoblot Liver Pro: LC1,164,-0.026,0.7437868198896515,0.8466722212433176
ASLO_S,Cholest-celk._S,259,-0.026,0.67472422830251,0.8025201584569397
GMT_S,Cholinesteráza_S,116,0.026,0.7824179733907981,0.8713572883541386
Imunoblot ANA: CENP-B,AMAM2,144,0.026,0.7606436867791697,0.857069180235579
IgM_S,Cholest-LDL_S,151,-0.026,0.7469154013324153,0.8491684940345086
LD_S,NVK_S,114,-0.026,0.7836303160954671,0.8714166634263089
Kálium-S,Kreatinín_U (zbier.),86,-0.026,0.8144130458949093,0.8940670607517468
Kalcium-S,Addisov sediment: Valce,45,0.026,0.8657824617317706,0.9233365753536912
Nátrium-S,CIK_S,62,-0.026,0.8406994174890533,0.9083311766662104
Moč chemicky _ úplne: Ketolátky,C3_S,164,0.026,0.7420892342896102,0.845194138659357
Glukóza_ S,CVK_S,114,-0.026,0.7797030099305963,0.8704087322558207
Glukóza_ S,Moč chemický A: pH,143,-0.026,0.7549448914763945,0.853958841118343
Osmolalita_S,FE_ Kalcia,42,-0.026,0.8698621390497646,0.925977575298786
ELFO_S: Albumín,Močový sediment: Leukocyty,146,0.026,0.7568114379631585,0.8549116403591654
Nátrium-S,Kalcium-S,2364,-0.026,0.2038096457168315,0.3597956220675693
GF(S)- MDRD,Amyláza_S,2104,0.025,0.2604835794712899,0.43027877805020925
Glukóza_ S,CIK_S,64,0.025,0.8445143117209761,0.9113639243015731
ALT_S,ABR_kapilára: BE_B,31,-0.025,0.8928539360950845,0.9405640111699637
ALT_S,Solub.transf.recep_S,59,-0.025,0.8521317503984175,0.9152312781540399
ELFO_S: alfa1_globulín,"ELFO_S: beta1,2_globulín",1602,0.025,0.3216072304348462,0.4995527469321706
Elementy_CSF: Ly_CSF,Chloridy_CSF,72,-0.025,0.8358914786564371,0.9049793053688385
Imunoblot ANA: Scl-70,Imunoblot Liver Pro: gp210,163,0.025,0.7526971194365358,0.8526898715728088
Krvný obraz: Hemoglobín_HGB,Krvný obraz: Stredný objem_PLT,3655,-0.025,0.12425521465111584,0.24738119043514226
Nátrium-S,Krvný obraz: Leukocyty_WBC,50,-0.025,0.8607548882388065,0.9195183798522175
ANA  HEp-2,Imunoblot Liver Pro: Sp100,43,-0.025,0.8742086196968152,0.9284265063413352
Kreatinín_S,Transferín_S,542,-0.025,0.5622861819420082,0.7197670993104127
Feritin_S,Meď_S,206,-0.025,0.7177981728050384,0.8280543048244936
Moč chemicky _ úplne: Ketolátky,Triacylglyceroly_S,269,0.025,0.679589029724481,0.8042900718777249
Imunoblot ANA: dsDNA,LKM1,133,0.025,0.7761295055592369,0.867326428991703
APTT: APTT_ratio,Krvný obr._DIFF_RET: Eozinofily_%,103,-0.025,0.8017847137910572,0.8858675281242758
Krvný obr._DIFF_5pop: Monocyty_%,Diff.rozpočet_ WBC: Eozinofily,157,-0.025,0.7530704064444267,0.8528114779249384
GMT_S,Močový sediment: Erytrocyty,328,0.025,0.6466881938889528,0.7861081993476682
Chloridy-S,Addisov sediment: Leukocyty,46,0.025,0.8692749700755289,0.9256950913146526
Krvný obr._DIFF_5pop: Eozinofily_%,Quickov test: PT_%,1562,0.025,0.32694415638674723,0.504879977035733
Cholest-HDL_S,Močový sediment A: Kvasinky,49,0.025,0.8645825610885132,0.922366584482842
ELFO_S: alfa2_globulín,Cholest-HDL_S,244,-0.025,0.6950202970644335,0.8136104564677255
Bili-priamy_S,CK-celková_S,914,-0.025,0.45721720800422416,0.6345152364273028
Amyláza_S,Vitamín B12,78,-0.025,0.8274667123033397,0.9019124991289609
Amyláza_S,Saturácia Trf,64,-0.024,0.8485237671483761,0.9132087909018521
Krvný obr._DIFF_RET: Stredný objem_RBC,Krvný obr._DIFF_RET: Monocyty_%,298,-0.024,0.6769805135812408,0.8029979840891752
Krvný obr._DIFF_5pop: Bazofilily_#,Krvný obr._DIFF_5pop: Šírka dist.kriv._RBC,5473,-0.024,0.07364893733489172,0.16354131383731813
GF(S)- MDRD,"ELFO_S: beta1,2_globulín",551,0.024,0.5758594305232023,0.7313944346489213
Kalcium-S,Moč chemický A: Špec. hmotnosť,86,0.024,0.8238422991419989,0.9000636502921959
Urea_S,Močový sediment: Leukocyty,593,0.024,0.5631783746839983,0.7201836180288731
Krvný obr._DIFF_RET: Trombocyty_PLT,Krvný obr._DIFF_RET: Hematokrit_HCT,299,0.024,0.6779678753200167,0.8037189609830315
Krvný obr._DIFF_5pop: Stredný objem_RBC,Antitrombín III,81,0.024,0.8341033266986344,0.904430523044278
Amyláza_S,ELFO_S: alfa1_globulín,71,-0.024,0.844967323317112,0.9115431151356108
ALP_S,Kalcium-S,1634,-0.024,0.33862621157001005,0.5180092275714601
Cholest-celk._S,Meď_S,60,-0.024,0.8547620605106823,0.9158100744425774
Bili-priamy_S,Močový sediment: Leukocyty,377,-0.024,0.6393230040755333,0.7819828734870742
Bielkoviny_S,Močový sediment: Leukocyty,380,-0.024,0.6419683828439927,0.7833897214084115
IgM_S,Cholest-celk._S,289,-0.024,0.6822328738180141,0.8057226770700476
"ELFO_S: beta1,2_globulín",Močový sediment A: Epitélie,39,-0.024,0.8859790132412961,0.9362316485565461
ALT_S,ABR_kapilára: BB_B,31,-0.024,0.9000722842977398,0.9446614505609253
Krvný obr._DIFF_RET: Retikulocyty_%,Krvný obr._DIFF_RET: Monocyty_%,298,-0.024,0.6751043331845586,0.8025570426624535
AST_S,T3f_S,228,0.024,0.7212805090217753,0.8301118210940138
Cholest-celk._S,Močový sediment A: Epitélie,56,0.024,0.8583460368983814,0.9175622366507517
IgM_S,Moč chemický A: pH,39,-0.024,0.8847964873041366,0.9356045412521937
Moč chemicky _ úplne: Bielkoviny,Močový sediment: Leukocyty,1380,-0.024,0.3792686212637626,0.559696527500275
Glukóza_ S,Amoniak_B,479,0.024,0.593471435990085,0.7473387577492587
Imunoblot ANA: Mi-2,Imunoblot ANA: SS-A/Ro60kD,419,0.024,0.6313619711173453,0.7768821620198517
Moč chemicky _ úplne: Bielkoviny,HbA1c,37,0.023,0.8909116679583355,0.9393897168669957
Močový sediment A: Hlienové vlákna,Močový sediment A: Erytrocyty,475,0.023,0.6116505329776247,0.7616259968653175
Albumín_S,Etanol v sére,97,0.023,0.8248940903053033,0.9007536204742008
Quickov test: PT_%,Krvný obr._DIFF_RET: Stredný objem_PLT,95,0.023,0.8278446499561195,0.9019124991289609
ASLO_S,Moč chemický A: pH,45,-0.023,0.8830824519950076,0.9341030332208263
Krvný obr._DIFF_RET: Hemoglobín_HGB,Krvný obr._DIFF_RET: Stredný objem_PLT,274,0.023,0.7076813244949254,0.8222200904382336
Moč chemicky _ úplne: Bielkoviny,T3f_S,35,0.023,0.8938473035540142,0.9410637260491617
Imunoblot ANA: SS-B/La,Imunoblot Liver Pro: gp210,159,-0.023,0.7718216414592043,0.8643368390957737
ELFO_S: alfa2_globulín,Močový sediment: Leukocyty,146,-0.023,0.787483288695073,0.8746296036852794
CEA _S,CA 72-4_S,84,-0.023,0.8345559653743142,0.9047279440937153
CRP_S,Krvný obr._DIFF_5pop: Stredný objem_PLT,54,0.023,0.8662301888606017,0.9235040090336302
CRP_S,Krvný obraz: Stredná konc._ HGB,47,0.023,0.8774346189615805,0.9309188600973481
Imunoblot ANA: SS-B/La,LKM1,129,0.023,0.7998304249340996,0.8842989283894542
Imunoblot ANA: PM-Scl,Imunoblot Liver Pro: AMA-M2,164,0.023,0.7724177396166299,0.864369531249948
Chloridy-S,Nátrium_U (zbieraný),53,-0.023,0.8703632117746304,0.9260547156684148
p-ANCA,Imunoblot Liver Pro: Sp100,90,0.023,0.8288360415901194,0.9019124991289609
Krvný obr._DIFF_5pop: Eozinofily_#,Fibrinogén,1499,0.023,0.37710344098490767,0.5575373890102673
Nátrium-S,Haptoglobín_S,78,-0.023,0.8392695526251673,0.9073995009917781
Urea_S,Saturácia Trf,316,0.023,0.6816319423024304,0.8057226770700476
TSH_S,Saturácia Trf,116,-0.023,0.8047843119155041,0.8874838975176528
Nátrium-S,ELFO_S: alfa2_globulín,601,-0.023,0.5766556173409818,0.7322592718303532
Glukóza_ S,Cholest-LDL_S,546,0.023,0.5946982248946002,0.7481992017501304
Aktiv.TLy_CD3+HLADR+,NKbb._ CD16+CD56+,354,-0.023,0.6720658292002494,0.8015082059149962
Aktiv.TLy_CD3+HLADR+,T Ly_CD3+_ a.p.,359,-0.023,0.6589980642571664,0.7932143217556351
Glukóza_ S,ELFO_S: alfa1_globulín,671,-0.023,0.5588475340565815,0.7173347622658717
ELFO_S: gama_globulín,Triacylglyceroly_S,267,-0.023,0.7124163977606113,0.8251561303506224
Kálium_U (zbieraný),FE_Chloridov,50,-0.023,0.8717618618291988,0.9265914222522058
ALP_S,HbA1c,53,0.023,0.8718972961158015,0.9265914222522058
GF(S)- MDRD,CVK_S,124,-0.022,0.8041996535024926,0.8871528572743961
Chloridy-S,ABR_artéria: pH_B,167,0.022,0.7730543702156198,0.8644982246047936
AST_S,HbA1c,55,-0.022,0.8730222398476004,0.9274766370822417
GF(S)- MDRD,Močový sediment: Erytrocyty,322,-0.022,0.6901185488817829,0.8094944406669247
Nátrium-S,Močový sediment A: Hyalínové valce,126,-0.022,0.8095734082348462,0.8907550852989224
Imunoblot ANA: Ku,Imunoblot ANA: SS-A/Ro52kD,419,0.022,0.6488343934429606,0.7871004203824954
C3_S,anti TPO_S,81,0.022,0.84555230291809,0.9119506622164547
Imunoblot ANA: CENP-B,Imunoblot Liver Pro: LKM1,164,0.022,0.783612737502307,0.8714166634263089
Glukóza_ S,Močový sediment A: Baktérie,139,-0.022,0.7988563398261825,0.8835540262736312
Imunoblot ANA: U1-sn RNP,Imunoblot Liver Pro: AMA-M2,164,0.022,0.7757493785424247,0.8670541523363869
ALP_S,Horčík-S,836,0.022,0.5223263783059156,0.6867424423380549
ELFO_S: gama_globulín,C4_S,1050,-0.022,0.46966201668001817,0.6444412077685001
IgA_S,Železo_S,401,0.022,0.6590234813113971,0.7932143217556351
Kálium-S,Močový sediment A: Zhluky leukocytov,125,0.022,0.8053014822545486,0.8879000896846836
Amyláza_S,Močový sediment A: Epitélie,45,-0.022,0.887981734567967,0.9378799600515867
Transferín_S,Ceruloplazmín,304,0.022,0.6972220485515461,0.8149865086380814
Kalcium-S,Triacylglyceroly_S,500,-0.022,0.6204680846870235,0.7682839633341146
T Ly_CD3+,Imunoreg.index_IRI,354,0.022,0.6844278470107883,0.8058831124981626
Urea_S,TSH_S,610,0.022,0.5915167974358628,0.7454684019262124
IgM_S,"ELFO_S: beta1,2_globulín",1384,-0.022,0.4160031893232925,0.5972596689503232
Moč chemicky _ úplne: Bielkoviny,alfa1 AT_S,94,0.022,0.8351770572078018,0.9047279440937153
ELFO_S: alfa1_globulín,Močový sediment A: Hyalínové valce,39,-0.022,0.8960315999567615,0.9423090141574749
ELFO_S: alfa1_globulín,Močový sediment A: Spermie,39,-0.022,0.8960315999567615,0.9423090141574749
Kys. močová_S,anti TPO_S,34,0.022,0.9015341423997236,0.9450311811992321
Krvný obraz: Leukocyty_WBC,Krvný obraz: Stredný objem_PLT,3655,-0.022,0.17532300172092727,0.3227548623393367
Chloridy-S,Moč chemicky _ úplne: pH,609,-0.022,0.591173837889341,0.7451840063712268
Krvný obr._DIFF_5pop: Bazofilily_#,Antitrombín III,81,0.022,0.8462032511641724,0.9120380808859735
Albumín_S,TSH_S,610,-0.022,0.5944763201224443,0.7481992017501304
ELFO_S: alfa2_globulín,Močový sediment: Erytrocyty,89,0.022,0.8378457562347401,0.906891981894245
Urea_S,anti TPO_S,141,-0.021,0.8068655585188602,0.8889133833638732
Kreatinín_S,Ceruloplazmín,239,-0.021,0.7492743592158979,0.8509367186447263
ALP_S,GF-(S+U)-dospelí,37,-0.021,0.9029826712663575,0.9457053924423292
Urea_S,Vitamín B12,239,-0.021,0.7524948845608982,0.8526898715728088
Imunoblot ANA: Mi-2,Imunoblot ANA: SS-A/Ro52kD,419,-0.021,0.6735902994369356,0.8023128226859629
GF(S)- MDRD,Bielkoviny_S,3598,-0.021,0.20065989413010576,0.35618372018092836
Krvný obr._DIFF_5pop: Stred.far.konc._HGB,Diff.rozpočet_ WBC: Neutrofil.nesegmenty,131,-0.021,0.8158740393334112,0.8950522831782355
"ELFO_S: beta1,2_globulín",Močový sediment: Leukocyty,145,0.021,0.805807303175521,0.8883036260756698
Bili-celkový_S,GF(S)-Cockroft,32,0.021,0.9096208693590282,0.9497381509994726
Krvný obr._DIFF_5pop: Lymfocyty_%,Diff.rozpočet_ WBC: Monocyty,205,-0.021,0.7618242524447902,0.8572209485975473
Kálium-S,Ceruloplazmín,164,0.021,0.7861561696281762,0.8736138089291243
Kreatinín_S,CK-MB_S,735,-0.021,0.573870306054898,0.7298895003737271
Cholest-celk._S,Moč chemický A: UBG,55,-0.021,0.8802707091399514,0.9323707594475011
Bielkoviny_S,Močový sediment: Erytrocyty,241,0.021,0.7491087877666979,0.8509367186447263
Imunoblot ANA: SS-A/Ro52kD,Imunoblot Liver Pro: LC1,164,-0.021,0.7887379235661924,0.8751051394369578
Močový sediment A: Kvasinky,Močový sediment A: Kryštály,471,0.021,0.6498540386960543,0.7877356817088405
Kalcium-S,Moč chemicky _ úplne: pH,361,0.021,0.6845064253068205,0.8058831124981626
Kálium-S,IgM_S,609,0.021,0.6098369239474015,0.7596654858505573
Kálium-S,Močový sediment: Erytrocyty,309,-0.021,0.7171081773412298,0.828024036831849
APTT: APTT_sekundy,Krvný obr._DIFF_RET: Lymfocyty_%,103,0.021,0.8329595328995409,0.9038073292076488
Kálium-S,Krvný obraz: Šírka dist.kriv._RBC,50,-0.02,0.8901217270197699,0.9390473815603783
ALT_S,CIK_S,169,0.02,0.7928075994285505,0.8786996997853422
Kreatinín_S,Vitamin D total,427,-0.02,0.6765489423553697,0.802935817445108
APTT: APTT_sekundy,Krvný obr._DIFF_RET: Stredný objem_RBC,104,0.02,0.8389128629498165,0.9073226793190643
Osmolalita_U (jednor,FE_ Kália,42,-0.02,0.899468979209204,0.9445716217085214
Amyláza_S,Cholest-HDL_S,131,-0.02,0.8180881513325083,0.8965523590504444
Bili-celkový_S,Močový sediment A: Epitélie,93,-0.02,0.8512242308298734,0.9145390444053899
Glukóza_ S,HBDH_S,97,0.02,0.845775744023194,0.9119506622164547
Krvný obr._DIFF_RET: Stredný objem_RBC,Krvný obr._DIFF_RET: Nezrelé formy RET,298,0.02,0.7250720099992255,0.8328299547143517
AST_S,Krvný obraz: Leukocyty_WBC,30,0.02,0.9181422500799001,0.954345175843849
IgA_S,Ceruloplazmín,226,0.02,0.7642173682946193,0.8587868658049809
LD_S,anti TG_S,54,-0.02,0.8843910152627128,0.9353314666162834
GMT_S,Močový sediment A: Zhluky leukocytov,129,-0.02,0.8197938885127943,0.8974084654203861
Kalcium-S,IgG_S,356,-0.02,0.7102633755706791,0.8239282574468342
ANA,Imunoblot ANA: Ku,341,0.02,0.7076380975140134,0.8222200904382336
AST_S,Močový sediment A: Baktérie,137,0.02,0.8175132621564449,0.8960769072601612
Imunoblot ANA: Rib-PO,LKM1,133,-0.02,0.8173987420871499,0.8960769072601612
Imunoblot ANA: Jo-1,Imunoblot ANA: SS-A/Ro60kD,419,0.02,0.6823466137596316,0.8057226770700476
Imunoblot ANA: Histones,DNP / Nucleo-h /,97,0.02,0.8481324297648763,0.9131848668342872
Kreatinín_S,Vitamín B12,239,0.02,0.7539015876754355,0.8535977163610838
GMT_S,anti TG_S,69,0.02,0.8708119669180051,0.9260576541396194
Horčík-S,C4_S,217,-0.02,0.7721171038354605,0.864369531249948
Krvný obr._DIFF_5pop: Eozinofily_#,Krvný obr._DIFF_5pop: Stredný objem_PLT,5412,-0.02,0.13290289040800315,0.26075727694936507
Glukóza_ S,Krvný obraz: Trombocyty_PLT,41,-0.02,0.9018926572660073,0.9450311811992321
Moč chemicky _ úplne: pH,Železo_S,115,-0.02,0.8334142750794737,0.9041463267725234
GMT_S,IgM_S,1201,0.02,0.4852802592965354,0.6572128516970559
Moč chemicky _ úplne: Ketolátky,ELFO_S: gama_globulín,184,-0.02,0.7882928048349681,0.8749723956215203
Kreatinín_S,Amyláza_S,2259,-0.02,0.34495159888184534,0.5252822405791858
Moč chemicky _ úplne: Bielkoviny,Reumat. faktor_S,217,-0.02,0.7645757535260741,0.8589477917154993
Krvný obr._DIFF_5pop: Lymfocyty_%,APTT: APTT_ratio,1492,-0.019,0.4588386218202527,0.63563056354646
C3_S,T3f_S,94,-0.019,0.8547616989858944,0.9158100744425774
ELFO_S: gama_globulín,Železo_S,370,0.019,0.7140956447448442,0.8260469102447187
ELFO_S: Albumín,Močový sediment A: Erytrocyty,39,-0.019,0.910304357578553,0.9499283153246628
Kreatinín_S,Krvný obr._DIFF_5pop: Lymfocyty_%,48,-0.019,0.9003275813681909,0.9446614505609253
Fosfor_S,anti TG_S,70,-0.019,0.877916163246004,0.9311187621205115
Bili-priamy_S,Žlčové kyseliny,319,0.019,0.7410352829510652,0.8442964764325892
Chloridy-S,ASLO_S,531,-0.019,0.6667593756941805,0.798686516736095
Kálium-S,Kálium_U (zbieraný),53,-0.019,0.8899959799055579,0.9390473815603783
Kálium-S,Krvný obr._DIFF_5pop: Eozinofily_#,52,-0.019,0.8930143486520687,0.9405640111699637
Albumín_S,Močový sediment A: Epitélie,107,-0.019,0.8464310601139147,0.9120380808859735
Amyláza_S,LDH_ascites,30,-0.019,0.9206773190330404,0.956197974140413
Imunoblot ANA: PM-Scl,dsDNA IgG,218,-0.019,0.7821362627857471,0.8713572883541386
Urea_S,Cholest-HDL_S,700,-0.019,0.6118279229486374,0.761697588573916
Cholest-celk._S,CIK_S,40,0.019,0.9081968433115707,0.9491321838391855
Kys. močová_S,Močový sediment A: Hyalínové valce,67,0.019,0.8781019264490192,0.9311603302838624
IgE celkové FOOKE,DGP IgG,84,0.019,0.861221481297012,0.9197075257488515
Cholest-HDL_S,Kalcium ionizované_S,138,-0.019,0.825259192788099,0.900853608291757
Imunoblot ANA: dsDNA,Imunoblot ANA: SS-A/Ro52kD,419,-0.019,0.7052037988584705,0.820493804386353
GF(S)- MDRD,IgG_S,579,0.019,0.6485554401711643,0.7869122825453413
Krvný obr._DIFF_5pop: Leukocyty_WBC,Quickov test: PT_INR,1562,0.019,0.453830058963403,0.6318611362249614
ELFO_S: alfa1_globulín,Fosfor_S,157,0.019,0.8119980357848487,0.8920324263083423
Kys. močová_S,C3_S,254,-0.019,0.7578562893270901,0.8551026957911325
Nátrium-S,Močový sediment A: Erytrocyty,126,-0.019,0.8322568393462538,0.9033641591773325
CK-celková_S,Troponín T hs,234,0.019,0.7679934335499002,0.8609931717469073
Urea_S,Cholest-LDL_S,548,0.019,0.6537973265916736,0.7904486877050052
Imunoblot ANA: CENP-B,Imunoblot ANA: Ku,419,0.019,0.6948979309070868,0.8136104564677255
GF(S)- MDRD,Krvný obr._DIFF_5pop: Šírka dist.kriv._RBC,41,-0.019,0.9072845152106963,0.948959256689752
Diff.rozpočet_ WBC: Monocyty,Diff.rozpočet_ WBC: Eozinofily,210,-0.019,0.7852196317715059,0.8728784463069776
Chloridy-S,Krvný obr._DIFF_5pop: Monocyty_%,52,-0.019,0.8910376883111154,0.9393897168669957
Krvný obr._DIFF_5pop: Eozinofily_%,Quickov test: PT_INR,1562,-0.019,0.45239012613197294,0.6309665876121948
APTT: APTT_sekundy,Krvný obr._DIFF_RET: Stredná konc._HGB,104,-0.018,0.8585022074366488,0.9175747853036725
Kálium-S,Quickov test: PT_%,44,0.018,0.9077007272623567,0.949114849780907
NKbb._CD16+CD56+_ap,B Ly_ CD19+,354,-0.018,0.729270173132238,0.8355371343388832
APTT: APTT_sekundy,Krvný obr._DIFF_RET: Eozinofily_%,103,-0.018,0.8561276389612411,0.9161854259383817
LD_S,Moč chemický A: UBG,31,-0.018,0.9232474044966277,0.958084083758098
Kreatinín_S,Horčík_U (zbieraný),53,-0.018,0.8992024095373021,0.9445663230060736
Krvný obr._DIFF_5pop: Trombocyty_PLT,Krvný obr._DIFF_5pop: Eozinofily_%,5475,-0.018,0.18395740894158064,0.3341865469237806
Imunoblot ANA: Histones,Imunoblot Liver Pro: LC1,164,-0.018,0.8231623820895906,0.8999398749638907
Železo_S,C3_S,187,-0.018,0.8105011520407375,0.8911585010236769
ALT_S,ASLO_S,1132,0.018,0.5513490585282037,0.7109235983011322
Horčík-S,FE_Fosforu,50,0.018,0.9016390173347222,0.9450311811992321
Krvný obr._DIFF_5pop: Hematokrit_HCT,Krvný obr._DIFF_5pop: Monocyty_%,5475,-0.018,0.18729079565531154,0.3384693059346958
Imunoblot ANA: PCNA,dsDNA IgG,218,0.018,0.7946340424223074,0.8800598686823775
Krvný obraz: Hemoglobín_HGB,Krvný obraz: Leukocyty_WBC,3776,0.018,0.2718939640951608,0.4438186931902766
AST_S,Fosfor_S,632,0.018,0.6457302344077966,0.7854344589685491
Moč chemicky _ úplne: Ketolátky,TSH_S,79,-0.018,0.8744743544326371,0.9285534971938064
ABR_artéria: HCO3_B - akt.,Laktát_P_artéria,98,-0.018,0.8619548892303859,0.919872234382772
ALP_S,Laktát_P,55,-0.018,0.8939586945862885,0.9410637260491617
Imunoblot ANA: U1-sn RNP,Imunoblot ANA: Mi-2,419,0.018,0.7087383907197322,0.8228670752230236
Krvný obr._DIFF_RET: Stredná konc._HGB,Krvný obr._DIFF_RET: Monocyty_%,298,0.018,0.7569698658940678,0.8549385880933354
Glukóza_ S,Krvný obr._DIFF_5pop: Monocyty_%,34,0.018,0.9216959033783858,0.956942976656788
Moč chemicky _ úplne: pH,Cholest-LDL_S,113,-0.018,0.8527137208069901,0.9153920696665779
IgA_S,Cholest-celk._S,285,0.018,0.7681103587713067,0.8609931717469073
IgA_S,Cholest-LDL_S,145,0.017,0.8388785425323227,0.9073226793190643
Triacylglyceroly_S,T4f_S,145,0.017,0.842514936786298,0.909774931111184
Kálium-S,Moč chemický A: pH,127,-0.017,0.8483577969551336,0.9131848668342872
Glukóza_ S,Reumat. faktor_S,891,-0.017,0.618681942497587,0.766924171841399
Urea_S,CIK_S,170,0.017,0.8263444981370422,0.9018667920743221
Nátrium-S,ABR_kapilára: HCO3_B -  stand.,50,-0.017,0.9062854220362394,0.9482264964091286
Bili-celkový_S,Osmolalita_S,61,-0.017,0.8975947423349401,0.9434843477918389
Amyláza_S,IgG_S,85,0.017,0.8798589414818929,0.9320900208828523
Chloridy-S,Prealbumín_S,163,-0.017,0.832266712366587,0.9033641591773325
GF(S)- MDRD,Transferín_S,528,0.017,0.692585698789252,0.8116578019568563
TSH_S,Cholest-HDL_S,286,-0.017,0.779709758424032,0.8704087322558207
Kálium-S,ABR_artéria: PO2_B,167,0.017,0.8248991915502755,0.9007536204742008
Kreatinín_S,TSH_S,619,-0.017,0.6793606636745595,0.804169609898356
Urea_S,Krvný obr._DIFF_5pop: Eozinofily_%,48,0.017,0.9096736421897986,0.9497381509994726
AST_S,ABR_artéria: PCO2_B,101,-0.017,0.8625041343193187,0.9203037899446811
CRP_S,Močový sediment: Erytrocyty,328,-0.017,0.7524310805829224,0.8526898715728088
Bili-priamy_S,GF-rozdiel,32,-0.017,0.9277160000883022,0.9596519122176805
IgM_S,CIK_S,188,0.017,0.8119158857038806,0.8920324263083423
Imunoblot ANA: PCNA,c-ANCA,274,0.017,0.7769734554920762,0.8681168418468449
Močový sediment: Erytrocyty,T4f_S,32,0.017,0.9247983136431591,0.9585982327157917
Moč chemicky _ úplne: Bielkoviny,IgG_S,176,0.017,0.8252743586113687,0.900853608291757
Kálium-S,ELFO_S: gama_globulín,601,-0.017,0.6860261263141406,0.8066488951459809
Glukóza_ S,Močový sediment A: Kryštály,139,0.017,0.8447612557657849,0.9114755872758206
Kreatinín_S,IgM_S,1267,0.016,0.5596303352985159,0.7179587076234797
Krvný obr._DIFF_RET: Lymfocyty_%,Krvný obr._DIFF_RET: Šírka dist.kriv._RBC,296,0.016,0.788282208994531,0.8749723956215203
Fosfor_S,Nátrium_U (zbieraný),50,0.016,0.9135195055584208,0.951359830857569
Moč chemicky _ úplne: Ketolátky,ELFO_S: alfa2_globulín,185,-0.016,0.8237974386171611,0.9000636502921959
ELFO_S: Albumín,anti TG_S,46,-0.016,0.9137726566807628,0.951359830857569
Imunoblot ANA: Rib-PO,Imunoblot Liver Pro: AMA-M2,164,0.016,0.8391789849750748,0.9073995009917781
Imunoblot ANA: SS-B/La,c-ANCA,274,-0.016,0.797677094775963,0.8828645615177165
GF(S)- MDRD,Laktát_P_artéria,80,0.016,0.8885559206718692,0.9380185716231946
Kalcium-S,IgM_S,354,-0.016,0.7706974812192382,0.8634372190729498
Krvný obraz: Stred. far.konc._HGB,Quickov test: PT_%,1495,0.016,0.5293691527052646,0.6926196088328537
Krvný obr._DIFF_RET: Bazofily_#,Krvný obr._DIFF_RET: Stred. far.konc._HGB,299,0.016,0.7818101094830956,0.8713572883541386
Bielkoviny_S,Bili-celkový_S,2604,0.016,0.41164734527014657,0.5936879874009628
Amyláza_S,C4_S,46,-0.016,0.9151356412093662,0.9523106844558727
Kalcium-S,ELFO_S: gama_globulín,356,-0.016,0.7629635489376311,0.8580469864402143
Železo_S,T4f_S,92,0.016,0.8806902838368631,0.9325042288692653
AST_S,Moč chemický A: Špec. hmotnosť,139,-0.016,0.8488163468757951,0.9133284546456167
Triacylglyceroly_S,Moč chemický A: pH,55,0.016,0.908714755074836,0.9492564744569638
Imunoblot ANA: Scl-70,Imunoblot ANA: Ku,419,0.016,0.7441211769694316,0.8467641608187607
Nátrium-S,Vitamin D total,135,-0.016,0.8499783062062304,0.9138453510455545
Urea_S,CA 19-9_S,51,0.016,0.9118191721294605,0.9502603675423987
Urea_S,Foláty,236,0.016,0.8033797053114277,0.8867045288122828
Kálium-S,anti TG_S,92,0.016,0.8824600533033352,0.9339111641905862
Kreatinín_S,GF(S+U)-deti,49,-0.016,0.9156078696907088,0.9524900599549817
GF(S)- MDRD,alfa1 AT_S,286,0.016,0.7921394261454762,0.8781123319319857
Fibrinogén,Krvný obr._DIFF_RET: Leukocyty_WBC,105,0.016,0.8746844173185679,0.9286213407795558
Kreatinín_S,Meď_S,143,0.016,0.853926423867293,0.9158100744425774
Kálium-S,Kalcium_U (zbieraný),51,0.016,0.9092978026950896,0.9496578892852053
GF(S)-Schwarz,FE_ Kalcia,48,-0.016,0.9136418064442758,0.951359830857569
Kreatinín_S,Močový sediment: Erytrocyty,375,0.016,0.7518539790129606,0.8526469704872078
Ak.TLyCD3+HLADR+_ap,B Ly_ CD19+,354,-0.015,0.7811474570700657,0.8712482083507949
IgA_S,Vitamin D total,276,0.015,0.8081916868366351,0.8896955907166763
Kálium-S,AFP_S,55,0.015,0.9136476951974117,0.951359830857569
Imunoblot ANA: Scl-70,LC1,112,-0.015,0.8777716122065785,0.9311187621205115
Chloridy-S,Vitamin D total,134,0.015,0.8659402852892883,0.923349887956168
Kalcium-S,Močový sediment A: Hyalínové valce,84,-0.015,0.8955908612900212,0.9421574336438987
Urea_S,T4f_S,304,-0.015,0.79994741719726,0.8842989283894542
Amyláza_S,Močový sediment A: Kryštály,44,0.015,0.9236066867702825,0.9581439061155461
IgG_S,Železo_S,356,0.015,0.7830068566745153,0.8714166634263089
Krvný obr._DIFF_5pop: Eozinofily_#,Quickov test: PT_%,1562,0.015,0.5578436859844994,0.7165347628506925
GMT_S,CIK_S,154,-0.015,0.8525369758725314,0.9153920696665779
CRP_S,Moč chemický A: Špec. hmotnosť,145,-0.015,0.8553575034435845,0.9159086835289217
Reumat. faktor_S,Močový sediment A: Erytrocyty,43,0.015,0.925402638319841,0.9585982327157917
Bili-celkový_S,Močový sediment: Leukocyty,382,-0.015,0.7693299152368225,0.8621543396541776
Amyláza_S,Chol.celk._ascites,32,-0.015,0.9350516593347822,0.9634658179314175
Glukóza_ S,Laktát_P,45,0.015,0.9242572218657557,0.9585057346577124
Krvný obr._DIFF_RET: Retikulocyty_%,Krvný obr._DIFF_RET: Stredný objem_PLT,274,0.015,0.8099745787795157,0.8908878980239376
Imunoblot ANA: Histones,Imunoblot Liver Pro: SLA,164,-0.015,0.8496319482112407,0.9137822527486054
Krvný obraz: Stredný objem_RBC,Krvný obraz: Šírka dist.kriv._RBC,3759,0.015,0.3545107236844163,0.5347119248734797
Krvný obr._DIFF_5pop: Hemoglobín_HGB,Diff.rozpočet_ WBC: Monocyty,206,-0.015,0.8298342557803888,0.9021110586880238
Kálium-S,T4f_S,288,0.015,0.7969798532208743,0.8822465599428845
Imunoblot Liver Pro: AMA-M2,LC1,116,0.015,0.8693053541292645,0.9256950913146526
CRP_S,Kreatinín_U (zbier.),36,0.015,0.931882907640946,0.9627723173722156
Chloridy-S,TSH_S,539,-0.015,0.7238984487628264,0.8319332208737763
Imunoblot ANA: AMA-M2,c-ANCA,274,-0.015,0.8030399570245955,0.8866251199947486
Chloridy-S,Moč chemický A: Špec. hmotnosť,128,0.015,0.8666777749074284,0.9238261583870625
ELFO_S: alfa1_globulín,NSE_S,31,-0.015,0.9373591599526454,0.9651608984082911
ALT_S,Amyláza_S,2282,-0.015,0.46564780205450707,0.6407321824674644
Nátrium-S,Močový sediment A: Leukocyty,125,0.014,0.8794650400338735,0.9319080918806334
Feritin_S,Ceruloplazmín,320,0.014,0.7978692221823485,0.8829049297173557
Imunoblot ANA: CENP-B,Imunoblot Liver Pro: gp210,163,0.014,0.8566601150377791,0.9165311065737639
Addisov sediment: Erytrocyty,Kalcium_U (zbieraný),37,-0.014,0.9327219643761537,0.9627723173722156
IgM_S,Moč chemický A: UBG,39,0.014,0.932339747914555,0.9627723173722156
GMT_S,ABR_artéria: PCO2_B,79,-0.014,0.8992188134016579,0.9445663230060736
Glukóza_ S,IgG_S,733,-0.014,0.7125827563138731,0.8251983687316872
Nátrium-S,ABR_kapilára: BB_B,49,-0.014,0.9238665351196944,0.9582569955290479
Krvný obr._DIFF_RET: Bazofily_#,Krvný obr._DIFF_RET: Stredný objem_PLT,274,0.014,0.8189577295967571,0.8970778809033033
Bielkoviny_S,Močový sediment A: Epitélie,100,-0.014,0.8909591171656609,0.9393897168669957
IgM_S,ELFO_S: alfa1_globulín,1390,0.014,0.6028864306260677,0.7547068953236272
Nátrium-S,Krvný obr._DIFF_5pop: Erytrocyty_RBC,52,-0.014,0.9192752681050703,0.9551566910616484
Horčík-S,NVK_S,39,0.014,0.93047824021706,0.9616606897834687
Cholest-LDL_S,NVK_S,50,0.014,0.9253640372125428,0.9585982327157917
Imunoblot ANA: Jo-1,CCP,197,0.014,0.847127344082213,0.9124788092496269
Kálium-S,LD_S,734,0.014,0.7145972145944646,0.8262909758821491
Krvný obr._DIFF_5pop: Trombocyty_PLT,Krvný obr._DIFF_5pop: Šírka dist.kriv._RBC,5474,0.014,0.2943401022954943,0.4685398822057818
CRP_S,Horčík-S,844,0.014,0.6769432433990963,0.8029979840891752
Kálium-S,Quickov test: PT_INR,44,-0.014,0.9262216021648708,0.9590650991009544
ELFO_S: alfa1_globulín,Cholinesteráza_S,81,0.014,0.9003041508665928,0.9446614505609253
GF(S)- MDRD,Laktát_P,64,0.014,0.9132558590446485,0.951359830857569
Chloridy-S,FE_Fosforu,50,-0.014,0.9226877723272683,0.9576687092047911
Imunoblot ANA: U1-sn RNP,Imunoblot ANA: dsDNA,419,-0.014,0.772727944192068,0.864369531249948
Imunoblot ANA: Ku,Imunoblot ANA: SS-A/Ro60kD,419,-0.014,0.7709481140095906,0.8635108195174418
Kálium-S,TSH_S,561,0.014,0.733773483527407,0.8391832476776987
Fosfor_S,Proteinúria kvant._U,76,0.014,0.9045158409484308,0.9468428303749187
Glukóza_ S,Cholinesteráza_S,96,0.014,0.8890992454983199,0.9382803167194063
Moč chemicky _ úplne: Bielkoviny,HbA1c %,37,0.014,0.9330187791911064,0.9628765926252598
Aktiv.TLy_CD3+HLADR+,Pomoc.TLy_CD4+,355,-0.013,0.80226846708579,0.8862478823502041
Glukóza_ S,Quickov test: PT_INR,34,-0.013,0.9404594550313499,0.9670637402066233
Imunoblot ANA: Scl-70,Imunoblot ANA: dsDNA,419,0.013,0.7885273584684195,0.8750243333362216
Quickov test: PT_INR,Krvný obr._DIFF_RET: Neutrofily_#,105,0.013,0.8947404412137049,0.9415746269721165
Addisov sediment: Leukocyty,Osmolalita_U (jednor,32,0.013,0.9424436943162919,0.9675917896234123
Glukóza_ S,C4_S,411,0.013,0.7907996211336243,0.8769331459350526
Imunoblot ANA: Scl-70,Imunoblot Liver Pro: LC1,164,-0.013,0.8686429407880965,0.9254040295975257
anti- transglut. IgA,IgE celkové FOOKE,80,0.013,0.9077320678842737,0.949114849780907
Urea_S,Haptoglobín_S,73,0.013,0.9116754730961556,0.9502603675423987
Krvný obr._DIFF_RET: Stred. far.konc._HGB,Krvný obr._DIFF_RET: Retikulocyty_#,299,-0.013,0.8228658318858696,0.8997705042979225
GMT_S,Solub.transf.recep_S,47,-0.013,0.9335403987926664,0.963111611766204
Kalcium-S,CA 19-9_S,31,0.013,0.9441389301573648,0.9684198779594411
Krvný obr._DIFF_RET: Hematokrit_HCT,Krvný obr._DIFF_RET: Neutrofily_#,298,0.013,0.8290584515417099,0.9019124991289609
dsDNA IgG,Imunoblot Liver Pro: SLA,41,0.013,0.9339129050834334,0.963316357747191
Chloridy-S,IgM_S,542,-0.013,0.7575217640718065,0.8551026957911325
Krvný obr._DIFF_5pop: Stred.far.konc._HGB,Krvný obr._DIFF_5pop: Monocyty_#,5475,-0.013,0.33254111117308327,0.5112859824014032
CRP_S,IgM_S,1097,-0.013,0.6788917430580436,0.804169609898356
Imunoblot ANA: U1-sn RNP,Imunoblot Liver Pro: gp210,163,-0.013,0.864820276584592,0.9224652815886355
AST_S,Močový sediment: Leukocyty,574,-0.013,0.756332081143234,0.8546740860019505
Kys. močová_S,Cholest-LDL_S,328,-0.013,0.8119531840128299,0.8920324263083423
Krvný obr._DIFF_5pop: Neutrofily_#,Diff.rozpočet_ WBC: Neutrofil.nesegmenty,127,0.013,0.8853149203508006,0.9358412128100891
Albumín_S,IGG4,85,-0.013,0.9087640292219823,0.9492564744569638
ANA,Imunoblot Liver Pro: LKM1,152,0.013,0.8740951724353749,0.9284265063413352
GF(S)- MDRD,Močový sediment: Leukocyty,498,-0.013,0.7673295732648512,0.8608237292868797
Moč chemicky _ úplne: pH,IgM_S,176,0.013,0.8678800173912444,0.9249524828865251
Krvný obr._DIFF_5pop: Eozinofily_%,Krvný obr._DIFF_5pop: Stredný objem_PLT,5412,0.013,0.32453498691960536,0.5023482922849136
TSH_S,Triacylglyceroly_S,321,-0.013,0.8215862966702531,0.8988354990091473
GMT_S,Močový sediment A: Hyalínové valce,128,0.012,0.8966785720378956,0.9428333280630173
Kalcium-S,Osmolalita_U (jednor,42,-0.012,0.9378126718973554,0.965471383011489
Fosfor_S,GF(S+U)-deti,48,0.012,0.9344634944922394,0.9634658179314175
Kreatinín_S,T4f_S,310,0.012,0.8351992215228448,0.9047279440937153
"ELFO_S: beta1,2_globulín",alfa1 AT_S,317,0.012,0.8316778055384172,0.9030335153966099
ASLO_S,Močový sediment A: Erytrocyty,45,0.012,0.9393791614182583,0.9664576214559021
CRP_S,Močový sediment A: Hyalínové valce,145,0.012,0.8858937216061151,0.9362316485565461
"ELFO_S: beta1,2_globulín",Močový sediment A: Hlienové vlákna,39,0.012,0.9424615133306589,0.9675917896234123
Fibrinogén,Diff.rozpočet_ WBC: Neutrofilné segmenty,49,0.012,0.9320825603855156,0.9627723173722156
ELFO_S: alfa1_globulín,Močový sediment: Erytrocyty,89,-0.012,0.9102903907868023,0.9499283153246628
Nátrium-S,Močový sediment A: Hlienové vlákna,127,0.012,0.8954320393181996,0.9421463639927993
Nátrium-S,Kreatinín_U (zbier.),86,0.012,0.9137399577793766,0.951359830857569
Nátrium-S,ABR_kapilára: BE_B,50,-0.012,0.9351062857492713,0.9634658179314175
IgM_S,Močový sediment A: Kryštály,38,0.012,0.9419388144124564,0.9675917896234123
Glukóza_ S,ELFO_S: gama_globulín,671,-0.012,0.75502704400468,0.853958841118343
CK-celková_S,Lipáza_S,113,0.012,0.8978562164918683,0.9436030675554739
Krvný obraz_RET: Retikulocyty_%,Krvný obraz_RET: Stredný objem_PLT,30,-0.012,0.9486213827944777,0.9710800575207948
Krvný obr._DIFF_RET: Leukocyty_WBC,Krvný obr._DIFF_RET: Hematokrit_HCT,299,0.012,0.8347570506752551,0.9047279440937153
Krvný obr._DIFF_5pop: Stredný objem_RBC,Krvný obr._DIFF_5pop: Eozinofily_%,5475,-0.012,0.3704383153120604,0.5507223872214803
Imunoblot ANA: SS-B/La,Imunoblot Liver Pro: LC1,160,0.012,0.882996999721399,0.9341030332208263
Krvný obr._DIFF_5pop: Leukocyty_WBC,Diff.rozpočet_ WBC: Neutrofil.nesegmenty,131,0.012,0.8890006049861277,0.9382803167194063
T4f_S,anti TPO_S,304,0.012,0.8286318888834002,0.9019124991289609
ALP_S,Tub. resorbcia,38,-0.011,0.9480087856723834,0.9710800575207948
Krvný obr._DIFF_RET: Stred. far.konc._HGB,Krvný obr._DIFF_RET: Retikulocyty_%,299,-0.011,0.8490662447878187,0.9133284546456167
T Ly_CD3+,CCP,59,-0.011,0.933549709626363,0.963111611766204
Kreatinín_S,ELFO_S: Albumín,1224,-0.011,0.6897856566200884,0.8092720732239006
Nátrium-S,Fosfor_U (zbieraný),51,-0.011,0.936417756773875,0.9643478697980916
Cholest-celk._S,Močový sediment A: Kvasinky,56,0.011,0.9349339200083588,0.9634658179314175
Krvný obraz_RET: Nezrelé formy RET,Krvný obraz_RET: Stred. far.konc._HGB,34,-0.011,0.9493594074850648,0.971220662762096
Krvný obr._DIFF_RET: Stredná konc._HGB,Krvný obr._DIFF_RET: Retikulocyty_#,299,0.011,0.8559804739787387,0.9161854259383817
Krvný obr._DIFF_5pop: Eozinofily_#,Quickov test: PT_INR,1562,-0.011,0.6664991464472152,0.7986173288153825
Horčík-S,Moč chemický A: pH,61,0.011,0.9350472459403338,0.9634658179314175
Quickov test: PT_%,Krvný obr._DIFF_RET: Neutrofily_#,105,-0.011,0.9142565824038342,0.9517076958891625
Močový sediment A: Spermie,Močový sediment A: Erytrocyty,475,0.011,0.8069089253218815,0.8889133833638732
Krvný obr._DIFF_5pop: Leukocyty_WBC,Krvný obr._DIFF_5pop: Eozinofily_#,5475,0.011,0.4300446306865403,0.6110163145393563
Krvný obr._DIFF_5pop: Stredný objem_RBC,Krvný obr._DIFF_5pop: Monocyty_#,5475,0.011,0.4221041705620311,0.6031591265231334
Krvný obr._DIFF_5pop: Trombocyty_PLT,Krvný obr._DIFF_5pop: Lymfocyty_%,5477,-0.011,0.4310743229130143,0.6115113938667133
Krvný obr._DIFF_5pop: Stred.far.konc._HGB,Krvný obr._DIFF_5pop: Eozinofily_%,5475,0.011,0.40557782675427523,0.5879998990706479
Imunoblot ANA: SmD1,DNP / Nucleo-h /,97,0.011,0.9113554046914636,0.9502603675423987
ELFO_S: alfa2_globulín,ASLO_S,943,-0.011,0.7401147836555697,0.8437016365626834
CK-MB_S,Amoniak_P,37,-0.011,0.9477969670767763,0.9710295326300209
Chloridy-S,ABR_artéria: O2_B sat,167,0.011,0.8849844767115236,0.9356475920366631
Imunoblot ANA: Jo-1,Imunoblot Liver Pro: gp210,163,-0.011,0.8866081895376414,0.9367406998391211
Fibrinogén,Krvný obr._DIFF_RET: Hematokrit_HCT,105,-0.011,0.9083619425087823,0.949148588940509
B Ly_ CD19+,Cyt.TLy_CD8+_a.p,353,-0.011,0.8296111271480998,0.9021110586880238
IgG_S,CIK_S,188,-0.011,0.8805487658783211,0.9325042288692653
Quickov test: PT_INR,Diff.rozpočet_ WBC: Neutrofilné segmenty,49,-0.011,0.9391193279355767,0.966346791443913
Cholest-celk._S,Ceruloplazmín,112,0.011,0.9107849969324385,0.9502603675423987
Kys. močová_S,Cholest-celk._S,607,-0.011,0.792122832773439,0.8781123319319857
Krvný obraz_RET: Šírka dist.kriv._RBC,Krvný obraz_RET: Stredný objem_PLT,30,0.01,0.9588460961982728,0.9769926622530276
IgG_S,Feritin_S,354,0.01,0.8580748040322628,0.9175622366507517
Krvný obraz_RET: Stredný objem_RBC,Krvný obraz_RET: Retikulocyty_#,34,0.01,0.9541724530907414,0.9738212286992207
Kreatinín_S,ABR_kapilára: pH_B,33,-0.01,0.9543540012405711,0.9738212286992207
Krvný obr._DIFF_5pop: Stred.far.konc._HGB,Krvný obr._DIFF_5pop: Eozinofily_#,5475,-0.01,0.4730671298197181,0.6471566485238306
Krvný obr._DIFF_5pop: Leukocyty_WBC,Antitrombín III,81,-0.01,0.9277584351224996,0.9596519122176805
Krvný obr._DIFF_5pop: Bazofily_%,Antitrombín III,81,0.01,0.9265223577608005,0.9591325629549236
Kálium-S,Močový sediment A: Kryštály,123,-0.01,0.9112445145733834,0.9502603675423987
Krvný obr._DIFF_RET: Erytrocyty_RBC,Krvný obr._DIFF_RET: Bazofily_%,299,0.01,0.8694924884249875,0.9257391954020355
Feritin_S,IGG4,53,0.01,0.9424392143863848,0.9675917896234123
Kálium-S,Lipáza_S,365,0.01,0.8546683088607149,0.9158100744425774
Krvný obr._DIFF_RET: Eozinofily_%,Krvný obr._DIFF_RET: Šírka dist.kriv._RBC,296,0.01,0.8610633588538511,0.91969326139854
Bili-celkový_S,Triacylglyceroly_S,739,0.01,0.7863386641334278,0.8736637868554857
ALP_S,Cholinesteráza_S,113,-0.01,0.9174420160380004,0.953773380443367
Nátrium-S,ABR_artéria: O2_B sat,167,-0.01,0.9026613474414809,0.9456806629775276
ELFO_S: gama_globulín,Beta2 mikroglob. _S,137,0.01,0.9034903167081687,0.9459251783202036
ALT_S,Haptoglobín_S,70,0.01,0.9347630434874707,0.9634658179314175
ANA,Imunoblot Liver Pro: LC1,152,-0.01,0.9047637973695364,0.9469463599157601
Kálium-S,GF(S)-Schwarz,49,0.01,0.9438358444760897,0.9683767958586237
Imunoblot ANA: Ku,AMAM2,144,-0.01,0.9080682935317056,0.9491321838391855
Kalcium-S,CIK_S,44,0.01,0.950659450514856,0.9718956145655228
Cholest-HDL_S,Močový sediment A: Hyalínové valce,49,-0.01,0.944500025304772,0.9684882881972443
Krvný obr._DIFF_RET: Monocyty_%,Krvný obr._DIFF_RET: Šírka dist.kriv._RBC,296,0.01,0.8618617584608301,0.919872234382772
Glukóza_ S,Žlčové kyseliny,319,-0.009,0.8706308753752754,0.9260547156684148
Glukóza_ S,Krvný obraz: Hemoglobín_HGB,41,0.009,0.9577253225703666,0.976307979594328
Kreatinín_S,Moč chemický A: Špec. hmotnosť,156,0.009,0.9079893192991503,0.9491321838391855
Kreatinín_S,Cholest-celk._S,950,-0.009,0.7721859796851245,0.864369531249948
Kreatinín_S,CK-celková_S,2061,-0.009,0.695681661020344,0.8138049271290742
Imunoblot ANA: SmD1,Imunoblot Liver Pro: AMA-M2,163,0.009,0.9115735078083917,0.9502603675423987
Imunoblot ANA: SmD1,c-ANCA,274,0.009,0.8795405192690504,0.9319080918806334
Nátrium-S,Moč chemický A: Špec. hmotnosť,128,-0.009,0.9193740226415835,0.9551566910616484
"ELFO_S: beta1,2_globulín",anti TG II,31,0.009,0.9631904818691381,0.9787620825151191
CRP_S,Amoniak_P,93,0.009,0.9322330837368806,0.9627723173722156
ALP_S,ELFO_S: alfa1_globulín,1163,0.009,0.7504072183265509,0.8514622357614893
Imunoblot ANA: Ku,dsDNA IgG,218,-0.009,0.8995212201064936,0.9445716217085214
CRP_S,Amoniak_B,530,-0.009,0.8338422562605811,0.9043017845721187
Kalcium-S,Moč chemický A: UBG,86,-0.009,0.9324793844798995,0.9627723173722156
Feritin_S,Horčík-S,154,-0.009,0.9100261171112447,0.9499283153246628
C3_S,Močový sediment A: Kryštály,34,0.009,0.9603592224481552,0.9780554856524097
Glukóza_ S,anti TG_S,38,0.009,0.9574953342450992,0.9762426349637483
CK-celková_S,Vitamín B12,48,0.009,0.9509482182410142,0.9719070190613196
Krvný obr._DIFF_5pop: Hematokrit_HCT,Diff.rozpočet_ WBC: Monocyty,206,0.009,0.8930398418663972,0.9405640111699637
Krvný obr._DIFF_RET: Eozinofily_%,Krvný obr._DIFF_RET: Nezrelé formy RET,297,0.009,0.8715320072230054,0.9265914222522058
Urea_S,NVK_S,126,0.009,0.9165058254522624,0.9532680925177184
Močový sediment A: Hyalínové valce,Močový sediment A: Erytrocyty,474,-0.009,0.8530215388619955,0.9155678047626722
ALT_S,ABR_kapilára: HCO3_B - akt.,31,0.009,0.9596180911034145,0.9776224715811405
Imunoblot ANA: dsDNA,Imunoblot Liver Pro: Sp100,164,0.009,0.911720885946885,0.9502603675423987
APTT: APTT_sekundy,Krvný obr._DIFF_RET: Stred. far.konc._HGB,104,0.009,0.9298149267110479,0.9612879136526098
Horčík-S,GF-rozdiel,32,-0.009,0.9618293515940548,0.978207304683679
Reumat. faktor_S,Močový sediment A: Zhluky leukocytov,43,0.009,0.9536954750196456,0.9737748879459672
Bielkovina_ ascites,Glukóza_pleur.punkt.,48,-0.009,0.9513777453776057,0.9720332609173253
Imunoblot ANA: Nucleosomes,p-ANCA,274,-0.008,0.8987666051590164,0.9444036127315963
Krvný obr._DIFF_RET: Bazofily_%,Krvný obr._DIFF_RET: Šírka dist.kriv._RBC,297,-0.008,0.8882741243206357,0.9380185716231946
Kreatinín_S,anti TG II,48,-0.008,0.9585776067564367,0.9768757676810462
Kreatinín_S,Moč chemicky _ úplne: Ketolátky,766,-0.008,0.8285508327274748,0.9019124991289609
IgM_S,Feritin_S,353,-0.008,0.8790830781983866,0.9317342001658909
Kreatinín_S,Kreatinín_U (zbier.),123,0.008,0.9292301274810071,0.9608396809711651
CYFRA  21-1_S,CA 15-3_S,42,0.008,0.9622179805458135,0.9783884171586993
Krvný obr._DIFF_5pop: Bazofilily_#,D_dimer INOV,208,-0.008,0.9067213839344563,0.9485264205723039
Imunoblot ANA: Mi-2,Imunoblot ANA: Jo-1,419,0.008,0.8706634372245304,0.9260547156684148
Amyláza_S,Močový sediment: Leukocyty,146,-0.008,0.9268313640417105,0.9592961315993787
Železo_S,TSH_S,249,-0.008,0.8945848590976503,0.9415668671052637
Krvný obr._DIFF_5pop: Šírka dist.kriv._RBC,Krvný obr._DIFF_5pop: Stredný objem_PLT,5414,-0.008,0.5773084955153521,0.7327953790227837
ELFO_S: alfa1_globulín,ELFO_S: gama_globulín,1604,0.008,0.7574001951969506,0.8551026957911325
Kálium_U (zbieraný),FE_Fosforu,50,-0.008,0.9560459735421697,0.9749213595366619
AST_S,Krvný obr._DIFF_5pop: Lymfocyty_#,38,-0.008,0.9625377060723346,0.9785568965718581
GF(S)- MDRD,CEA _S,60,0.008,0.9493007850787467,0.971220662762096
Saturácia Trf,AFP_S,38,-0.008,0.9609928816023026,0.978207304683679
CRP_S,Močový sediment A: Kryštály,143,-0.008,0.9288544077638949,0.960607529305555
Imunoblot Liver Pro: SLA,Imunoblot Liver Pro: LKM1,188,-0.008,0.911518334256316,0.9502603675423987
Moč chemicky _ úplne: Bielkoviny,Cholest-LDL_S,113,0.008,0.9363904412967299,0.9643478697980916
Krvný obr._DIFF_RET: Stred. far.konc._HGB,Krvný obr._DIFF_RET: Neutrofily_%,298,-0.008,0.8907683565182254,0.9393897168669957
Krvný obraz: Leukocyty_WBC,Krvný obraz: Stred. far.konc._HGB,3776,-0.008,0.6027002201794343,0.7546224869530835
Krvný obraz: Stredná konc._ HGB,Krvný obraz: Hematokrit_HCT,3776,0.008,0.6094422126881394,0.7596206351202177
Moč chemicky _ úplne: Ketolátky,HbA1c %,37,-0.008,0.9617443396606379,0.978207304683679
Moč chemicky _ úplne: pH,Cholest-celk._S,294,-0.008,0.8884238674902334,0.9380185716231946
APTT: APTT_ratio,Krvný obr._DIFF_RET: Lymfocyty_%,103,0.008,0.9356160819125726,0.9638347605627653
Nátrium-S,Laktát_P,68,-0.008,0.9485653440840001,0.9710800575207948
Prokalcitonín_S,Fosfor_S,157,-0.008,0.9205844790117279,0.956197974140413
Moč chemicky _ úplne: Ketolátky,HbA1c,37,-0.008,0.961753429571516,0.978207304683679
ELFO_S: gama_globulín,Kys. močová_S,319,0.008,0.8915908696808834,0.939678011213002
Krvný obr._DIFF_RET: Eozinofily_%,Krvný obr._DIFF_RET: Stredný objem_PLT,274,0.008,0.900497228027479,0.9446614505609253
GF(S)- MDRD,Kalcium-S,1906,0.007,0.7499173122283708,0.8512104135406181
Urea_S,"ELFO_S: beta1,2_globulín",1222,0.007,0.8198581352589204,0.8974084654203861
Krvný obraz_RET: Stredná konc._HGB,Krvný obraz_RET: Retikulocyty_#,34,-0.007,0.9685227858652581,0.9813171235079762
Kalcium-S,Kalcium_U (zbieraný),51,-0.007,0.960116292892219,0.9779731936418578
ALP_S,Saturácia Trf,355,0.007,0.891754876373869,0.939678011213002
Krvný obraz: Stred. far.konc._HGB,Quickov test: PT_INR,1493,-0.007,0.7803534590170226,0.8707295921381919
Amyláza_S,Moč chemicky _ úplne: pH,182,-0.007,0.9251681360302392,0.9585982327157917
Močový sediment: Leukocyty,Prokalcitonín_S,39,0.007,0.9668427253032049,0.9807363617836917
Glukóza_ S,anti TPO_S,70,0.007,0.9524026357190571,0.9727675152288054
Nátrium-S,Kys. močová_S,778,-0.007,0.838492493429827,0.9073226793190643
Bili-priamy_S,Moč chemicky _ úplne: pH,479,0.007,0.875760428023695,0.9294530570054351
Kálium-S,ASLO_S,530,0.007,0.8767266671639892,0.9303231195077374
Imunoblot ANA: SS-A/Ro60kD,Imunoblot ANA: Rib-PO,419,-0.007,0.8939305838504343,0.9410637260491617
Moč chemický A: Špec. hmotnosť,Močový sediment A: Zhluky leukocytov,474,-0.007,0.8752729451606933,0.9290908973443416
LD_S,alfa1 AT_S,72,-0.007,0.9528556563918222,0.9730737799481187
T4f_S,Troponín T hs,35,-0.007,0.9680747202465818,0.9812141975603363
Krvný obr._DIFF_RET: Bazofily_%,Krvný obr._DIFF_RET: Monocyty_#,298,0.007,0.899764402143947,0.9446614505609253
Chloridy-S,Amoniak_B,603,0.007,0.8592738990468897,0.9180906627387976
ALP_S,Etanol v sére,139,-0.007,0.9340514345541786,0.963316357747191
Quickov test: PT_%,Krvný obr._DIFF_RET: Retikulocyty_%,106,-0.007,0.9438255880469748,0.9683767958586237
Quickov test: PT_INR,Krvný obr._DIFF_RET: Retikulocyty_%,106,-0.007,0.9429785646266976,0.9679662014983696
Imunoblot ANA: AMA-M2,LKM1,133,-0.007,0.9320656784456206,0.9627723173722156
Imunoblot ANA: CENP-B,Imunoblot ANA: Mi-2,419,-0.007,0.8917237608724099,0.939678011213002
ELFO_S: alfa2_globulín,anti TG_S,46,-0.007,0.9617253249428386,0.978207304683679
Imunoblot ANA: U1-sn RNP,dsDNA IgG,218,-0.007,0.9215156732796277,0.9569122380427386
p-ANCA,anti- transglut. IgA,72,0.007,0.951194765415353,0.97200262903068
GMT_S,TSH_S,614,0.007,0.8570386643525927,0.91678171992457
Krvný obr._DIFF_5pop: Erytrocyty_RBC,Krvný obr._DIFF_5pop: Stredný objem_PLT,5414,-0.007,0.597200567516509,0.7501640823971141
Krvný obr._DIFF_RET: Retikulocyty_#,Krvný obr._DIFF_RET: Eozinofily_%,298,0.007,0.9004989366593678,0.9446614505609253
Bili-priamy_S,IGG4,78,-0.007,0.94824643316839,0.9710800575207948
Lymfocyty,Pomoc.TLy_CD4+,355,-0.007,0.9015259134008011,0.9450311811992321
Moč chemicky _ úplne: pH,"ELFO_S: beta1,2_globulín",185,-0.007,0.9253332364069469,0.9585982327157917
IgA_S,anti TPO_S,89,-0.006,0.954222642573779,0.9738212286992207
Kys. močová_S,Transferín_S,83,0.006,0.9605049858311638,0.9780554856524097
Krvný obraz_RET: Trombocyty_PLT,Krvný obraz_RET: Retikulocyty_#,34,-0.006,0.9733129815525559,0.9839438111629724
CRP_S,Krvný obr._DIFF_5pop: Bazofily_%,55,-0.006,0.9632017220029159,0.9787620825151191
Močový sediment A: Spermie,Moč chemický A: Špec. hmotnosť,476,-0.006,0.9032553184552231,0.945835015352898
Urea_S,Lipáza_S,373,0.006,0.9055252760627495,0.9475872309053941
Krvný obr._DIFF_5pop: Eozinofily_%,Trombínový čas,131,-0.006,0.942347905840586,0.9675917896234123
Addisov sediment: Leukocyty,Kalcium_U (zbieraný),37,0.006,0.9719041366772216,0.9832017484570683
Urea_S,Močový sediment A: Kvasinky,154,0.006,0.9415527364372134,0.9675917896234123
Chloridy-S,GF(S)-Shull,48,0.006,0.9655352154133967,0.9798794286775255
GF(S)- MDRD,Krvný obr._DIFF_5pop: Lymfocyty_%,41,0.006,0.968086036566691,0.9812141975603363
Moč chemicky _ úplne: Ketolátky,Amyláza_U (jednoráz),50,0.006,0.9684503120496815,0.9813171235079762
Imunoblot ANA: Jo-1,c-ANCA,274,0.006,0.9150807536574631,0.9523106844558727
Močový sediment A: Hlienové vlákna,Močový sediment A: Leukocyty,471,0.006,0.9018801902984352,0.9450311811992321
Krvný obr._DIFF_5pop: Bazofilily_#,Krvný obr._DIFF_5pop: Neutrofily_#,5473,-0.006,0.680256151574568,0.8047797636784415
Krvný obr._DIFF_5pop: Bazofily_%,Krvný obr._DIFF_5pop: Stredný objem_PLT,5413,0.006,0.6845706874675679,0.8058831124981626
Glukóza_ S,Vitamin D total,140,0.006,0.9420914836453846,0.9675917896234123
CRP_S,Močový sediment: Leukocyty,541,0.006,0.8815261957103279,0.9332337812610754
Krvný obr._DIFF_RET: Erytrocyty_RBC,Krvný obr._DIFF_RET: Monocyty_#,298,0.006,0.9188233532996997,0.9548969022596093
Cholest-HDL_S,Močový sediment A: Erytrocyty,49,-0.006,0.9667508165037171,0.9807363617836917
Moč chemicky _ úplne: Ketolátky,Reumat. faktor_S,216,0.006,0.932766191315282,0.9627723173722156
CRP_S,Močový sediment A: Spermie,146,-0.006,0.9419749699172346,0.9675917896234123
AST_S,Amyláza_S,2279,0.006,0.7610148348353378,0.857069180235579
Glukóza_ S,Quickov test: PT_%,34,0.006,0.9746810978424343,0.9845999387172817
Imunoblot ANA: SS-A/Ro60kD,DNP / Nucleo-h /,97,0.006,0.950784077526322,0.9718956145655228
Lymfocyty,B Ly_ CD19+,354,-0.006,0.9171784804756085,0.9537678585624969
Proteinúria kvant._U,GF(S)-Schwarz,49,-0.006,0.9698632512583296,0.9820754279955639
Horčík-S,Laktát_P,38,-0.006,0.9734012976781746,0.9839438111629724
Krvný obr._DIFF_RET: Hematokrit_HCT,Krvný obr._DIFF_RET: Stredný objem_PLT,274,-0.006,0.9263062251036449,0.9590650991009544
Nátrium-S,Železo_S,723,0.006,0.8686179380439466,0.9254040295975257
Kálium-S,FE_Fosforu,50,-0.005,0.9722183183627755,0.9833629957902742
ALT_S,NT-proBNP,183,0.005,0.9455002181217024,0.9693017404755809
ASLO_S,CK-MB_S,54,-0.005,0.9694228292537199,0.9818150163975982
GF(S)- MDRD,Močový sediment A: Baktérie,126,0.005,0.9559557432367563,0.9749213595366619
ALT_S,Moč chemicky _ úplne: pH,731,-0.005,0.901678908069486,0.9450311811992321
Krvný obr._DIFF_RET: Retikulocyty_%,Krvný obr._DIFF_RET: Eozinofily_%,298,0.005,0.9260549885604422,0.9590650991009544
ELFO_S: gama_globulín,Feritin_S,368,-0.005,0.930287845536946,0.961620351886791
Kys. močová_S,CVK_S,36,-0.005,0.9785964362772233,0.987507315336348
AST_S,Moč chemicky _ úplne: pH,729,-0.005,0.8973467932695767,0.9433798076520967
Krvný obr._DIFF_5pop: Stredná konc._HGB,Krvný obr._DIFF_5pop: Monocyty_#,5475,-0.005,0.7027673124335494,0.8186066622461202
Moč chemicky _ úplne: Ketolátky,IgG_S,175,0.005,0.9486160200662339,0.9710800575207948
CRP_S,Solub.transf.recep_S,57,-0.005,0.9709117395835118,0.9828238179690967
Imunoblot ANA: PCNA,Imunoblot Liver Pro: LC1,164,0.005,0.9445542946120141,0.9684882881972443
Ak.TLyCD3+HLADR+_ap,Pomoc.TLy_CD4+,355,-0.005,0.9273279804535088,0.9596519122176805
Kálium-S,HBDH_S,95,0.005,0.9614176565906148,0.978207304683679
Kálium-S,Amyláza_S,2123,0.005,0.8348677614067999,0.9047279440937153
GMT_S,IGG4,86,-0.005,0.9647562989862442,0.9793374897481482
Chloridy-S,Etanol v sére,90,-0.005,0.9634301612850975,0.9788376482719054
Imunoblot ANA: Histones,Imunoblot ANA: Jo-1,419,-0.005,0.9172865757621369,0.9537678585624969
IgG_S,Cholest-LDL_S,153,-0.005,0.9503310910870646,0.9717452795229553
Nátrium-S,Kálium_U (zbieraný),53,0.005,0.9726114221622291,0.9836040058893093
Urea_S,anti TG II,48,0.005,0.9737704000618235,0.9839928982969246
Glukóza_ S,IGG4,75,-0.005,0.9648307864972885,0.9793374897481482
LD_S,Reumat. faktor_S,724,-0.005,0.9028566876510222,0.9457053924423292
C4_S,T3f_S,94,-0.005,0.9648470562464441,0.9793374897481482
Krvný obraz: Leukocyty_WBC,APTT: APTT_sekundy,1487,-0.005,0.8352320780906091,0.9047279440937153
Krvný obr._DIFF_RET: Bazofily_#,Krvný obr._DIFF_RET: Stredná konc._HGB,299,0.004,0.9405771841235204,0.9670637402066233
Bili-celkový_S,Moč chemicky _ úplne: pH,485,-0.004,0.9234833670071517,0.9581439061155461
Krvný obr._DIFF_5pop: Neutrofily_%,Diff.rozpočet_ WBC: Monocyty,202,-0.004,0.9552224069381353,0.9745508192192024
CRP_S,Krvný obr._DIFF_5pop: Leukocyty_WBC,55,0.004,0.9795460713119022,0.9879435134218947
ALP_S,GF(S)-Cockroft,37,0.004,0.9811090775797067,0.9882956103567624
Urea_S,ALP_S,6334,0.004,0.7328863482804817,0.8383195841962371
Glukóza_ S,Saturácia Trf,289,-0.004,0.946824101597745,0.9703457843927205
ALT_S,Kálium-S,5077,-0.004,0.7615726921818622,0.8572209485975473
Močový sediment A: Leukocyty,Močový sediment A: Kryštály,464,0.004,0.9251601836137515,0.9585982327157917
Imunoblot ANA: U1-sn RNP,LKM1,133,-0.004,0.9679351099872543,0.9812141975603363
GF(S)- MDRD,Saturácia Trf,303,0.004,0.9499775923664145,0.9716966099346049
Glukóza_ S,Troponín T hs,212,0.004,0.9555120652228748,0.97468981219668
Imunoblot ANA: SS-B/La,p-ANCA,274,0.004,0.9501368867333599,0.9717030974592781
Krvný obr._DIFF_5pop: Stredná konc._HGB,Krvný obr._DIFF_5pop: Eozinofily_%,5475,-0.004,0.7861083368081905,0.8736138089291243
Krvný obr._DIFF_5pop: Stredná konc._HGB,D_dimer INOV,208,-0.004,0.9487634057975088,0.9710800575207948
Močový sediment: Leukocyty,Fosfor_S,91,-0.004,0.969451534371499,0.9818150163975982
Moč chemicky _ úplne: Bielkoviny,C4_S,166,0.004,0.9542039223406926,0.9738212286992207
Chloridy-S,APTT: APTT_sekundy,44,-0.004,0.9803876173153225,0.9880490964550194
Leukocyty,Pomoc.TLy_CD4+,355,-0.004,0.9471271787216274,0.9704998332933062
AST_S,"ELFO_S: beta1,2_globulín",1237,0.004,0.8784563076198195,0.9313806612664741
Kalcium-S,Močový sediment: Erytrocyty,175,0.004,0.963098977972408,0.9787620825151191
Krvný obr._DIFF_5pop: Hemoglobín_HGB,Krvný obr._DIFF_5pop: Monocyty_%,5475,-0.004,0.7791733367192215,0.8701156983964167
Chloridy-S,Cholest-LDL_S,431,0.004,0.9402975952947787,0.9670637402066233
Glukóza_ S,LD_S,708,0.004,0.9153532596890877,0.952381142942151
IgA_S,anti TG II,32,0.004,0.9842958101316446,0.9897617247052346
Imunoblot ANA: Scl-70,Imunoblot Liver Pro: LKM1,164,-0.004,0.963866690724533,0.9789680393561884
Triacylglyceroly_S,Foláty,68,-0.004,0.9714055275457192,0.98301040402962
GF(S)- MDRD,Krvný obr._DIFF_5pop: Hematokrit_HCT,41,0.004,0.9786472622946083,0.987507315336348
Horčík-S,TSH_S,258,-0.004,0.9517514868965213,0.9722587548245055
Chloridy-S,Krvný obr._DIFF_5pop: Eozinofily_#,52,0.004,0.978346656004408,0.987507315336348
Nátrium-S,Meď_S,116,-0.004,0.9679436955090194,0.9812141975603363
IgG_S,Vitamin D total,275,-0.004,0.9461563760078047,0.9698179181635338
LD_S,Ceruloplazmín,124,-0.004,0.9618858857797801,0.978207304683679
Močový sediment A: Hyalínové valce,Močový sediment A: Baktérie,473,0.003,0.9441827048765588,0.9684198779594411
ASLO_S,Močový sediment A: Zhluky leukocytov,45,0.003,0.9843089212478628,0.9897617247052346
ASLO_S,Cholest-LDL_S,76,-0.003,0.9760898740315208,0.985709580308735
"ELFO_S: beta1,2_globulín",Moč chemický A: pH,39,-0.003,0.9866108780229519,0.9912919354862904
Krvný obr._DIFF_5pop: Stredný objem_RBC,Krvný obr._DIFF_5pop: Bazofilily_#,5477,0.003,0.804344476294746,0.8871528572743961
ELFO_S: alfa1_globulín,IGG4,62,-0.003,0.9798514889165197,0.9880490964550194
CRP_S,Krvný obr._DIFF_5pop: Bazofilily_#,55,0.003,0.9841341240484819,0.9897617247052346
ASCA IgG,DGP IgA,70,0.003,0.981873563722873,0.9888780517329443
Chloridy-S,Krvný obr._DIFF_5pop: Lymfocyty_#,52,-0.003,0.9833387263500133,0.9895243655181379
Fosfor_S,Cholest-LDL_S,153,0.003,0.974180644863284,0.9842508964402741
Močový sediment: Leukocyty,Cholest-HDL_S,168,-0.003,0.9737677863599556,0.9839928982969246
GMT_S,Horčík-S,855,-0.003,0.9399386429840462,0.9668766513726758
Kalcium-S,ABR_artéria: PCO2_B,124,0.003,0.9774761495806998,0.9867958014120747
Krvný obr._DIFF_5pop: Stred.far.konc._HGB,Krvný obr._DIFF_5pop: Lymfocyty_#,5477,0.003,0.8208559760133185,0.8981911842253897
Kalcium-S,NT-proBNP,136,-0.003,0.9752657481878819,0.9850339106896048
Kálium-S,ELFO_S: alfa1_globulín,601,-0.003,0.9383716396975059,0.9657338452937397
Moč chemicky _ úplne: Bielkoviny,Kys. močová_S,339,-0.003,0.9578667773983074,0.976307979594328
Imunoblot ANA: CENP-B,Imunoblot Liver Pro: LC1,164,0.003,0.9734120656633529,0.9839438111629724
Nátrium-S,Amoniak_B,603,-0.003,0.9437226938279355,0.9683767958586237
ALP_S,Vitamin D total,427,-0.003,0.949243459815092,0.971220662762096
GF(S)- MDRD,Cholest-celk._S,886,0.003,0.9277793239164165,0.9596519122176805
Imunoblot ANA: PCNA,Imunoblot Liver Pro: gp210,163,-0.002,0.9834498416309654,0.9895243655181379
Krvný obr._DIFF_RET: Stred. far.konc._HGB,Krvný obr._DIFF_RET: Eozinofily_%,298,-0.002,0.9662230972123151,0.9804209130474106
Fibrinogén,Krvný obr._DIFF_RET: Lymfocyty_#,104,0.002,0.9806596514128124,0.9881254187828068
Krvný obr._DIFF_RET: Bazofily_#,Krvný obr._DIFF_RET: Stredný objem_RBC,299,0.002,0.9716835687475417,0.9831351667866113
CRP_S,Krvný obraz: Stredný objem_RBC,47,0.002,0.9885940875032272,0.9923429037617321
Moč chemicky _ úplne: pH,Moč chemicky _ úplne: Ketolátky,1828,-0.002,0.9250009163494556,0.9585982327157917
Kalcium_U (zbieraný),GF(S)-Schwarz,48,-0.002,0.9881646909326927,0.9921240984597081
FSH _S,Estradiol _S,32,0.002,0.9900673192149752,0.9931402542001398
ALT_S,Bielkoviny_S,4383,-0.002,0.8816855828922955,0.9332470023516749
Imunoblot ANA: U1-sn RNP,Imunoblot ANA: PCNA,419,-0.002,0.968650980878092,0.9813171235079762
Kreatinín_S,anti TG_S,80,0.002,0.9837619694734742,0.9896816772866162
CK-celková_S,Močový sediment: Erytrocyty,120,0.002,0.9856140474368265,0.9909172406023357
Fosfor_S,Fosfor_U (zbieraný),51,0.002,0.9876758502388125,0.991891349441539
CA 19-9_S,CA 72-4_S,88,0.002,0.9861258014506119,0.9909612807047987
Imunoblot Liver Pro: SLA,LKM1,139,0.002,0.9824159269271633,0.9892674566125009
GMT_S,Močový sediment: Leukocyty,515,-0.002,0.9635944401942562,0.9788480138398001
Glukóza_ S,ABR_artéria: pH_B,163,0.002,0.9803517818416969,0.9880490964550194
Imunoblot ANA: SS-A/Ro60kD,CCP,197,0.002,0.979482274151265,0.9879435134218947
Krvný obr._DIFF_5pop: Stredný objem_RBC,Krvný obr._DIFF_5pop: Neutrofily_#,5473,0.002,0.901031117776452,0.9450311811992321
Diff.rozpočet_ WBC: Eozinofily,Diff.rozpočet_ WBC: Neutrofil.nesegmenty,128,-0.002,0.9857743935849395,0.9909216332982784
Diff.rozpočet_ WBC: Neutrofilné segmenty,Diff.rozpočet_ WBC: Neutrofil.nesegmenty,186,-0.002,0.979004115890344,0.9877105206052653
TSH_S,T4f_S,639,-0.002,0.9607495627815434,0.9781477519793502
Nátrium-S,TSH_S,561,0.002,0.9641334546211593,0.9790824547967112
Krvný obr._DIFF_5pop: Stredná konc._HGB,Diff.rozpočet_ WBC: Lymfocyty,210,0.002,0.9804283809306535,0.9880490964550194
Močový sediment: Leukocyty,Cholest-celk._S,228,0.002,0.9702210513563944,0.9822811696043304
Krvný obraz: Stredný objem_RBC,D_dimer INOV,49,-0.001,0.9951403776177203,0.9962380742208284
Reumat. faktor_S,Amoniak_B,63,-0.001,0.9942459938788293,0.9958282276232449
Krvný obr._DIFF_RET: Neutrofily_%,Krvný obr._DIFF_RET: Stredný objem_PLT,274,-0.001,0.9911937433003587,0.9940070381118877
Imunoblot ANA: Rib-PO,Imunoblot ANA: PCNA,419,-0.001,0.9773689803237487,0.9867958014120747
Urea_S,Laktát_P,68,-0.001,0.9919167911613176,0.9942643380006077
Imunoblot ANA: U1-sn RNP,Imunoblot ANA: Nucleosomes,419,0.001,0.9915036361585129,0.9940070381118877
IgG_S,Cholest-HDL_S,256,0.001,0.983105637800618,0.9895243655181379
ALT_S,IgM_S,1292,-0.001,0.971165449502482,0.982924024325198
Imunoblot ANA: Jo-1,Imunoblot Liver Pro: AMA-M2,164,-0.001,0.9940248917723983,0.9958282276232449
Kálium-S,Glukóza_ S,5173,-0.001,0.9408903955529171,0.9672292367229259
Chloridy-S,"ELFO_S: beta1,2_globulín",541,-0.001,0.986034517843086,0.9909612807047987
ELFO_S: alfa2_globulín,T4f_S,131,-0.001,0.9914040388439973,0.9940070381118877
Kálium-S,Reumat. faktor_S,539,-0.001,0.9832015800676097,0.9895243655181379
Chloridy-S,Amyláza_S,2110,-0.001,0.9670011118876396,0.980740431644664
Močový sediment: Leukocyty,Močový sediment: Valce,128,0.001,0.9901700566824627,0.9931402542001398
Imunoblot ANA: Scl-70,Imunoblot ANA: SS-A/Ro60kD,419,0.001,0.9882199425551759,0.9921240984597081
Urea_S,ELFO_S: Albumín,1224,-0.001,0.9811396843255313,0.9882956103567624
Triacylglyceroly_S,Moč chemický A: UBG,55,0.001,0.9933231659960744,0.9953599485131011
TSH_S,anti TG II,65,0.001,0.994260734741735,0.9958282276232449
Močový sediment A: Spermie,Močový sediment A: Hlienové vlákna,479,-0.001,0.9898409015839997,0.993123696740864
ALT_S,Močový sediment: Erytrocyty,363,-0.001,0.9895338807166981,0.992972475784739
Močový sediment A: Epitélie,Močový sediment A: Hyalínové valce,478,0.001,0.9802535096855811,0.9880490964550194
Kreatinín_S,Bielkoviny_S,4454,0.001,0.9383519166531082,0.9657338452937397
LD_S,Močový sediment: Leukocyty,111,0.001,0.9946251669105095,0.99603620513595
Glukóza_ S,T3f_S,158,0.001,0.9872779150412712,0.9916484734003471
ALP_S,Kálium-S,4395,-0.001,0.9226963905308557,0.9576687092047911
Osmolalita_U (jednor,GF(S+U)-deti,41,0.001,0.9948241472584112,0.9960784566639379
Glukóza_ S,Močový sediment A: Hlienové vlákna,142,0.001,0.9871589584413288,0.9916484734003471
Chloridy-S,Addisov sediment: Valce,46,-0.001,0.995426530671276,0.9963675357420223
c-ANCA,AMAM2,85,0.001,0.993165560854929,0.9953590168972021
Urea_S,C3_S,947,0.001,0.9826601271749494,0.9893565432555395
Glukóza_ S,Horčík-S,915,-0.0,0.9890012068994695,0.9925947341915212
AST_S,Krvný obraz: Erytrocyty_RBC,30,0.0,0.9981379535443833,0.998766800892655
Krvný obr._DIFF_5pop: Stredný objem_RBC,Diff.rozpočet_ WBC: Neutrofilné segmenty,209,0.0,0.9965084877815304,0.9972933873465758
Amyláza_S,Cholinesteráza_S,31,0.0,1.0,1.0
Krvný obr._DIFF_RET: Stred. far.konc._HGB,Krvný obr._DIFF_RET: Lymfocyty_%,298,0.0,0.9998087089531915,0.9999661095685809
AST_S,ABR_artéria: O2_B sat,101,-0.0,0.9997001028990695,0.9999661095685809
Chloridy-S,Chloridy_U (zbieraný,53,0.0,0.9990822501167642,0.999554257479024
