Marker,Lab_parameter,Test,Statistika,p_hodnota,n_het,n_hom,n_wt,median_het,median_hom,median_wt,p_FDR,Vyznamne_FDR,n_all_wt,n_any_het,n_any_hom,median_all_wt,median_any_het,median_any_hom
HFE_overall,Bili-celkový_S,Kruskal-Wallis,71.991,2.3299786044627417e-16,,,,,,,3.122171329980074e-14,True,1795.0,922.0,85.0,26.8,23.2,10.4
HFE_overall,Bili-priamy_S,Kruskal-Wallis,73.062,1.3636626656127326e-16,,,,,,,3.122171329980074e-14,True,1777.0,910.0,85.0,12.7,8.95,3.4
HFE_C282Y,Krvný obraz: Šírka dist.kriv._RBC,Kruskal-Wallis,60.78,6.33590781801134e-14,122.0,39.0,1778.0,14.7,13.2,15.3,1.2164943010581773e-11,True,,,,,,
HFE_overall,GMT_S,Kruskal-Wallis,57.368,3.4881479524715414e-13,,,,,,,3.116078837541244e-11,True,1958.0,1008.0,88.0,2.34,1.965,1.015
HFE_overall,ALP_S,Kruskal-Wallis,55.685,8.094503376954498e-13,,,,,,,5.423317262559514e-11,True,1869.0,976.0,87.0,1.93,1.87,1.31
HFE_C282Y,Krvný obraz: Hematokrit_HCT,Kruskal-Wallis,48.862,2.4529788347460482e-11,122.0,39.0,1787.0,0.374,0.406,0.347,2.354859681356206e-09,True,,,,,,
HFE_C282Y,Krvný obraz: Hemoglobín_HGB,Kruskal-Wallis,47.885,3.997646824702034e-11,122.0,39.0,1787.0,127.5,137.0,115.0,2.5584939678093023e-09,True,,,,,,
HFE_overall,Albumín_S,Kruskal-Wallis,47.115,5.877237907383099e-11,,,,,,,3.150199518357341e-09,True,1307.0,660.0,51.0,32.1,32.9,41.0
HFE_C282Y,Bili-priamy_S,Kruskal-Wallis,46.331,8.69876099080489e-11,181.0,39.0,2552.0,7.6,2.6,11.45,3.340324220469078e-09,True,,,,,,
HFE_C282Y,ALT_S,Kruskal-Wallis,46.423,8.306153685369261e-11,209.0,44.0,2910.0,0.79,0.36,0.86,3.340324220469078e-09,True,,,,,,
HFE_C282Y,Amyláza_S,Kruskal-Wallis,45.839,1.1120960725522213e-10,55.0,36.0,920.0,1.07,2.295,0.81,3.558707432167108e-09,True,,,,,,
HFE_overall,Krvný obr._DIFF_5pop: Šírka dist.kriv._RBC,Kruskal-Wallis,44.874,1.8014706607499283e-10,,,,,,,8.046568951349679e-09,True,787.0,461.0,49.0,14.8,14.4,13.1
HFE_overall,Krvný obraz: Šírka dist.kriv._RBC,Kruskal-Wallis,44.41,2.2728442938407398e-10,,,,,,,8.70174672499026e-09,True,1267.0,628.0,44.0,15.3,15.0,13.2
HFE_S65C,Krvný obraz: Stredný objem_PLT,Mann-Whitney U,57403.5,9.146049321679571e-11,106.0,,1731.0,10.4,,11.0,1.2713008557134603e-08,True,,,,,,
HFE_overall,Krvný obraz: Hematokrit_HCT,Kruskal-Wallis,39.485,2.6661485178882947e-09,,,,,,,8.931597534925787e-08,True,1269.0,635.0,44.0,0.347,0.353,0.405
HFE_C282Y,Bili-celkový_S,Kruskal-Wallis,38.909,3.5566661206359898e-09,183.0,39.0,2580.0,25.0,9.0,24.75,9.755427073744429e-08,True,,,,,,
HFE_overall,Krvný obraz: Trombocyty_PLT,Kruskal-Wallis,38.49,4.38596510213484e-09,,,,,,,1.3060429415245966e-07,True,1269.0,635.0,44.0,177.0,167.0,234.5
HFE_overall,Krvný obraz: Hemoglobín_HGB,Kruskal-Wallis,37.888,5.9267689782970355e-09,,,,,,,1.5883740861836055e-07,True,1269.0,635.0,44.0,114.0,117.0,136.5
HFE_C282Y,Krvný obraz: Erytrocyty_RBC,Kruskal-Wallis,36.82,1.0105684589813603e-08,122.0,39.0,1787.0,4.0,4.34,3.67,2.425364301555265e-07,True,,,,,,
HFE_C282Y,Albumín_S,Kruskal-Wallis,34.474,3.266550886905217e-08,132.0,25.0,1861.0,36.05,41.8,32.3,6.271777702858016e-07,True,,,,,,
HFE_C282Y,GMT_S,Kruskal-Wallis,34.615,3.043697053540559e-08,207.0,40.0,2807.0,1.8,0.895,2.22,6.271777702858016e-07,True,,,,,,
HFE_overall,Krvný obraz: Stredný objem_PLT,Kruskal-Wallis,34.427,3.343368795349645e-08,,,,,,,8.145662155942771e-07,True,1180.0,613.0,44.0,11.0,10.8,10.4
HFE_overall,Amyláza_S,Kruskal-Wallis,33.732,4.733689431337189e-08,,,,,,,1.0571906396653055e-06,True,647.0,314.0,50.0,0.77,0.93,1.41
HFE_C282Y,Krvný obraz: Trombocyty_PLT,Kruskal-Wallis,33.028,6.731225525682556e-08,122.0,39.0,1787.0,194.5,248.0,171.0,1.174904819028228e-06,True,,,,,,
HFE_S65C,Krvný obraz: Leukocyty_WBC,Mann-Whitney U,69746.5,2.1836402015449524e-08,111.0,,1837.0,5.9,,7.3,1.517629940073742e-06,True,,,,,,
HFE_H63D,ALP_S,Kruskal-Wallis,37.353,7.741333476287475e-09,730.0,48.0,2154.0,1.85,1.305,1.92,2.0514533712161807e-06,True,,,,,,
HFE_C282Y,AST_S,Kruskal-Wallis,30.411,2.49077343292862e-07,213.0,44.0,2927.0,0.73,0.385,0.82,3.985237492685792e-06,True,,,,,,
HFE_overall,Krvný obraz: Erytrocyty_RBC,Kruskal-Wallis,26.645,1.637637079331538e-06,,,,,,,3.3760518250834786e-05,True,1269.0,635.0,44.0,3.66,3.76,4.34
HFE_C282Y,Krvný obr._DIFF_5pop: Hematokrit_HCT,Kruskal-Wallis,25.32,3.1763067156189353e-06,105.0,14.0,1178.0,0.394,0.401,0.359,4.356077781420254e-05,True,,,,,,
HFE_C282Y,Nátrium-S,Kruskal-Wallis,25.337,3.148568988539492e-06,181.0,47.0,2649.0,139.0,141.6,139.0,4.356077781420254e-05,True,,,,,,
HFE_overall,Nátrium-S,Kruskal-Wallis,25.97,2.2948854247025735e-06,,,,,,,4.393066384430641e-05,True,1886.0,908.0,83.0,139.0,139.0,141.0
HFE_H63D,Albumín_S,Kruskal-Wallis,28.228,7.420091830594094e-07,489.0,26.0,1503.0,32.8,41.0,32.4,6.009209164828507e-05,True,,,,,,
HFE_H63D,Bili-celkový_S,Kruskal-Wallis,27.826,9.070504399741143e-07,695.0,46.0,2061.0,23.7,11.3,25.4,6.009209164828507e-05,True,,,,,,
HFE_H63D,Krvný obr._DIFF_5pop: Šírka dist.kriv._RBC,Kruskal-Wallis,28.496,6.48736130992105e-07,335.0,35.0,927.0,14.5,13.1,14.7,6.009209164828507e-05,True,,,,,,
HFE_S65C,Krvný obr._DIFF_5pop: Bazofilily_#,Mann-Whitney U,17726.0,2.5737991717904074e-06,47.0,,1250.0,0.01,,0.02,8.943952121971666e-05,True,,,,,,
HFE_S65C,Krvný obr._DIFF_5pop: Lymfocyty_#,Mann-Whitney U,17408.0,2.0642015884931603e-06,47.0,,1250.0,0.89,,1.37,8.943952121971666e-05,True,,,,,,
HFE_H63D,GMT_S,Kruskal-Wallis,25.634,2.713615922837448e-06,754.0,48.0,2252.0,2.095,1.14,2.22,0.00014382164391038473,True,,,,,,
HFE_C282Y,CRP_S,Kruskal-Wallis,21.985,1.68296716110509e-05,161.0,48.0,2260.0,8.58,66.3,15.7,0.00021541979662145154,True,,,,,,
HFE_H63D,Bili-priamy_S,Kruskal-Wallis,23.529,7.777642984653233e-06,684.0,46.0,2042.0,9.9,4.1,11.8,0.00029443934156187234,True,,,,,,
HFE_H63D,Krvný obraz: Stredná konc._ HGB,Kruskal-Wallis,23.535,7.753383742501656e-06,461.0,5.0,1482.0,31.9,34.3,31.2,0.00029443934156187234,True,,,,,,
HFE_C282Y,Krvný obr._DIFF_5pop: Hemoglobín_HGB,Kruskal-Wallis,20.963,2.804879202020081e-05,105.0,14.0,1178.0,134.0,132.5,121.0,0.00033658550424240974,True,,,,,,
HFE_C282Y,Krvný obraz: Stredný objem_PLT,Kruskal-Wallis,20.777,3.07802513761736e-05,116.0,39.0,1682.0,10.9,10.4,11.0,0.00034763578024854893,True,,,,,,
HFE_C282Y,Krvný obr._DIFF_5pop: Šírka dist.kriv._RBC,Kruskal-Wallis,20.426,3.669872258075372e-05,105.0,14.0,1178.0,14.0,13.15,14.6,0.00038166497030148053,True,,,,,,
HFE_C282Y,GF(S)- MDRD,Kruskal-Wallis,20.368,3.7768929352750675e-05,215.0,49.0,2831.0,1.31,1.47,1.37,0.00038166497030148053,True,,,,,,
HFE_overall,Krvný obraz: Leukocyty_WBC,Kruskal-Wallis,20.052,4.424006561311336e-05,,,,,,,0.0007904225056209588,True,1269.0,635.0,44.0,7.3,6.9,8.65
HFE_C282Y,Železo_S,Kruskal-Wallis,18.693,8.724924319609152e-05,55.0,8.0,603.0,21.2,38.9,17.3,0.0008375927346824785,True,,,,,,
HFE_overall,Prokalcitonín_S,Kruskal-Wallis,19.598,5.552084157536263e-05,,,,,,,0.0009299740963873241,True,292.0,152.0,13.0,0.333,0.243,0.041
HFE_H63D,Kálium-S,Kruskal-Wallis,20.799,3.044930187500393e-05,661.0,36.0,2179.0,4.1,4.38,4.0,0.001008633124609505,True,,,,,,
HFE_S65C,Urea_S,Mann-Whitney U,176784.0,4.518093465882664e-05,150.0,,2936.0,4.2,,5.0,0.0012560299835153806,True,,,,,,
HFE_overall,AST_S,Kruskal-Wallis,18.832,8.143115629443039e-05,,,,,,,0.0012837382286416084,True,2048.0,1042.0,94.0,0.83,0.785,0.545
HFE_C282Y,Krvný obraz: Leukocyty_WBC,Kruskal-Wallis,17.723,0.00014174186667515625,122.0,39.0,1787.0,6.65,8.9,7.2,0.001295925638172857,True,,,,,,
HFE_C282Y,ALP_S,Kruskal-Wallis,17.541,0.0001552291736784666,201.0,39.0,2692.0,1.88,1.34,1.9,0.001354727333921163,True,,,,,,
HFE_H63D,Urea_S,Kruskal-Wallis,19.751,5.1419057455627404e-05,718.0,36.0,2332.0,5.4,5.55,4.8,0.0015140055806379179,True,,,,,,
HFE_overall,Železo_S,Kruskal-Wallis,18.143,0.0001148892385801768,,,,,,,0.001710573107749299,True,415.0,229.0,22.0,17.0,18.5,28.3
HFE_S65C,Krvný obr._DIFF_RET: Eozinofily_#,Mann-Whitney U,913.0,0.00011928351903764297,7.0,,140.0,0.58,,0.09,0.001962406329501932,True,,,,,,
HFE_S65C,Krvný obr._DIFF_RET: Eozinofily_%,Mann-Whitney U,911.5,0.00012706228032746323,7.0,,140.0,10.5,,1.75,0.001962406329501932,True,,,,,,
HFE_S65C,Chloridy-S,Mann-Whitney U,210403.0,0.00012670546822824186,138.0,,2556.0,104.0,,103.0,0.001962406329501932,True,,,,,,
HFE_S65C,Krvný obraz: Stredný objem_RBC,Mann-Whitney U,79815.5,0.00011966336188239961,111.0,,1837.0,90.0,,94.4,0.001962406329501932,True,,,,,,
HFE_C282Y,Krvný obr._DIFF_5pop: Erytrocyty_RBC,Kruskal-Wallis,16.695,0.00023694005239749971,105.0,14.0,1178.0,4.23,4.28,3.9,0.0019779343504486933,True,,,,,,
HFE_overall,Kalcium ionizované_S,Mann-Whitney U,694.0,0.00015942503776265087,,,,,,,0.0022487321115994964,True,108.0,25.0,,1.05,1.14,
HFE_H63D,Krvný obraz: Stred. far.konc._HGB,Kruskal-Wallis,18.259,0.00010842564459701051,461.0,5.0,1482.0,335.0,338.0,332.0,0.0028732795818207785,True,,,,,,
HFE_C282Y,Feritin_S,Kruskal-Wallis,15.472,0.00043689079614932805,53.0,8.0,593.0,215.1,1232.84,233.97,0.00343323154229879,True,,,,,,
HFE_C282Y,Prokalcitonín_S,Kruskal-Wallis,15.426,0.000447035357070155,27.0,5.0,425.0,0.174,0.02,0.299,0.00343323154229879,True,,,,,,
HFE_H63D,Moč chemický A: pH,Mann-Whitney U,802.0,0.00015119044502741463,23.0,,45.0,6.5,,5.5,0.0036423152665695344,True,,,,,,
HFE_H63D,Lipáza_S,Kruskal-Wallis,17.351,0.00017072505263671846,58.0,7.0,168.0,1.84,0.41,3.025,0.003770178245727533,True,,,,,,
HFE_S65C,Prokalcitonín_S,Mann-Whitney U,1960.0,0.0002894228123787763,18.0,,439.0,0.088,,0.309,0.00402297709206499,True,,,,,,
HFE_S65C,Nátrium-S,Mann-Whitney U,232918.0,0.0003356683199924565,145.0,,2732.0,140.0,,139.0,0.00424162695263195,True,,,,,,
HFE_C282Y,Krvný obr._DIFF_5pop: Trombocyty_PLT,Kruskal-Wallis,14.066,0.000882186274942057,105.0,14.0,1178.0,189.0,261.0,219.0,0.006514606338033652,True,,,,,,
HFE_C282Y,Kreatinín_S,Kruskal-Wallis,13.88,0.0009681446429823387,217.0,50.0,2837.0,83.0,74.25,76.9,0.006884584127874409,True,,,,,,
HFE_C282Y,Glukóza_ S,Kruskal-Wallis,13.633,0.0010955663507942876,197.0,49.0,2402.0,5.6,4.89,5.49,0.007512454976875115,True,,,,,,
HFE_overall,Interleukín -6,Kruskal-Wallis,14.754,0.0006256220669714299,,,,,,,0.008383335697417161,True,78.0,29.0,6.0,29.55,26.2,1.75
HFE_S65C,Krvný obr._DIFF_5pop: Bazofily_%,Mann-Whitney U,20928.0,0.0007300778474888217,47.0,,1250.0,0.2,,0.3,0.008456735066745519,True,,,,,,
HFE_H63D,APTT: APTT_ratio,Kruskal-Wallis,15.425,0.00044715367816914854,486.0,16.0,1504.0,1.1,1.01,1.08,0.009115055747294182,True,,,,,,
HFE_S65C,Krvný obr._DIFF_5pop: Lymfocyty_%,Mann-Whitney U,21014.0,0.0009114110064938683,47.0,,1250.0,13.5,,20.5,0.009745086915588284,True,,,,,,
HFE_overall,Kalcium-S,Kruskal-Wallis,14.164,0.0008399483126206597,,,,,,,0.010719340370587466,True,702.0,329.0,35.0,2.135,2.16,2.24
HFE_H63D,Interleukín -6,Kruskal-Wallis,14.944,0.0005689206366445976,20.0,6.0,87.0,29.1,1.75,29.5,0.010768854907915598,True,,,,,,
HFE_H63D,Kreatinín_S,Kruskal-Wallis,14.79,0.0006142299384801031,729.0,36.0,2339.0,78.3,96.3,76.8,0.010851395579815154,True,,,,,,
HFE_overall,APTT: APTT_ratio,Kruskal-Wallis,13.916,0.0009510308333506687,,,,,,,0.01108157666686866,True,1306.0,662.0,38.0,1.08,1.09,1.005
HFE_overall,Krvný obr._DIFF_5pop: Hematokrit_HCT,Kruskal-Wallis,13.953,0.0009333791036161334,,,,,,,0.01108157666686866,True,787.0,461.0,49.0,0.357,0.369,0.393
HFE_S65C,Krvný obr._DIFF_RET: Šírka dist.kriv._RBC,Mann-Whitney U,845.0,0.0012574852208338707,7.0,,140.0,18.0,,14.45,0.01182729698067035,True,,,,,,
HFE_S65C,Krvný obr._DIFF_RET: Stred. far.konc._HGB,Mann-Whitney U,137.0,0.0012970586549112717,7.0,,141.0,310.0,,334.0,0.01182729698067035,True,,,,,,
HFE_S65C,Krvný obr._DIFF_RET: Stredná konc._HGB,Mann-Whitney U,138.5,0.0013614154797893928,7.0,,141.0,24.6,,30.7,0.01182729698067035,True,,,,,,
HFE_S65C,Krvný obr._DIFF_5pop: Eozinofily_%,Mann-Whitney U,37329.0,0.0015339857479660381,47.0,,1249.0,2.9,,1.7,0.01254258935101643,True,,,,,,
HFE_H63D,Troponín T hs,Kruskal-Wallis,14.056,0.000886719592510683,41.0,12.0,129.0,14.0,62.5,6.0,0.013822393647960647,True,,,,,,
HFE_H63D,Krvný obraz: Trombocyty_PLT,Kruskal-Wallis,14.172,0.0008366967349752116,461.0,5.0,1482.0,160.0,185.0,181.0,0.013822393647960647,True,,,,,,
HFE_H63D,Kalcium-S,Kruskal-Wallis,13.79,0.0010127436959466167,233.0,20.0,813.0,2.15,2.275,2.15,0.014909837745880746,True,,,,,,
HFE_S65C,Krvný obr._DIFF_5pop: Leukocyty_WBC,Mann-Whitney U,21588.0,0.002008245720254558,47.0,,1250.0,5.9,,7.05,0.015508119728632419,True,,,,,,
HFE_S65C,Krvný obraz: Stredná konc._ HGB,Mann-Whitney U,84430.0,0.0023259578711488254,111.0,,1837.0,30.7,,31.4,0.01701621810998351,True,,,,,,
HFE_overall,Fibrinogén,Kruskal-Wallis,12.761,0.0016940834953288653,,,,,,,0.018160575069925435,True,1277.0,657.0,38.0,2.8,2.83,3.515
HFE_overall,Krvný obr._DIFF_5pop: Stredný objem_PLT,Kruskal-Wallis,12.821,0.0016441301604405382,,,,,,,0.018160575069925435,True,760.0,455.0,49.0,11.0,10.7,10.6
HFE_S65C,Kreatinín_S,Mann-Whitney U,190633.5,0.0026237281835049444,151.0,,2953.0,73.8,,77.7,0.018234910875359365,True,,,,,,
HFE_H63D,Krvný obraz: Stredný objem_RBC,Kruskal-Wallis,13.036,0.00147648315642755,461.0,5.0,1482.0,95.4,101.6,93.7,0.018881514664720756,True,,,,,,
HFE_H63D,APTT: APTT_sekundy,Kruskal-Wallis,12.972,0.0015243729147531224,486.0,16.0,1505.0,30.2,26.6,29.3,0.018881514664720756,True,,,,,,
HFE_H63D,Nátrium-S,Kruskal-Wallis,12.888,0.0015900074599044887,660.0,36.0,2181.0,139.0,139.0,139.0,0.018881514664720756,True,,,,,,
HFE_H63D,Krvný obr._DIFF_5pop: Lymfocyty_%,Kruskal-Wallis,12.828,0.0016387729709002922,335.0,35.0,927.0,19.9,27.3,20.1,0.018881514664720756,True,,,,,,
HFE_H63D,D_dimer INOV,Kruskal-Wallis,13.206,0.0013560232313402647,18.0,5.0,67.0,3755.0,190.0,910.0,0.018881514664720756,True,,,,,,
HFE_S65C,Krvný obr._DIFF_5pop: Stred.far.konc._HGB,Mann-Whitney U,21871.5,0.002910308855894987,47.0,,1250.0,328.0,,336.0,0.019263472903304917,True,,,,,,
HFE_overall,D_dimer INOV,Kruskal-Wallis,12.565,0.0018689420740746405,,,,,,,0.01926447984046168,True,55.0,29.0,6.0,1000.0,3470.0,190.0
HFE_H63D,Kalcium ionizované_S,Mann-Whitney U,1681.0,0.0018477305432818268,21.0,,112.0,1.137,,1.06,0.020402024748736838,True,,,,,,
HFE_overall,Kálium-S,Kruskal-Wallis,12.183,0.0022623704822186804,,,,,,,0.022456121823503938,True,1885.0,908.0,83.0,4.0,4.1,4.1
HFE_H63D,Bielkoviny_S,Kruskal-Wallis,12.13,0.0023233214062013466,434.0,23.0,1309.0,69.45,75.7,69.6,0.024627206905734274,True,,,,,,
HFE_overall,Bielkoviny_S,Kruskal-Wallis,11.744,0.0028165330639991367,,,,,,,0.026958245041134594,True,1136.0,586.0,44.0,69.5,69.8,73.4
HFE_S65C,Krvný obraz: Erytrocyty_RBC,Mann-Whitney U,118361.0,0.004357825976575351,111.0,,1837.0,4.06,,3.7,0.02753353685199881,True,,,,,,
HFE_H63D,Triacylglyc._ascites,Mann-Whitney U,750.0,0.0027423583556960983,22.0,,47.0,0.51,,0.36,0.02795096016382562,True,,,,,,
HFE_overall,Moč chemický A: pH,Mann-Whitney U,328.5,0.0030492746289846944,,,,,,,0.028179503467858556,True,40.0,28.0,,5.5,6.0,
HFE_C282Y,T3f_S,Mann-Whitney U,474.0,0.004450926255078737,7.0,,82.0,4.9,,3.5,0.029468201412935085,True,,,,,,
HFE_C282Y,Urea_S,Kruskal-Wallis,10.707,0.004730411387164515,216.0,51.0,2819.0,4.9,4.3,5.0,0.030274632877852894,True,,,,,,
HFE_S65C,Moč chemicky _ úplne: pH,Mann-Whitney U,14390.5,0.00537959616962009,42.0,,554.0,6.0,,6.0,0.0325114725033562,True,,,,,,
HFE_overall,Urea_S,Kruskal-Wallis,11.2,0.0036980740350920516,,,,,,,0.03303612804682233,True,1996.0,1003.0,87.0,4.9,5.1,4.7
HFE_overall,Foláty,Kruskal-Wallis,11.061,0.003963533568230793,,,,,,,0.03326967046375509,True,191.0,94.0,8.0,6.5,5.15,11.75
HFE_overall,Krvný obr._DIFF_5pop: Lymfocyty_%,Kruskal-Wallis,11.057,0.003972497965821504,,,,,,,0.03326967046375509,True,787.0,461.0,49.0,20.1,19.7,25.8
HFE_H63D,Moč chemicky _ úplne: pH,Mann-Whitney U,28499.5,0.003627514107400747,150.0,,445.0,5.0,,6.0,0.03560337920226659,True,,,,,,
HFE_overall,ALT_S,Kruskal-Wallis,10.594,0.0050076228739959925,,,,,,,0.037441405809332966,True,2035.0,1034.0,94.0,0.88,0.81,0.665
HFE_overall,Krvný obr._DIFF_5pop: Hemoglobín_HGB,Kruskal-Wallis,10.685,0.004784621913577088,,,,,,,0.037441405809332966,True,787.0,461.0,49.0,121.0,122.0,131.0
HFE_overall,IgA_S,Kruskal-Wallis,10.585,0.005029442571402936,,,,,,,0.037441405809332966,True,304.0,141.0,10.0,2.835,2.64,1.295
HFE_overall,Krvný obraz: Stred. far.konc._HGB,Kruskal-Wallis,10.723,0.0046940114902594785,,,,,,,0.037441405809332966,True,1269.0,635.0,44.0,332.0,335.0,335.0
HFE_S65C,Troponín T hs,Mann-Whitney U,724.5,0.0069439546343754936,15.0,,167.0,0.117,,9.0,0.04021707059075807,True,,,,,,
HFE_C282Y,NSE_S,Mann-Whitney U,444.0,0.006537977436783624,5.0,,103.0,28.82,,14.66,0.04049327960846632,True,,,,,,
HFE_H63D,Krvný obraz_RET: Stredný objem_PLT,Mann-Whitney U,87.0,0.004468016280406976,6.0,,16.0,12.25,,10.65,0.04228658265385175,True,,,,,,
HFE_overall,LD_S,Kruskal-Wallis,10.232,0.005998652048994745,,,,,,,0.04344969592244843,True,214.0,98.0,17.0,3.725,3.795,3.06
HFE_overall,Triacylglyc._ascites,Mann-Whitney U,350.0,0.006283857046067069,,,,,,,0.044317728640683535,True,41.0,28.0,,0.36,0.48,
HFE_overall,Glykémia_3/3,Mann-Whitney U,582.0,0.0066081046051106925,,,,,,,0.045409539337683734,True,50.0,16.0,,10.9,6.05,
HFE_H63D,Antitrombín III,Mann-Whitney U,469.5,0.005439097068921603,23.0,,67.0,54.9,,75.0,0.04970209390566293,True,,,,,,
HFE_S65C,Krvný obr._DIFF_RET: Stredný objem_RBC,Mann-Whitney U,204.0,0.009036560474050588,7.0,,141.0,78.6,,92.9,0.050243276235721265,False,,,,,,
HFE_overall,Glykémia_5/4,Mann-Whitney U,2808.0,0.00851337560523685,,,,,,,0.057039616555086894,False,107.0,41.0,,9.3,7.2,
HFE_C282Y,CEA _S,Mann-Whitney U,422.0,0.00990100412001638,9.0,,61.0,13.52,,1.905,0.05940602472009828,False,,,,,,
HFE_C282Y,Fibrinogén,Kruskal-Wallis,9.158,0.010266452898574255,133.0,22.0,1817.0,2.78,3.815,2.81,0.05973208959170476,False,,,,,,
HFE_C282Y,Quickov test: PT_%,Kruskal-Wallis,9.093,0.01060670582554582,138.0,23.0,1901.0,76.3,72.3,72.7,0.05989669172072934,False,,,,,,
HFE_C282Y,Quickov test: PT_INR,Kruskal-Wallis,9.014,0.011030365818906575,138.0,23.0,1901.0,1.13,1.18,1.18,0.06050943534943035,False,,,,,,
HFE_C282Y,Kalcium-S,Kruskal-Wallis,8.733,0.012695202235468486,62.0,15.0,989.0,2.22,2.17,2.15,0.06770774525583192,False,,,,,,
HFE_overall,Krvný obraz: Stredná konc._ HGB,Kruskal-Wallis,9.132,0.010397287763317603,,,,,,,0.06796275903827116,False,1269.0,635.0,44.0,31.2,31.7,31.55
HFE_C282Y,APTT: APTT_ratio,Kruskal-Wallis,8.638,0.013315260686753934,131.0,22.0,1853.0,1.06,0.995,1.08,0.06909540680693933,False,,,,,,
HFE_S65C,Krvný obr._DIFF_RET: Hemoglobín_HGB,Mann-Whitney U,218.0,0.012968377835571327,7.0,,141.0,104.0,,119.0,0.06933094304401594,False,,,,,,
HFE_S65C,Triacylglyceroly_S,Mann-Whitney U,1833.0,0.014528365316054372,14.0,,425.0,1.0,,1.63,0.0747941769974651,False,,,,,,
HFE_C282Y,ANA  HEp-2,Mann-Whitney U,47.0,0.015009120540529407,5.0,,56.0,1.41,,6.33,0.07583555641530648,False,,,,,,
HFE_overall,Krvný obr._DIFF_5pop: Stredný objem_RBC,Kruskal-Wallis,8.8,0.012276752455013286,,,,,,,0.07833737280818001,False,787.0,461.0,49.0,91.9,93.0,94.9
HFE_S65C,APTT: APTT_ratio,Mann-Whitney U,103870.0,0.01744509353933949,95.0,,1911.0,1.11,,1.08,0.08660242864172105,False,,,,,,
HFE_S65C,GF(S)- MDRD,Mann-Whitney U,247258.0,0.019644258399829945,151.0,,2944.0,1.45,,1.36,0.0910183972525454,False,,,,,,
HFE_S65C,CK-MB_S,Mann-Whitney U,6232.0,0.019039472672778328,26.0,,376.0,0.585,,0.37,0.0910183972525454,False,,,,,,
HFE_H63D,Krvný obr._DIFF_RET: Stredný objem_PLT,Mann-Whitney U,1557.5,0.010388406540628805,22.0,,105.0,11.55,,10.8,0.09176425777555444,False,,,,,,
HFE_H63D,Krvný obr._DIFF_5pop: Lymfocyty_#,Kruskal-Wallis,9.011,0.011049390097330417,335.0,35.0,927.0,1.27,1.55,1.38,0.09400104908589729,False,,,,,,
HFE_H63D,Imunoblot ANA: Jo-1,Mann-Whitney U,3175.0,0.011351070078297032,42.0,,140.0,0.0,,0.0,0.09400104908589729,False,,,,,,
HFE_overall,Krvný obraz_RET: Stredný objem_PLT,Mann-Whitney U,20.0,0.01522116149088316,,,,,,,0.09486677394317876,False,14.0,8.0,,10.65,12.0,
HFE_S65C,Cholest-celk._S,Mann-Whitney U,2239.0,0.021199370487951487,15.0,,459.0,3.23,,4.74,0.09505524186533086,False,,,,,,
HFE_overall,Factor V,Mann-Whitney U,1983.0,0.016626575430073016,,,,,,,0.10127095943771747,False,82.0,38.0,,110.1,78.95,
HFE_H63D,Foláty,Kruskal-Wallis,8.675,0.01307061399625832,65.0,6.0,222.0,4.7,15.9,6.4,0.1049609911820744,False,,,,,,
HFE_H63D,Krvný obr._DIFF_5pop: Stredný objem_PLT,Kruskal-Wallis,8.559,0.013849236441900746,331.0,35.0,898.0,10.7,10.7,10.9,0.10794257815010876,False,,,,,,
HFE_overall,Antitrombín III,Mann-Whitney U,1192.5,0.01845874136456201,,,,,,,0.10806076532479257,False,59.0,31.0,,79.0,62.8,
HFE_overall,Chloridy-S,Kruskal-Wallis,7.975,0.018547743302016636,,,,,,,0.10806076532479257,False,1768.0,846.0,80.0,103.0,103.0,104.0
HFE_H63D,CK-celková_S,Kruskal-Wallis,8.487,0.014358235607981506,134.0,15.0,437.0,1.625,2.81,1.4,0.10871235531757426,False,,,,,,
HFE_C282Y,Amyláza_U (jednoráz),Mann-Whitney U,566.0,0.022818383312118433,,11.0,72.0,,13.86,5.33,0.10952823989816847,False,,,,,,
HFE_C282Y,Imunoblot Liver Pro: LKM1,Mann-Whitney U,949.5,0.022614050140813656,11.0,,138.0,0.0,,0.0,0.10952823989816847,False,,,,,,
HFE_S65C,APTT: APTT_sekundy,Mann-Whitney U,103154.0,0.025275398457911075,95.0,,1912.0,29.6,,29.5,0.10979001205155123,False,,,,,,
HFE_S65C,Amyláza_S,Mann-Whitney U,26166.0,0.028650217743476404,66.0,,945.0,0.76,,0.84,0.11062167406508944,False,,,,,,
HFE_S65C,Cholest-LDL_S,Mann-Whitney U,1238.0,0.026268126481015144,11.0,,371.0,1.98,,2.9,0.11062167406508944,False,,,,,,
HFE_S65C,Krvný obr._DIFF_5pop: Monocyty_%,Mann-Whitney U,34879.0,0.028210606443701377,47.0,,1249.0,9.2,,7.9,0.11062167406508944,False,,,,,,
HFE_S65C,TSH_S,Mann-Whitney U,4228.5,0.027822930693046064,20.0,,327.0,3.156,,1.924,0.11062167406508944,False,,,,,,
HFE_S65C,CA 19-9_S,Mann-Whitney U,291.0,0.029616253402539514,6.0,,63.0,28.25,,7.3,0.1112610600798106,False,,,,,,
HFE_S65C,AFP_S,Mann-Whitney U,1111.0,0.03119382839338021,9.0,,173.0,6.47,,3.41,0.11410374070210129,False,,,,,,
HFE_C282Y,Krvný obraz: Stred. far.konc._HGB,Kruskal-Wallis,7.312,0.025831935047831222,122.0,39.0,1787.0,336.0,335.0,333.0,0.12096906168740475,False,,,,,,
HFE_overall,Krvný obr._DIFF_5pop: Lymfocyty_#,Kruskal-Wallis,7.654,0.021779113743030386,,,,,,,0.12418728687515199,False,787.0,461.0,49.0,1.38,1.29,1.58
HFE_overall,Krvný obr._DIFF_RET: Stred. far.konc._HGB,Kruskal-Wallis,7.595,0.022425092623707923,,,,,,,0.12520676714903592,False,103.0,40.0,5.0,336.0,323.5,328.0
HFE_S65C,Močový sediment: Leukocyty,Mann-Whitney U,4337.0,0.03515369994019821,27.0,,410.0,28.0,,2026.0,0.1252913920945526,False,,,,,,
HFE_H63D,Fosfor_S,Mann-Whitney U,6722.0,0.018525316462620487,67.0,,247.0,1.0,,1.09,0.1291897069103797,False,,,,,,
HFE_H63D,Factor V,Mann-Whitney U,1031.5,0.01771460119692525,33.0,,87.0,77.2,,110.5,0.1291897069103797,False,,,,,,
HFE_H63D,Krvný obr._DIFF_RET: Lymfocyty_#,Mann-Whitney U,1128.0,0.01830307385402272,27.0,,118.0,0.96,,1.29,0.1291897069103797,False,,,,,,
HFE_C282Y,Krvný obr._DIFF_5pop: Stred.far.konc._HGB,Kruskal-Wallis,7.082,0.02898066714449043,105.0,14.0,1178.0,337.0,326.5,335.0,0.12965416591111015,False,,,,,,
HFE_C282Y,Amoniak_P,Mann-Whitney U,1110.5,0.029037130907175707,17.0,,98.0,89.0,,54.5,0.12965416591111015,False,,,,,,
HFE_H63D,Krvný obr._DIFF_5pop: Hematokrit_HCT,Kruskal-Wallis,7.911,0.01915370654782633,335.0,35.0,927.0,0.358,0.382,0.365,0.13014698038907635,False,,,,,,
HFE_H63D,Glukóza_pleur.punkt.,Mann-Whitney U,203.5,0.01992584991635951,19.0,,35.0,6.18,,6.94,0.13200875569588177,False,,,,,,
HFE_overall,APTT: APTT_sekundy,Kruskal-Wallis,7.438,0.024252757932904177,,,,,,,0.13264773726568,False,1306.0,663.0,38.0,29.5,29.7,28.4
HFE_C282Y,dsDNA IgG,Mann-Whitney U,73.0,0.03201095283257616,6.0,,53.0,1.18,,3.41,0.1396841578148778,False,,,,,,
HFE_overall,Beta2 mikroglob. _S,Mann-Whitney U,1194.5,0.02652339358192625,,,,,,,0.1421653895991247,False,84.0,38.0,,2.8,3.5,
HFE_C282Y,Krvný obr._DIFF_5pop: Eozinofily_#,Kruskal-Wallis,6.716,0.03480882481804471,105.0,14.0,1177.0,0.12,0.24,0.12,0.1462093415324649,False,,,,,,
HFE_C282Y,Glykémia_3/3,Mann-Whitney U,85.0,0.035029321408819716,6.0,,60.0,5.55,,10.55,0.1462093415324649,False,,,,,,
HFE_H63D,LD_S,Kruskal-Wallis,7.493,0.023601636513050642,69.0,15.0,245.0,3.83,3.06,3.72,0.15254716282825415,False,,,,,,
HFE_H63D,Krvný obr._DIFF_5pop: Eozinofily_#,Kruskal-Wallis,7.349,0.025358282152871014,335.0,35.0,926.0,0.13,0.1,0.11,0.15430795501115277,False,,,,,,
HFE_H63D,Triacylglyceroly_S,Kruskal-Wallis,7.372,0.025068810638574412,109.0,6.0,324.0,1.75,1.07,1.58,0.15430795501115277,False,,,,,,
HFE_H63D,Glykémia_3/1,Mann-Whitney U,176.5,0.025620943473549894,13.0,,46.0,4.5,,6.25,0.15430795501115277,False,,,,,,
HFE_C282Y,Krvný obr._DIFF_5pop: Bazofilily_#,Kruskal-Wallis,6.536,0.03808409759531649,105.0,14.0,1178.0,0.02,0.01,0.02,0.15550144915730807,False,,,,,,
HFE_C282Y,Krvný obr._DIFF_5pop: Bazofily_%,Kruskal-Wallis,6.495,0.03887536228932702,105.0,14.0,1178.0,0.2,0.15,0.3,0.15550144915730807,False,,,,,,
HFE_overall,Glykémia_3/1,Mann-Whitney U,513.5,0.030904367878035865,,,,,,,0.15927635752526176,False,40.0,19.0,,6.25,4.6,
HFE_overall,Krvný obr._DIFF_5pop: Bazofily_%,Kruskal-Wallis,6.969,0.030672988596853773,,,,,,,0.15927635752526176,False,787.0,461.0,49.0,0.3,0.3,0.2
HFE_H63D,GF(S)- MDRD,Kruskal-Wallis,7.18,0.027592069609024834,725.0,36.0,2334.0,1.37,1.205,1.37,0.16248663214203513,False,,,,,,
HFE_S65C,T3f_S,Mann-Whitney U,186.0,0.04842289323521649,8.0,,81.0,2.95,,3.7,0.16826955399237728,False,,,,,,
HFE_overall,Krvný obr._DIFF_5pop: Bazofilily_#,Kruskal-Wallis,6.753,0.03417059927227546,,,,,,,0.17278718122584572,False,787.0,461.0,49.0,0.02,0.02,0.02
HFE_overall,Glykémia_5/3,Mann-Whitney U,1576.5,0.035396960594003685,,,,,,,0.17567380442949979,False,74.0,34.0,,8.55,6.7,
HFE_overall,Lipáza_S,Kruskal-Wallis,6.589,0.03709469516877002,,,,,,,0.1807523328223703,False,150.0,71.0,12.0,3.09,1.77,0.74
HFE_overall,Krvný obr._DIFF_5pop: Trombocyty_PLT,Kruskal-Wallis,6.468,0.03939127496674621,,,,,,,0.18201485674289625,False,787.0,461.0,49.0,223.0,205.0,227.0
HFE_overall,Amyláza_U (jednoráz),Kruskal-Wallis,6.485,0.03906539556334759,,,,,,,0.18201485674289625,False,64.0,10.0,11.0,5.365,3.485,13.86
HFE_overall,Fosfor_S,Kruskal-Wallis,6.478,0.03919597326984593,,,,,,,0.18201485674289625,False,218.0,94.0,6.0,1.12,1.01,1.125
HFE_S65C,GMT_S,Mann-Whitney U,175130.5,0.05459074667693312,133.0,,2921.0,1.76,,2.17,0.18507594605106595,False,,,,,,
HFE_H63D,Krvný obr._DIFF_5pop: Hemoglobín_HGB,Kruskal-Wallis,6.826,0.03293774570279513,335.0,35.0,927.0,120.0,128.0,122.0,0.1897500567661024,False,,,,,,
HFE_C282Y,Krvný obr._DIFF_5pop: Eozinofily_%,Kruskal-Wallis,6.052,0.04851072490081241,105.0,14.0,1177.0,1.6,3.3,1.7,0.19008284042767312,False,,,,,,
HFE_H63D,Krvný obr._DIFF_5pop: Stredný objem_RBC,Kruskal-Wallis,6.732,0.034532765139586766,335.0,35.0,927.0,92.9,95.8,92.1,0.19470601621256367,False,,,,,,
HFE_overall,DNP / Nucleo-h /,Mann-Whitney U,42.0,0.04311071351849386,,,,,,,0.1958249359823111,False,10.0,5.0,,1.325,0.5,
HFE_C282Y,Chloridy-S,Kruskal-Wallis,5.948,0.05108725426482159,162.0,45.0,2487.0,103.0,104.0,103.0,0.1961750563769149,False,,,,,,
HFE_C282Y,Lipáza_S,Kruskal-Wallis,5.872,0.05309073964232856,14.0,5.0,214.0,1.675,7.4,2.565,0.19987101982994282,False,,,,,,
HFE_overall,Laktát_P,Mann-Whitney U,316.0,0.04503009285410259,,,,,,,0.2007298765580169,False,46.0,20.0,,2.4,2.95,
HFE_overall,Glukóza_pleur.punkt.,Mann-Whitney U,466.0,0.04568851667925012,,,,,,,0.2007298765580169,False,32.0,22.0,,6.965,6.315,
HFE_H63D,Železo_S,Kruskal-Wallis,6.623,0.036465860974604525,160.0,14.0,492.0,17.9,25.2,17.3,0.20132194079729582,False,,,,,,
HFE_H63D,Krvný obr._DIFF_5pop: Eozinofily_%,Kruskal-Wallis,6.469,0.03937145739826385,335.0,35.0,926.0,2.0,1.3,1.6,0.2036489395641103,False,,,,,,
HFE_H63D,Prokalcitonín_S,Kruskal-Wallis,6.402,0.04072978791282206,116.0,8.0,333.0,0.276,0.055,0.299,0.2036489395641103,False,,,,,,
HFE_H63D,ASLO_S,Mann-Whitney U,1485.0,0.03773335956520747,32.0,,122.0,51.0,,79.0,0.2036489395641103,False,,,,,,
HFE_H63D,Imunoblot Liver Pro: SLA,Mann-Whitney U,2020.0,0.04060415676116834,33.0,,114.0,0.0,,0.0,0.2036489395641103,False,,,,,,
HFE_H63D,Laktát_P,Mann-Whitney U,592.0,0.03981000521234167,19.0,,47.0,3.0,,2.4,0.2036489395641103,False,,,,,,
HFE_H63D,CA 125_S,Mann-Whitney U,121.0,0.04215659915471165,9.0,,18.0,29.3,,16.15,0.2068796069629368,False,,,,,,
HFE_C282Y,Krvný obr._DIFF_RET: Lymfocyty_%,Mann-Whitney U,523.0,0.05617049530358592,5.0,,139.0,30.2,,19.9,0.2073987518901634,False,,,,,,
HFE_overall,ASLO_S,Mann-Whitney U,2774.5,0.0489107428334604,,,,,,,0.2081617076420199,False,112.0,41.0,,82.5,54.0,
HFE_overall,Krvný obr._DIFF_5pop: Eozinofily_#,Kruskal-Wallis,6.029,0.049078479206461516,,,,,,,0.2081617076420199,False,786.0,461.0,49.0,0.11,0.13,0.14
HFE_overall,ANA  HEp-2,Mann-Whitney U,525.5,0.04971025854137789,,,,,,,0.2081617076420199,False,42.0,19.0,,6.735,3.77,
HFE_H63D,Amyláza_S,Kruskal-Wallis,6.166,0.0458173760151044,232.0,14.0,765.0,0.915,0.605,0.82,0.21681436864290474,False,,,,,,
HFE_H63D,Krvný obr._DIFF_5pop: Stredná konc._HGB,Kruskal-Wallis,6.194,0.04519199080636958,335.0,35.0,927.0,30.8,32.1,30.7,0.21681436864290474,False,,,,,,
HFE_H63D,Krvný obr._DIFF_RET: Nezrelé formy RET,Mann-Whitney U,1240.5,0.04673917681030888,28.0,,117.0,6.95,,8.2,0.21729617289003253,False,,,,,,
HFE_C282Y,Krvný obr._DIFF_RET: Hematokrit_HCT,Mann-Whitney U,524.0,0.060090952430345894,5.0,,140.0,0.387,,0.349,0.21768797861559266,False,,,,,,
HFE_H63D,IgA_S,Kruskal-Wallis,6.081,0.047816335319989654,104.0,8.0,343.0,2.725,1.56,2.81,0.21847118723788375,False,,,,,,
HFE_H63D,Cholest-LDL_S,Kruskal-Wallis,6.04,0.04881132714963473,91.0,6.0,285.0,3.11,2.205,2.83,0.21923731685852887,False,,,,,,
HFE_C282Y,IgG_S,Mann-Whitney U,4963.0,0.06386917913967746,28.0,,448.0,10.2,,11.7,0.22153430883687117,False,,,,,,
HFE_C282Y,Krvný obr._DIFF_RET: Retikulocyty_#,Mann-Whitney U,521.5,0.06388812724928426,5.0,,140.0,71.6,,49.45,0.22153430883687117,False,,,,,,
HFE_C282Y,Krvný obr._DIFF_RET: Hemoglobín_HGB,Mann-Whitney U,521.0,0.0646141734107541,5.0,,140.0,127.0,,116.5,0.22153430883687117,False,,,,,,
HFE_overall,Imunoblot ANA: Jo-1,Mann-Whitney U,3271.0,0.054298561397548094,,,,,,,0.223877145454506,False,126.0,55.0,,0.0,0.0,
HFE_S65C,Krvný obr._DIFF_5pop: Neutrofily_#,Mann-Whitney U,24743.5,0.06856377688033263,47.0,,1248.0,4.12,,4.575,0.22691345205633895,False,,,,,,
HFE_C282Y,Kys. močová_S,Kruskal-Wallis,5.325,0.06978936823569276,28.0,5.0,310.0,275.5,188.0,314.5,0.22729286694984718,False,,,,,,
HFE_C282Y,APTT: APTT_sekundy,Kruskal-Wallis,5.346,0.069027873241653,132.0,22.0,1853.0,28.4,28.8,29.6,0.22729286694984718,False,,,,,,
HFE_C282Y,Vitamín B12,Mann-Whitney U,1516.0,0.06984520390646345,15.0,,280.0,525.0,,701.0,0.22729286694984718,False,,,,,,
HFE_overall,Triacylglyceroly_S,Kruskal-Wallis,5.729,0.05701068177402699,,,,,,,0.23149791993089747,False,276.0,156.0,7.0,1.595,1.69,1.13
HFE_H63D,Krvný obr._DIFF_5pop: Monocyty_#,Kruskal-Wallis,5.884,0.052757109896821475,335.0,35.0,926.0,0.59,0.42,0.57,0.2330105687109615,False,,,,,,
HFE_overall,Feritin_S,Kruskal-Wallis,5.676,0.05853324878782612,,,,,,,0.23413299515130448,False,405.0,223.0,26.0,227.18,247.54,471.93
HFE_C282Y,Krvný obr._DIFF_RET: Erytrocyty_RBC,Mann-Whitney U,515.0,0.07465669921404483,5.0,,140.0,4.84,,3.82,0.23890143748494347,False,,,,,,
HFE_overall,Ceruloplazmín,Mann-Whitney U,20600.0,0.0607819274094202,,,,,,,0.23955230214300904,False,276.0,134.0,,0.25,0.24,
HFE_overall,Krvný obr._DIFF_RET: Eozinofily_%,Kruskal-Wallis,5.453,0.06543462377067845,,,,,,,0.2469926643738285,False,103.0,39.0,5.0,1.8,1.9,0.9
HFE_overall,Krvný obr._DIFF_5pop: Stredná konc._HGB,Kruskal-Wallis,5.481,0.06454723243786822,,,,,,,0.2469926643738285,False,787.0,461.0,49.0,30.7,30.9,31.7
HFE_overall,MIA_UJ (album/kreat),Mann-Whitney U,30.0,0.06454707255622588,,,,,,,0.2469926643738285,False,17.0,7.0,,9.21,63.56,
HFE_H63D,Glykémia_5/4,Mann-Whitney U,1373.0,0.05857407392352865,30.0,,118.0,8.15,,8.9,0.25446114081532933,False,,,,,,
HFE_H63D,Krvný obr._DIFF_5pop: Neutrofily_%,Kruskal-Wallis,5.526,0.0631010063520065,335.0,35.0,925.0,68.0,63.0,68.2,0.26729434696302523,False,,,,,,
HFE_H63D,Cholest-celk._S,Kruskal-Wallis,5.512,0.06354544852328524,117.0,7.0,350.0,4.92,4.5,4.71,0.26729434696302523,False,,,,,,
HFE_H63D,ALT_S,Kruskal-Wallis,5.425,0.06635960755029642,769.0,50.0,2344.0,0.86,1.14,0.84,0.2737251443787035,False,,,,,,
HFE_H63D,Glykémia_5/3,Mann-Whitney U,835.0,0.0671401297532669,27.0,,81.0,6.8,,8.5,0.2737251443787035,False,,,,,,
HFE_overall,CYFRA  21-1_S,Mann-Whitney U,65.5,0.073611862118669,,,,,,,0.273999708997268,False,22.0,10.0,,1.805,3.975,
HFE_overall,ELFO_S: gama_globulín,Kruskal-Wallis,5.16,0.07575857128138827,,,,,,,0.27812735758098706,False,306.0,157.0,13.0,12.5,12.6,8.63
HFE_overall,Krvný obr._DIFF_5pop: Eozinofily_%,Kruskal-Wallis,5.122,0.0772221368313036,,,,,,,0.2796693604160725,False,786.0,461.0,49.0,1.6,1.9,1.9
HFE_S65C,Moč chemicky _ úplne: Ketolátky,Mann-Whitney U,10371.0,0.08671892220391235,42.0,,550.0,0.0,,0.0,0.2803239578219492,False,,,,,,
HFE_C282Y,AMA-M2,Mann-Whitney U,557.0,0.08933274329019543,9.0,,92.0,2.41,,1.34,0.28117847068389384,False,,,,,,
HFE_C282Y,Krvný obr._DIFF_RET: Lymfocyty_#,Mann-Whitney U,502.5,0.09178407515110734,5.0,,139.0,1.69,,1.22,0.28215193421372564,False,,,,,,
HFE_C282Y,ELFO_S: gama_globulín,Mann-Whitney U,5250.0,0.09261073630128347,29.0,,445.0,11.38,,12.67,0.28215193421372564,False,,,,,,
HFE_C282Y,CCP,Mann-Whitney U,64.5,0.09405064473790854,5.0,,48.0,0.54,,2.1,0.28215193421372564,False,,,,,,
HFE_S65C,Krvný obr._DIFF_5pop: Neutrofily_%,Mann-Whitney U,33596.5,0.0899356258033508,47.0,,1248.0,71.6,,67.8,0.2841148178787673,False,,,,,,
HFE_C282Y,Imunoblot Liver Pro: AMA-M2,Mann-Whitney U,915.5,0.09653911553651566,11.0,,138.0,0.0,,0.0,0.28516169512324624,False,,,,,,
HFE_overall,Moč chemicky _ úplne: Ketolátky,Kruskal-Wallis,4.952,0.0840604686809009,,,,,,,0.28882314880104415,False,373.0,212.0,7.0,0.0,0.0,0.0
HFE_overall,IgM_S,Kruskal-Wallis,4.99,0.08250390652890087,,,,,,,0.28882314880104415,False,311.0,150.0,13.0,1.1,1.225,0.55
HFE_overall,Krvný obr._DIFF_5pop: Neutrofily_%,Kruskal-Wallis,4.992,0.08241661055847159,,,,,,,0.28882314880104415,False,785.0,461.0,49.0,68.1,68.1,64.2
HFE_overall,Krvný obr._DIFF_5pop: Stred.far.konc._HGB,Kruskal-Wallis,4.958,0.08382930368380764,,,,,,,0.28882314880104415,False,787.0,461.0,49.0,335.0,336.0,334.0
HFE_overall,NSE_S,Mann-Whitney U,927.0,0.0853794822461776,,,,,,,0.2896417878731088,False,76.0,31.0,,13.88,15.73,
HFE_S65C,Krvný obr._DIFF_5pop: Eozinofily_#,Mann-Whitney U,33567.0,0.09405042410642099,47.0,,1249.0,0.14,,0.12,0.2905113100176115,False,,,,,,
HFE_C282Y,CK-celková_S,Kruskal-Wallis,4.593,0.10063393139190488,36.0,6.0,544.0,1.055,1.205,1.53,0.2927532549582687,False,,,,,,
HFE_overall,Kreatinín_S,Kruskal-Wallis,4.867,0.08772848803215276,,,,,,,0.2938904349077117,False,2002.0,1016.0,86.0,76.75,77.8,83.4
HFE_overall,ABR_artéria: O2_B sat,Mann-Whitney U,2969.0,0.08955823469118211,,,,,,,0.2963161345337877,False,123.0,41.0,,96.4,95.0,
HFE_S65C,NVK_S,Mann-Whitney U,1298.0,0.09932781893140899,11.0,,182.0,42.4,,29.25,0.29924590610802676,False,,,,,,
HFE_S65C,Foláty,Mann-Whitney U,1445.5,0.1011838675329299,14.0,,279.0,4.1,,6.4,0.29924590610802676,False,,,,,,
HFE_S65C,Krvný obraz: Hematokrit_HCT,Mann-Whitney U,111281.0,0.10507171429692913,111.0,,1837.0,0.367,,0.35,0.30427017265152395,False,,,,,,
HFE_S65C,Krvný obr._DIFF_RET: Hematokrit_HCT,Mann-Whitney U,318.0,0.11390634643959431,7.0,,141.0,0.337,,0.355,0.3054097899093775,False,,,,,,
HFE_S65C,Krvný obraz: Hemoglobín_HGB,Mann-Whitney U,110926.5,0.11893689197996798,111.0,,1837.0,123.0,,115.0,0.3054097899093775,False,,,,,,
HFE_S65C,AST_S,Mann-Whitney U,200290.0,0.11059290037032997,143.0,,3041.0,0.67,,0.81,0.3054097899093775,False,,,,,,
HFE_S65C,Krvný obr._DIFF_RET: Neutrofily_%,Mann-Whitney U,317.0,0.11662880723564986,7.0,,140.0,55.2,,68.35,0.3054097899093775,False,,,,,,
HFE_S65C,ELFO_S: alfa1_globulín,Mann-Whitney U,6046.0,0.11764986745168031,22.0,,459.0,2.84,,2.48,0.3054097899093775,False,,,,,,
HFE_S65C,Krvný obraz: Trombocyty_PLT,Mann-Whitney U,93026.0,0.12084560032385441,111.0,,1837.0,164.0,,177.0,0.3054097899093775,False,,,,,,
HFE_S65C,CK-celková_S,Mann-Whitney U,9216.5,0.10827176157485129,28.0,,558.0,2.015,,1.455,0.3054097899093775,False,,,,,,
HFE_H63D,Močový sediment A: Kvasinky,Mann-Whitney U,573.0,0.08041240290410265,23.0,,45.0,0.0,,0.0,0.31487788602458755,False,,,,,,
HFE_H63D,Močový sediment: Erytrocyty,Mann-Whitney U,6646.5,0.07954776925138665,67.0,,227.0,2026.0,,2026.0,0.31487788602458755,False,,,,,,
HFE_H63D,ABR_artéria: O2_B sat,Mann-Whitney U,1836.5,0.080798853772347,35.0,,130.0,95.0,,96.35,0.31487788602458755,False,,,,,,
HFE_S65C,ALP_S,Mann-Whitney U,169038.5,0.1276651089709909,131.0,,2801.0,1.74,,1.89,0.3168830383387095,False,,,,,,
HFE_H63D,Krvný obraz: Hemoglobín_HGB,Kruskal-Wallis,4.977,0.08302479833848182,461.0,5.0,1482.0,116.0,121.0,115.0,0.3188633559376476,False,,,,,,
HFE_overall,Krvný obraz_RET: Hemoglobín_HGB,Mann-Whitney U,42.0,0.10106132007845174,,,,,,,0.32040249046227426,False,18.0,8.0,,100.5,118.5,
HFE_overall,Vitamín B12,Kruskal-Wallis,4.579,0.10132953685673664,,,,,,,0.32040249046227426,False,193.0,96.0,8.0,709.0,663.5,389.5
HFE_overall,Krvný obr._DIFF_5pop: Monocyty_#,Kruskal-Wallis,4.573,0.10162019287049742,,,,,,,0.32040249046227426,False,786.0,461.0,49.0,0.57,0.59,0.49
HFE_overall,Krvný obr._DIFF_RET: Stredný objem_PLT,Kruskal-Wallis,4.611,0.09971693659695448,,,,,,,0.32040249046227426,False,91.0,33.0,5.0,10.9,11.2,10.2
HFE_overall,ABR_artéria: PO2_B,Mann-Whitney U,2948.0,0.10571388085924625,,,,,,,0.32595405806344974,False,123.0,41.0,,11.35,9.83,
HFE_overall,Cholest-LDL_S,Kruskal-Wallis,4.492,0.10581344422209002,,,,,,,0.32595405806344974,False,244.0,131.0,7.0,2.835,2.92,2.55
HFE_S65C,Lipáza_S,Mann-Whitney U,2126.0,0.13440570739154045,16.0,,217.0,3.75,,2.27,0.32776128644603725,False,,,,,,
HFE_overall,CK-celková_S,Kruskal-Wallis,4.454,0.10783182615050148,,,,,,,0.328396925094709,False,372.0,193.0,21.0,1.435,1.52,1.7
HFE_H63D,ABR_artéria: pH_B,Mann-Whitney U,1845.0,0.0868948734881781,35.0,,130.0,7.339,,7.383,0.3289591639195314,False,,,,,,
HFE_C282Y,Krvný obr._DIFF_5pop: Stredná konc._HGB,Kruskal-Wallis,4.318,0.11542132684023343,105.0,14.0,1178.0,31.8,30.35,30.7,0.3307596231839525,False,,,,,,
HFE_H63D,GF-(S+U)-dospelí,Mann-Whitney U,224.0,0.08881848637198506,16.0,,21.0,1.75,,1.09,0.3315056181489583,False,,,,,,
HFE_H63D,TSH_S,Kruskal-Wallis,4.789,0.09123656387950298,77.0,12.0,258.0,1.827,2.912,1.986,0.33306835459312367,False,,,,,,
HFE_H63D,Tub. resorbcia,Mann-Whitney U,223.5,0.09175090522753973,16.0,,21.0,98.655,,97.45,0.33306835459312367,False,,,,,,
HFE_overall,Cholest-celk._S,Kruskal-Wallis,4.34,0.1141578425906991,,,,,,,0.33620111883854237,False,297.0,169.0,8.0,4.69,4.88,3.885
HFE_overall,Tub. resorbcia,Mann-Whitney U,118.5,0.11405873946316872,,,,,,,0.33620111883854237,False,19.0,18.0,,97.45,98.655,
HFE_overall,Krvný obr._DIFF_RET: Nezrelé formy RET,Kruskal-Wallis,4.354,0.11340478323483605,,,,,,,0.33620111883854237,False,102.0,40.0,5.0,8.45,6.95,3.4
HFE_S65C,Kálium-S,Mann-Whitney U,210995.5,0.1408208449142049,144.0,,2732.0,4.1,,4.0,0.3369687117452632,False,,,,,,
HFE_S65C,CVK_S,Mann-Whitney U,1299.5,0.1430298848415146,11.0,,187.0,53.3,,46.3,0.3369687117452632,False,,,,,,
HFE_H63D,Imunoblot ANA: dsDNA,Mann-Whitney U,3377.5,0.09425487668984092,42.0,,140.0,0.0,,0.0,0.33753435571361956,False,,,,,,
HFE_C282Y,Imunoblot ANA: AMA-M2,Mann-Whitney U,1267.5,0.12003043334677792,13.0,,171.0,0.0,,0.0,0.3389094588614906,False,,,,,,
HFE_H63D,Močový sediment A: Kryštály,Mann-Whitney U,408.5,0.09743822517513402,23.0,,43.0,0.0,,0.0,0.3442817289521402,False,,,,,,
HFE_overall,Glykémia_5/1,Mann-Whitney U,674.0,0.12019613595201452,,,,,,,0.34637166059290203,False,52.0,21.0,,7.2,5.2,
HFE_overall,LKM1,Mann-Whitney U,1262.0,0.12003325648809762,,,,,,,0.34637166059290203,False,83.0,37.0,,0.3,0.46,
HFE_H63D,Fibrinogén,Kruskal-Wallis,4.584,0.10104016821732911,480.0,16.0,1476.0,2.83,3.335,2.81,0.34773564386483397,False,,,,,,
HFE_H63D,Krvný obr._DIFF_5pop: Stred.far.konc._HGB,Kruskal-Wallis,4.592,0.10067435534674317,335.0,35.0,927.0,337.0,336.0,335.0,0.34773564386483397,False,,,,,,
HFE_overall,Haptoglobín_S,Mann-Whitney U,2456.0,0.12503491869937713,,,,,,,0.3527102147259248,False,92.0,46.0,,1.01,0.69,
HFE_overall,Krvný obraz_RET: Hematokrit_HCT,Mann-Whitney U,44.0,0.12852282728712933,,,,,,,0.3527102147259248,False,18.0,8.0,,0.303,0.367,
HFE_overall,Amoniak_B,Mann-Whitney U,69733.0,0.12723674675831373,,,,,,,0.3527102147259248,False,533.0,245.0,,60.0,58.0,
HFE_overall,Krvný obraz: Stredný objem_RBC,Kruskal-Wallis,4.151,0.12546363859840218,,,,,,,0.3527102147259248,False,1269.0,635.0,44.0,93.7,94.9,94.2
HFE_overall,Etanol v sére,Mann-Whitney U,3660.5,0.12897612329530087,,,,,,,0.3527102147259248,False,115.0,72.0,,0.03,0.03,
HFE_overall,Krvný obr._DIFF_RET: Lymfocyty_#,Kruskal-Wallis,4.058,0.1314633860490524,,,,,,,0.3558806814257176,False,103.0,39.0,5.0,1.27,1.09,1.52
HFE_H63D,Krvný obraz: Stredný objem_PLT,Kruskal-Wallis,4.511,0.10483183793797429,449.0,5.0,1383.0,10.9,10.6,11.0,0.3561594494046562,False,,,,,,
HFE_overall,Močový sediment A: Kryštály,Mann-Whitney U,612.5,0.1348804192282066,,,,,,,0.3614795235315937,False,38.0,28.0,,0.0,0.0,
HFE_overall,ELFO_S: Albumín,Kruskal-Wallis,3.968,0.1375290158097219,,,,,,,0.3649284775941135,False,310.0,158.0,13.0,37.56,36.94,38.69
HFE_C282Y,AMAM2,Mann-Whitney U,431.0,0.13254854128994,10.0,,121.0,0.62,,1.02,0.36883072358939833,False,,,,,,
HFE_overall,Močový sediment A: Zhluky leukocytov,Mann-Whitney U,638.5,0.14111301523263242,,,,,,,0.37076753021907344,False,39.0,28.0,,0.0,0.0,
HFE_H63D,Beta2 mikroglob. _S,Mann-Whitney U,1577.5,0.11180231593226991,28.0,,94.0,3.5,,2.8,0.37503308508925987,False,,,,,,
HFE_overall,Imunoblot Liver Pro: SLA,Mann-Whitney U,2186.0,0.14645436257251349,,,,,,,0.378761919964884,False,102.0,45.0,,0.0,0.0,
HFE_overall,Proteinúria kvant._U,Mann-Whitney U,191.0,0.1469822375983132,,,,,,,0.378761919964884,False,27.0,19.0,,0.129,0.279,
HFE_overall,Krvný obraz_RET: Trombocyty_PLT,Mann-Whitney U,45.5,0.14854458060420941,,,,,,,0.37914235811360114,False,18.0,8.0,,129.0,198.0,
HFE_H63D,Krvný obr._DIFF_RET: Leukocyty_WBC,Mann-Whitney U,1336.0,0.11678490047981255,28.0,,118.0,5.8,,6.55,0.38207405712531267,False,,,,,,
HFE_H63D,ABR_artéria: BB_B,Mann-Whitney U,1880.5,0.11628746328465972,35.0,,130.0,41.6,,43.7,0.38207405712531267,False,,,,,,
HFE_S65C,NT-proBNP,Mann-Whitney U,1019.5,0.16936748395779466,12.0,,137.0,2445.5,,1119.0,0.38593574213333537,False,,,,,,
HFE_S65C,CEA _S,Mann-Whitney U,128.0,0.16921164394905297,6.0,,65.0,1.564,,2.223,0.38593574213333537,False,,,,,,
HFE_overall,dsDNA IgG,Mann-Whitney U,455.5,0.15683783915983074,,,,,,,0.3938111938030651,False,41.0,18.0,,3.53,2.61,
HFE_overall,Kreatinín_UJ (jednor,Mann-Whitney U,109.0,0.15723058857062674,,,,,,,0.3938111938030651,False,18.0,9.0,,9055.0,6380.0,
HFE_C282Y,Transferín_S,Mann-Whitney U,9446.0,0.1491243608683153,35.0,,471.0,2.6,,2.4,0.3966952458178335,False,,,,,,
HFE_C282Y,Glykémia_5/4,Mann-Whitney U,507.0,0.16322356468546273,10.0,,138.0,5.55,,8.7,0.3966952458178335,False,,,,,,
HFE_C282Y,Močový sediment A: Baktérie,Mann-Whitney U,270.0,0.15934292371630776,7.0,,58.0,516.0,,273.0,0.3966952458178335,False,,,,,,
HFE_C282Y,LKM1,Mann-Whitney U,659.0,0.1568220746478287,9.0,,114.0,0.74,,0.35,0.3966952458178335,False,,,,,,
HFE_C282Y,NT-proBNP,Mann-Whitney U,278.0,0.15717546209096467,6.0,,141.0,428.5,,1285.0,0.3966952458178335,False,,,,,,
HFE_C282Y,IgA_S,Mann-Whitney U,4447.5,0.1562824060751635,25.0,,428.0,2.21,,2.81,0.3966952458178335,False,,,,,,
HFE_C282Y,ELFO_S: Albumín,Mann-Whitney U,7563.5,0.15080643833642915,29.0,,450.0,39.25,,37.5,0.3966952458178335,False,,,,,,
HFE_C282Y,Cholest-HDL_S,Mann-Whitney U,6946.5,0.1621269076289138,36.0,,338.0,1.27,,1.16,0.3966952458178335,False,,,,,,
HFE_C282Y,Cholest-LDL_S,Mann-Whitney U,6777.5,0.15194389305890058,34.0,,347.0,3.0,,2.83,0.3966952458178335,False,,,,,,
HFE_C282Y,Bielkoviny_S,Kruskal-Wallis,3.81,0.1487913991679375,124.0,21.0,1621.0,70.1,73.2,69.6,0.3966952458178335,False,,,,,,
HFE_S65C,Krvný obr._DIFF_5pop: Monocyty_#,Mann-Whitney U,25965.0,0.17883673655117271,47.0,,1249.0,0.53,,0.58,0.3987496784077923,False,,,,,,
HFE_S65C,Glukóza_ S,Mann-Whitney U,153443.5,0.18072827150856774,131.0,,2517.0,5.41,,5.49,0.3987496784077923,False,,,,,,
HFE_H63D,Vitamín B12,Kruskal-Wallis,4.037,0.13283830718891385,67.0,6.0,224.0,697.0,393.5,664.0,0.4190732310126449,False,,,,,,
HFE_H63D,IgM_S,Kruskal-Wallis,4.068,0.13081704015476475,110.0,11.0,353.0,1.245,0.55,1.1,0.4190732310126449,False,,,,,,
HFE_H63D,Chloridy-S,Kruskal-Wallis,4.057,0.13153036541993363,614.0,35.0,2045.0,103.0,103.0,103.0,0.4190732310126449,False,,,,,,
HFE_overall,Močový sediment A: Kvasinky,Mann-Whitney U,514.5,0.1691080815334115,,,,,,,0.4196385726940211,False,40.0,28.0,,0.0,0.0,
HFE_overall,"ELFO_S: beta1,2_globulín",Kruskal-Wallis,3.533,0.1709608825240491,,,,,,,0.42034418822426745,False,305.0,156.0,13.0,8.97,8.69,7.01
HFE_S65C,Meď_S,Mann-Whitney U,1784.0,0.1995854894567689,11.0,,264.0,19.9,,17.87,0.4268058928383212,False,,,,,,
HFE_S65C,Reumat. faktor_S,Mann-Whitney U,554.0,0.19666799555466064,5.0,,172.0,10.0,,10.0,0.4268058928383212,False,,,,,,
HFE_H63D,ABR_artéria: PO2_B,Mann-Whitney U,1902.0,0.13760580880078763,35.0,,130.0,9.83,,10.975,0.4290063450848085,False,,,,,,
HFE_C282Y,Imunoblot Liver Pro: Sp100,Mann-Whitney U,811.0,0.18178914033563898,11.0,,138.0,0.0,,0.0,0.4309075919066998,False,,,,,,
HFE_C282Y,Haptoglobín_S,Mann-Whitney U,428.5,0.18163095186572453,9.0,,130.0,0.67,,0.99,0.4309075919066998,False,,,,,,
HFE_overall,Krvný obr._DIFF_5pop: Erytrocyty_RBC,Kruskal-Wallis,3.44,0.17909981464847738,,,,,,,0.4324211741062337,False,787.0,461.0,49.0,3.92,3.92,4.24
HFE_overall,Krvný obr._DIFF_RET: Šírka dist.kriv._RBC,Kruskal-Wallis,3.456,0.17762982209834544,,,,,,,0.4324211741062337,False,103.0,39.0,5.0,14.5,14.9,13.8
HFE_H63D,Krvný obr._DIFF_RET: Hematokrit_HCT,Mann-Whitney U,1949.0,0.1405173032785469,28.0,,118.0,0.369,,0.35,0.4325189337380482,False,,,,,,
HFE_H63D,Imunoblot ANA: CENP-B,Mann-Whitney U,2793.0,0.1419967820196611,42.0,,140.0,0.0,,0.0,0.4325189337380482,False,,,,,,
HFE_H63D,Krvný obr._DIFF_5pop: Erytrocyty_RBC,Kruskal-Wallis,3.872,0.14426603678706112,335.0,35.0,927.0,3.8,3.92,3.97,0.4344374971428545,False,,,,,,
HFE_H63D,Imunoblot Liver Pro: gp210,Mann-Whitney U,2168.5,0.14985633212344693,33.0,,114.0,0.23,,0.0,0.4423401730931816,False,,,,,,
HFE_H63D,anti TPO_S,Mann-Whitney U,82.0,0.15022873803164657,7.0,,36.0,28.0,,42.775,0.4423401730931816,False,,,,,,
HFE_H63D,CA 72-4_S,Mann-Whitney U,99.0,0.15240314750023679,5.0,,28.0,1.97,,1.25,0.4438113635995906,False,,,,,,
HFE_H63D,Ceruloplazmín,Mann-Whitney U,13626.5,0.15443107314284235,96.0,,314.0,0.24,,0.25,0.4448286345962307,False,,,,,,
HFE_overall,CRP_S,Kruskal-Wallis,3.28,0.1940205226568041,,,,,,,0.4482543109657198,False,1580.0,811.0,78.0,15.59,15.4,19.2
HFE_overall,Krvný obr._DIFF_RET: Hematokrit_HCT,Kruskal-Wallis,3.287,0.19334213964633856,,,,,,,0.4482543109657198,False,103.0,40.0,5.0,0.344,0.361,0.399
HFE_overall,Troponín T hs,Kruskal-Wallis,3.311,0.19103386111418924,,,,,,,0.4482543109657198,False,99.0,68.0,15.0,8.0,8.0,10.0
HFE_overall,GF(S)- MDRD,Kruskal-Wallis,3.333,0.18892684715873975,,,,,,,0.4482543109657198,False,2000.0,1010.0,85.0,1.37,1.35,1.41
HFE_overall,Aktiv.TLy_CD3+HLADR+,Mann-Whitney U,321.0,0.1930896261164593,,,,,,,0.4482543109657198,False,37.0,14.0,,12.0,9.5,
HFE_overall,GF-(S+U)-dospelí,Mann-Whitney U,128.0,0.19649760774793568,,,,,,,0.45009708441407487,False,19.0,18.0,,1.09,1.595,
HFE_C282Y,Cholinesteráza_S,Mann-Whitney U,1087.0,0.1935527212831758,11.0,,160.0,155.2,,124.135,0.453196615687436,False,,,,,,
HFE_overall,Krvný obraz_RET: Erytrocyty_RBC,Mann-Whitney U,48.5,0.20117368183377093,,,,,,,0.45690293840212387,False,18.0,8.0,,3.15,3.765,
HFE_overall,Imunoblot ANA: Mi-2,Mann-Whitney U,3621.0,0.20288099643938218,,,,,,,0.4569084625693649,False,126.0,55.0,,0.0,0.0,
HFE_overall,Imunoblot ANA: PCNA,Mann-Whitney U,3649.5,0.20481992161172313,,,,,,,0.4574311582661817,False,126.0,55.0,,0.0,0.0,
HFE_overall,CCP,Mann-Whitney U,372.5,0.20829587007462946,,,,,,,0.4613000338120771,False,36.0,17.0,,1.935,1.6,
HFE_overall,Imunoblot ANA: dsDNA,Mann-Whitney U,3111.0,0.20999479151146794,,,,,,,0.4613000338120771,False,126.0,55.0,,0.0,0.0,
HFE_C282Y,anti-SLA/LP,Mann-Whitney U,454.5,0.20078263372557115,9.0,,80.0,1.03,,0.865,0.4644610322326465,False,,,,,,
HFE_H63D,Glykémia_3/2,Mann-Whitney U,235.5,0.16548032958771353,12.0,,53.0,8.7,,11.0,0.46651369511429874,False,,,,,,
HFE_H63D,Etanol v sére,Mann-Whitney U,4183.5,0.16418700476317327,57.0,,132.0,0.03,,0.03,0.46651369511429874,False,,,,,,
HFE_C282Y,p-ANCA,Mann-Whitney U,434.0,0.20520239173176846,11.0,,103.0,0.92,,1.24,0.4690340382440422,False,,,,,,
HFE_S65C,ELFO_S: alfa2_globulín,Mann-Whitney U,5820.0,0.2263436091476717,22.0,,459.0,6.66,,6.51,0.4766933586594904,False,,,,,,
HFE_overall,Kortizol_S,Mann-Whitney U,118.5,0.21989248191930633,,,,,,,0.479115326458326,False,29.0,11.0,,313.0,395.0,
HFE_overall,anti TPO_S,Mann-Whitney U,179.0,0.22704375319294956,,,,,,,0.4907074665783103,False,35.0,8.0,,41.55,28.0,
HFE_H63D,Glukóza_ S,Kruskal-Wallis,3.468,0.17655092826068422,636.0,36.0,1976.0,5.5,5.75,5.46,0.4924841683061192,False,,,,,,
HFE_C282Y,AFP_S,Mann-Whitney U,1006.5,0.22067931678007346,15.0,,166.0,2.2,,3.645,0.495192713842444,False,,,,,,
HFE_C282Y,LD_S,Mann-Whitney U,2569.0,0.22180506974192804,20.0,,307.0,3.505,,3.7,0.495192713842444,False,,,,,,
HFE_S65C,Albumín_S,Mann-Whitney U,89220.0,0.2396590147191019,100.0,,1918.0,31.3,,32.7,0.49601238211708687,False,,,,,,
HFE_S65C,Krvný obr._DIFF_5pop: Stredný objem_PLT,Mann-Whitney U,25196.5,0.24622197385668343,46.0,,1218.0,10.8,,10.8,0.49601238211708687,False,,,,,,
HFE_S65C,Bili-celkový_S,Mann-Whitney U,161956.5,0.24419412161635412,129.0,,2673.0,20.0,,24.6,0.49601238211708687,False,,,,,,
HFE_overall,Solub.transf.recep_S,Mann-Whitney U,27.0,0.23154451949510857,,,,,,,0.49643144979751275,False,14.0,6.0,,0.945,1.505,
HFE_H63D,MIA_UJ (album/kreat),Mann-Whitney U,67.0,0.1829004329004329,5.0,,19.0,63.56,,9.61,0.49967644039808984,False,,,,,,
HFE_H63D,Krvný obr._DIFF_RET: Stred. far.konc._HGB,Mann-Whitney U,1383.0,0.18188838950852415,28.0,,118.0,324.5,,334.5,0.49967644039808984,False,,,,,,
HFE_H63D,Močový sediment: Valce,Mann-Whitney U,879.0,0.1891320604515666,25.0,,60.0,1.0,,1.0,0.5011999601966515,False,,,,,,
HFE_H63D,IgG_S,Kruskal-Wallis,3.342,0.18802150936936204,109.0,13.0,356.0,11.4,14.7,11.55,0.5011999601966515,False,,,,,,
HFE_H63D,Lymfocyty,Mann-Whitney U,179.0,0.18813622783020323,12.0,,40.0,22.0,,28.0,0.5011999601966515,False,,,,,,
HFE_H63D,CRP_S,Kruskal-Wallis,3.295,0.19253140700832982,587.0,30.0,1852.0,15.9,9.47,15.4,0.5043450627573529,False,,,,,,
HFE_H63D,Moč chemicky _ úplne: Ketolátky,Mann-Whitney U,31563.0,0.19412526943867925,150.0,,441.0,0.0,,0.0,0.5043450627573529,False,,,,,,
HFE_S65C,Krvný obr._DIFF_5pop: Šírka dist.kriv._RBC,Mann-Whitney U,32245.0,0.2549175072216656,47.0,,1250.0,14.9,,14.55,0.5061933357687359,False,,,,,,
HFE_overall,Reumat. faktor_S,Mann-Whitney U,2835.0,0.24004481001043965,,,,,,,0.5069672651371535,False,123.0,51.0,,10.0,10.0,
HFE_overall,Krvný obr._DIFF_RET: Erytrocyty_RBC,Kruskal-Wallis,2.852,0.2402419502702183,,,,,,,0.5069672651371535,False,103.0,40.0,5.0,3.82,3.925,4.46
HFE_H63D,Kreatinín_UJ (jednor,Mann-Whitney U,46.0,0.1984324853890071,7.0,,20.0,6380.0,,9055.0,0.5105301808552125,False,,,,,,
HFE_S65C,Bili-priamy_S,Mann-Whitney U,156875.0,0.2630948669660521,126.0,,2646.0,8.35,,11.0,0.5150730494124119,False,,,,,,
HFE_C282Y,SLA a LP,Mann-Whitney U,383.5,0.23581838984870174,9.0,,112.0,0.66,,0.81,0.5158038951649234,False,,,,,,
HFE_C282Y,Krvný obr._DIFF_RET: Neutrofily_%,Mann-Whitney U,238.5,0.23641011861725658,5.0,,139.0,62.6,,68.4,0.5158038951649234,False,,,,,,
HFE_S65C,ELFO_S: Albumín,Mann-Whitney U,4342.0,0.2672862640368383,22.0,,459.0,35.015,,37.68,0.5160109819600073,False,,,,,,
HFE_C282Y,"ELFO_S: beta1,2_globulín",Mann-Whitney U,5588.5,0.24091550693320152,29.0,,443.0,8.47,,8.91,0.5197278351817382,False,,,,,,
HFE_H63D,Krvný obr._DIFF_5pop: Neutrofily_#,Kruskal-Wallis,3.119,0.21024011001404974,335.0,35.0,925.0,4.39,3.86,4.58,0.5204341699212337,False,,,,,,
HFE_H63D,Transferín_S,Kruskal-Wallis,3.153,0.20674220693453035,118.0,9.0,382.0,2.3,2.5,2.4,0.5204341699212337,False,,,,,,
HFE_H63D,Horčík-S,Mann-Whitney U,13911.0,0.21015380419511964,93.0,,327.0,0.81,,0.84,0.5204341699212337,False,,,,,,
HFE_H63D,Kortizol_S,Mann-Whitney U,200.5,0.21989248191930633,11.0,,29.0,395.0,,313.0,0.5204341699212337,False,,,,,,
HFE_H63D,ELFO_S: gama_globulín,Kruskal-Wallis,3.154,0.20655305981628191,114.0,11.0,351.0,12.655,8.63,12.48,0.5204341699212337,False,,,,,,
HFE_H63D,Krvný obr._DIFF_RET: Monocyty_#,Mann-Whitney U,1349.0,0.21603228486990156,27.0,,118.0,0.48,,0.545,0.5204341699212337,False,,,,,,
HFE_H63D,GF(S)-Cockroft,Mann-Whitney U,208.5,0.2199570831365214,16.0,,21.0,1.13,,0.97,0.5204341699212337,False,,,,,,
HFE_H63D,ABR_artéria: HCO3_B -  stand.,Mann-Whitney U,1964.0,0.21581657656964792,35.0,,130.0,21.4,,21.7,0.5204341699212337,False,,,,,,
HFE_H63D,Krvný obraz_RET: Nezrelé formy RET,Mann-Whitney U,39.0,0.2185292967901663,6.0,,20.0,5.95,,12.8,0.5204341699212337,False,,,,,,
HFE_C282Y,Imunoblot Liver Pro: LC1,Mann-Whitney U,860.0,0.2542711155079518,11.0,,138.0,0.0,,0.0,0.5306527627992037,False,,,,,,
HFE_C282Y,Glykémia_3/2,Mann-Whitney U,232.0,0.25053838493422387,6.0,,60.0,11.7,,10.1,0.5306527627992037,False,,,,,,
HFE_C282Y,Interleukín -6,Mann-Whitney U,360.0,0.2542573616899051,9.0,,104.0,10.1,,26.8,0.5306527627992037,False,,,,,,
HFE_C282Y,TSH_S,Mann-Whitney U,2744.5,0.25972775994660635,20.0,,323.0,1.571,,1.99,0.5362121495671873,False,,,,,,
HFE_H63D,Amoniak_B,Mann-Whitney U,50843.5,0.22918192118809888,181.0,,597.0,58.0,,59.0,0.5374620275650106,False,,,,,,
HFE_H63D,Krvný obr._DIFF_5pop: Monocyty_%,Kruskal-Wallis,2.92,0.23225780561629888,335.0,35.0,926.0,8.2,7.3,7.9,0.5398975305992912,False,,,,,,
HFE_H63D,ABR_artéria: BE_B,Mann-Whitney U,1979.0,0.23881958068625975,35.0,,130.0,-3.5,,-3.1,0.5409161442893917,False,,,,,,
HFE_H63D,Moč chemický A: UBG,Mann-Whitney U,574.5,0.23796570270241224,22.0,,45.0,16.0,,16.0,0.5409161442893917,False,,,,,,
HFE_H63D,Močový sediment A: Zhluky leukocytov,Mann-Whitney U,434.0,0.23480108537232758,23.0,,44.0,0.0,,0.0,0.5409161442893917,False,,,,,,
HFE_overall,Krvný obraz_RET: Nezrelé formy RET,Mann-Whitney U,93.0,0.26083115968699494,,,,,,,0.5461152405946457,False,18.0,8.0,,12.8,6.25,
HFE_S65C,Krvný obr._DIFF_RET: Trombocyty_PLT,Mann-Whitney U,609.0,0.2988825687685972,7.0,,141.0,239.0,,197.0,0.5466404876162502,False,,,,,,
HFE_S65C,T4f_S,Mann-Whitney U,1253.0,0.2945320160037731,14.0,,153.0,17.25,,14.7,0.5466404876162502,False,,,,,,
HFE_S65C,Krvný obr._DIFF_RET: Nezrelé formy RET,Mann-Whitney U,605.0,0.29762220255438154,7.0,,140.0,8.8,,7.3,0.5466404876162502,False,,,,,,
HFE_S65C,ELFO_S: gama_globulín,Mann-Whitney U,5662.5,0.28907386137931323,22.0,,454.0,13.795,,12.435,0.5466404876162502,False,,,,,,
HFE_overall,Krvný obraz_RET: Stredný objem_RBC,Mann-Whitney U,51.5,0.26643876894418506,,,,,,,0.5511915336490725,False,18.0,8.0,,94.65,97.85,
HFE_overall,T4f_S,Kruskal-Wallis,2.638,0.2673690275163411,,,,,,,0.5511915336490725,False,105.0,57.0,5.0,14.7,15.1,13.1
HFE_S65C,anti-SLA/LP,Mann-Whitney U,186.0,0.3064092042814821,6.0,,83.0,0.73,,0.88,0.5531283038328053,False,,,,,,
HFE_S65C,Krvný obr._DIFF_RET: Stredný objem_PLT,Mann-Whitney U,330.0,0.31540968997998164,7.0,,122.0,10.6,,11.0,0.5549613532559171,False,,,,,,
HFE_S65C,ALT_S,Mann-Whitney U,203731.0,0.3116797725331135,142.0,,3021.0,0.75,,0.85,0.5549613532559171,False,,,,,,
HFE_C282Y,Krvný obr._DIFF_5pop: Lymfocyty_#,Kruskal-Wallis,2.594,0.273360548864422,105.0,14.0,1178.0,1.41,1.59,1.345,0.5583534615103088,False,,,,,,
HFE_C282Y,Imunoblot Liver Pro: SLA,Mann-Whitney U,806.0,0.2792486954771255,11.0,,138.0,0.0,,0.0,0.5585030034166528,False,,,,,,
HFE_C282Y,c-ANCA,Mann-Whitney U,445.0,0.28216037151778817,11.0,,101.0,1.15,,1.39,0.5585030034166528,False,,,,,,
HFE_C282Y,Imunoblot ANA: PM-Scl,Mann-Whitney U,1204.0,0.27968419450584736,13.0,,171.0,0.0,,0.0,0.5585030034166528,False,,,,,,
HFE_C282Y,Krvný obr._DIFF_5pop: Stredný objem_RBC,Kruskal-Wallis,2.483,0.28900760399674497,105.0,14.0,1178.0,93.5,92.8,92.4,0.5620079331579952,False,,,,,,
HFE_C282Y,CA 19-9_S,Mann-Whitney U,229.5,0.2956395898383204,10.0,,58.0,3.1,,8.95,0.5620079331579952,False,,,,,,
HFE_C282Y,Moč chemicky _ úplne: Bielkoviny,Kruskal-Wallis,2.46,0.292358527776078,28.0,6.0,562.0,0.3,0.3,0.3,0.5620079331579952,False,,,,,,
HFE_C282Y,Krvný obr._DIFF_RET: Retikulocyty_%,Mann-Whitney U,447.0,0.2951048403187374,5.0,,140.0,1.5,,1.25,0.5620079331579952,False,,,,,,
HFE_overall,Imunoblot Liver Pro: gp210,Mann-Whitney U,2055.0,0.27662599911409547,,,,,,,0.5659218913173861,False,102.0,45.0,,0.0,0.23,
HFE_H63D,Haptoglobín_S,Mann-Whitney U,1503.0,0.2528310061325384,33.0,,105.0,0.71,,0.98,0.5677984459756159,False,,,,,,
HFE_C282Y,Imunoblot ANA: PCNA,Mann-Whitney U,1027.0,0.3070429876623678,13.0,,171.0,0.0,,0.0,0.5779632708938688,False,,,,,,
HFE_H63D,NKbb._ CD16+CD56+,Mann-Whitney U,269.5,0.2606003485635292,11.0,,40.0,13.0,,10.5,0.5803285073053381,False,,,,,,
HFE_overall,Lymfocyty,Mann-Whitney U,309.5,0.290447977971793,,,,,,,0.5851256454223625,False,37.0,14.0,,27.0,23.5,
HFE_overall,Imunoblot Liver Pro: LKM1,Mann-Whitney U,2145.5,0.2933262366015188,,,,,,,0.5851256454223625,False,102.0,45.0,,0.0,0.0,
HFE_overall,Moč chemicky _ úplne: pH,Kruskal-Wallis,2.443,0.2947461273582796,,,,,,,0.5851256454223625,False,377.0,212.0,7.0,6.0,5.5,5.0
HFE_overall,Glukóza_ S,Kruskal-Wallis,2.449,0.293888475754594,,,,,,,0.5851256454223625,False,1673.0,890.0,85.0,5.47,5.5,5.3
HFE_C282Y,Močový sediment A: Zhluky leukocytov,Mann-Whitney U,170.5,0.31444606770542805,7.0,,60.0,0.0,,0.0,0.5861518931984678,False,,,,,,
HFE_H63D,Cholest-HDL_S,Kruskal-Wallis,2.594,0.2733234113924756,93.0,6.0,276.0,1.14,1.485,1.18,0.5863677415512898,False,,,,,,
HFE_H63D,Krvný obr._DIFF_RET: Neutrofily_#,Mann-Whitney U,1374.0,0.26708174002265406,27.0,,118.0,3.8,,4.16,0.5863677415512898,False,,,,,,
HFE_H63D,Glykémia_3/3,Mann-Whitney U,197.0,0.2702347044000216,9.0,,57.0,7.4,,10.4,0.5863677415512898,False,,,,,,
HFE_H63D,ABR_artéria: PCO2_B,Mann-Whitney U,2553.0,0.26867326604434183,35.0,,130.0,5.46,,4.805,0.5863677415512898,False,,,,,,
HFE_H63D,CVK_S,Mann-Whitney U,3487.0,0.27437584887683,55.0,,141.0,43.0,,47.6,0.5863677415512898,False,,,,,,
HFE_H63D,ELFO_S: Albumín,Kruskal-Wallis,2.535,0.2816011751611739,115.0,11.0,355.0,36.5,38.13,37.61,0.5881599899957007,False,,,,,,
HFE_H63D,Amyláza_U (jednoráz),Mann-Whitney U,236.0,0.28187290086586414,8.0,,77.0,3.485,,6.14,0.5881599899957007,False,,,,,,
HFE_H63D,anti TG_S,Mann-Whitney U,80.0,0.28181756592491813,7.0,,31.0,16.0,,20.0,0.5881599899957007,False,,,,,,
HFE_H63D,Imunoblot ANA: Histones,Mann-Whitney U,3139.5,0.2969066695644941,42.0,,140.0,0.0,,0.0,0.593292934824422,False,,,,,,
HFE_H63D,T Ly_CD3+_ a.p.,Mann-Whitney U,192.0,0.302243570570932,12.0,,40.0,987.5,,1287.5,0.593292934824422,False,,,,,,
HFE_H63D,Krvný obr._DIFF_RET: Stredný objem_RBC,Mann-Whitney U,1861.5,0.29885128273071404,28.0,,118.0,93.5,,91.8,0.593292934824422,False,,,,,,
HFE_H63D,Krvný obr._DIFF_RET: Trombocyty_PLT,Mann-Whitney U,1442.0,0.29770373548338436,28.0,,118.0,152.0,,203.0,0.593292934824422,False,,,,,,
HFE_H63D,SLA a LP,Mann-Whitney U,1391.5,0.29781759319400636,27.0,,91.0,0.81,,0.76,0.593292934824422,False,,,,,,
HFE_H63D,Krvný obraz: Hematokrit_HCT,Kruskal-Wallis,2.409,0.29986921124565713,461.0,5.0,1482.0,0.353,0.386,0.351,0.593292934824422,False,,,,,,
HFE_H63D,Krvný obraz_RET: Trombocyty_PLT,Mann-Whitney U,77.5,0.3007791620308683,6.0,,20.0,198.0,,132.0,0.593292934824422,False,,,,,,
HFE_H63D,Amoniak_P,Mann-Whitney U,1354.5,0.3011124719846586,42.0,,73.0,49.5,,60.0,0.593292934824422,False,,,,,,
HFE_overall,Krvný obr._DIFF_5pop: Neutrofily_#,Kruskal-Wallis,2.398,0.30147362858828236,,,,,,,0.5940803857474976,False,785.0,461.0,49.0,4.5,4.69,4.2
HFE_overall,C4_S,Mann-Whitney U,4561.5,0.3038129648392913,,,,,,,0.594320252386351,False,137.0,61.0,,0.22,0.21,
HFE_overall,anti TG_S,Mann-Whitney U,148.5,0.3061297845774583,,,,,,,0.5945129149765133,False,30.0,8.0,,26.0,17.0,
HFE_H63D,Krvný obr._DIFF_RET: Neutrofily_%,Mann-Whitney U,1787.0,0.325686987454175,27.0,,118.0,69.9,,67.75,0.5956562011667533,False,,,,,,
HFE_H63D,Krvný obr._DIFF_RET: Hemoglobín_HGB,Mann-Whitney U,1852.0,0.32127662819959446,28.0,,118.0,121.5,,118.0,0.5956562011667533,False,,,,,,
HFE_H63D,alfa1 AT_S,Mann-Whitney U,5356.0,0.32043835774145146,58.0,,202.0,1.33,,1.465,0.5956562011667533,False,,,,,,
HFE_H63D,Bielkovina_ ascites,Mann-Whitney U,685.5,0.326205142499416,24.0,,50.0,18.85,,17.95,0.5956562011667533,False,,,,,,
HFE_H63D,Kys. močová_S,Kruskal-Wallis,2.277,0.3203424772514638,88.0,13.0,242.0,305.0,374.0,310.0,0.5956562011667533,False,,,,,,
HFE_H63D,Kreatinín_U (zbier.),Mann-Whitney U,232.0,0.3246501553842669,17.0,,23.0,6070.0,,5190.0,0.5956562011667533,False,,,,,,
HFE_H63D,Krvný obraz_RET: Stred. far.konc._HGB,Mann-Whitney U,43.0,0.3148884817072183,6.0,,20.0,322.5,,333.5,0.5956562011667533,False,,,,,,
HFE_H63D,Imunoblot ANA: SS-B/La,Mann-Whitney U,3019.5,0.3188508384176407,42.0,,136.0,0.0,,0.0,0.5956562011667533,False,,,,,,
HFE_H63D,Imunoblot ANA: SS-A/Ro60kD,Mann-Whitney U,3044.5,0.3281728504541358,42.0,,140.0,0.0,,0.0,0.5956562011667533,False,,,,,,
HFE_H63D,Reumat. faktor_S,Mann-Whitney U,3016.0,0.306274427553228,41.0,,135.0,10.0,,10.0,0.5956562011667533,False,,,,,,
HFE_H63D,B Ly _CD19+_ a.p.,Mann-Whitney U,175.5,0.31355060019197345,11.0,,40.0,87.0,,141.0,0.5956562011667533,False,,,,,,
HFE_H63D,Pomoc.TLy_CD4+,Mann-Whitney U,262.5,0.3353094573173544,11.0,,40.0,54.0,,49.0,0.5992487684667765,False,,,,,,
HFE_H63D,CYFRA  21-1_S,Mann-Whitney U,86.5,0.33693610000584795,5.0,,27.0,3.62,,1.99,0.5992487684667765,False,,,,,,
HFE_H63D,B Ly_ CD19+,Mann-Whitney U,177.5,0.3346722785995113,11.0,,40.0,8.0,,9.0,0.5992487684667765,False,,,,,,
HFE_H63D,IGG4,Mann-Whitney U,685.0,0.3415730655932028,22.0,,72.0,0.438,,0.629,0.6034457492146582,False,,,,,,
HFE_H63D,anti-LKM-1,Mann-Whitney U,628.0,0.34593742789606674,22.0,,66.0,0.2,,0.26,0.6056492094999238,False,,,,,,
HFE_H63D,Moč chemicky _ úplne: Bielkoviny,Mann-Whitney U,31838.5,0.34739124469429594,150.0,,445.0,0.3,,0.3,0.6056492094999238,False,,,,,,
HFE_C282Y,Etanol v sére,Mann-Whitney U,1478.5,0.329851021119849,15.0,,174.0,0.032,,0.03,0.6089557312981827,False,,,,,,
HFE_overall,NKbb._ CD16+CD56+,Mann-Whitney U,195.0,0.3183300340363534,,,,,,,0.612933136815913,False,37.0,13.0,,11.0,13.0,
HFE_overall,ELFO_S: alfa1_globulín,Kruskal-Wallis,2.278,0.32018895206801423,,,,,,,0.612933136815913,False,310.0,158.0,13.0,2.495,2.48,2.21
HFE_H63D,Krvný obr._DIFF_RET: Lymfocyty_%,Mann-Whitney U,1410.5,0.35525751788603377,27.0,,118.0,19.5,,20.55,0.6153153087568559,False,,,,,,
HFE_H63D,Krvný obr._DIFF_5pop: Leukocyty_WBC,Kruskal-Wallis,2.038,0.3609148738213676,335.0,35.0,927.0,7.0,6.3,7.0,0.617583924652358,False,,,,,,
HFE_H63D,Krvný obraz_RET: Stredný objem_RBC,Mann-Whitney U,75.5,0.36122833328722825,6.0,,20.0,97.85,,94.65,0.617583924652358,False,,,,,,
HFE_overall,Imunoblot Liver Pro: LC1,Mann-Whitney U,2147.5,0.32848810079809443,,,,,,,0.619963457844291,False,102.0,45.0,,0.0,0.0,
HFE_overall,CK-MB_S,Kruskal-Wallis,2.232,0.32760769026512065,,,,,,,0.619963457844291,False,255.0,133.0,14.0,0.376,0.376,0.346
HFE_overall,Ak.TLyCD3+HLADR+_ap,Mann-Whitney U,305.5,0.331557016182243,,,,,,,0.6213795827751127,False,37.0,14.0,,159.0,143.5,
HFE_overall,AMAM2,Mann-Whitney U,1947.5,0.33630909679578,,,,,,,0.6215919858018555,False,88.0,40.0,,1.025,0.58,
HFE_overall,Močový sediment: Erytrocyty,Mann-Whitney U,9992.0,0.33591808614205854,,,,,,,0.6215919858018555,False,196.0,96.0,,2026.0,2026.0,
HFE_overall,Krvný obr._DIFF_RET: Stredná konc._HGB,Kruskal-Wallis,2.155,0.3405299363662658,,,,,,,0.6237101695538082,False,103.0,40.0,5.0,30.7,30.45,30.7
HFE_overall,Močový sediment: Leukocyty,Kruskal-Wallis,2.133,0.34417052446024476,,,,,,,0.6237101695538082,False,284.0,148.0,5.0,2026.0,2026.0,2015.0
HFE_overall,Cholinesteráza_S,Mann-Whitney U,2823.0,0.35141878956203376,,,,,,,0.6237101695538082,False,117.0,53.0,,121.39,140.0,
HFE_overall,Imunoblot ANA: CENP-B,Mann-Whitney U,3567.0,0.3486541048992209,,,,,,,0.6237101695538082,False,126.0,55.0,,0.0,0.0,
HFE_overall,IGG4,Mann-Whitney U,1076.5,0.3467554737007884,,,,,,,0.6237101695538082,False,64.0,30.0,,0.668,0.438,
HFE_overall,CA 72-4_S,Mann-Whitney U,96.0,0.34941743174157636,,,,,,,0.6237101695538082,False,22.0,11.0,,1.25,1.89,
HFE_H63D,Imunoblot ANA: PM-Scl,Mann-Whitney U,2820.5,0.38973186927535375,42.0,,140.0,0.0,,0.0,0.6288983090003885,False,,,,,,
HFE_H63D,Krvný obr._DIFF_RET: Retikulocyty_%,Mann-Whitney U,1472.0,0.3715942894653568,28.0,,118.0,1.0,,1.25,0.6288983090003885,False,,,,,,
HFE_H63D,Krvný obr._DIFF_RET: Monocyty_%,Mann-Whitney U,1763.5,0.3878279293753323,27.0,,118.0,8.3,,7.7,0.6288983090003885,False,,,,,,
HFE_H63D,Imunoblot ANA: SmD1,Mann-Whitney U,2994.0,0.3778580441308761,42.0,,139.0,0.0,,0.0,0.6288983090003885,False,,,,,,
HFE_H63D,Krvný obraz: Šírka dist.kriv._RBC,Kruskal-Wallis,1.875,0.39157819239646824,454.0,5.0,1480.0,14.85,16.0,15.3,0.6288983090003885,False,,,,,,
HFE_H63D,Imunoblot ANA: PCNA,Mann-Whitney U,2819.0,0.3837806585672441,42.0,,140.0,0.0,,0.0,0.6288983090003885,False,,,,,,
HFE_H63D,AMA-M2,Mann-Whitney U,788.0,0.379505601917253,23.0,,78.0,1.01,,1.45,0.6288983090003885,False,,,,,,
HFE_H63D,LC1,Mann-Whitney U,689.0,0.3849335331760104,21.0,,75.0,0.64,,0.85,0.6288983090003885,False,,,,,,
HFE_H63D,Imunoblot ANA: Mi-2,Mann-Whitney U,2843.0,0.39100805387485893,42.0,,140.0,0.0,,0.0,0.6288983090003885,False,,,,,,
HFE_H63D,Glykémia_5/1,Mann-Whitney U,425.5,0.37711630015508657,18.0,,55.0,5.45,,6.3,0.6288983090003885,False,,,,,,
HFE_H63D,Krvný obr._DIFF_RET: Bazofily_%,Mann-Whitney U,1483.0,0.3948177260488519,28.0,,118.0,0.2,,0.2,0.6302813096562997,False,,,,,,
HFE_C282Y,Ceruloplazmín,Mann-Whitney U,4124.5,0.34760393013494184,24.0,,388.0,0.24,,0.25,0.6356186151038936,False,,,,,,
HFE_overall,CEA _S,Mann-Whitney U,480.5,0.3634931586428618,,,,,,,0.6408958323439932,False,41.0,27.0,,1.905,2.183,
HFE_C282Y,Trombínový čas,Mann-Whitney U,536.0,0.3715595265573417,9.0,,145.0,16.0,,18.7,0.6431339091156519,False,,,,,,
HFE_C282Y,Močový sediment A: Kvasinky,Mann-Whitney U,232.5,0.35990437949081633,7.0,,61.0,0.0,,0.0,0.6431339091156519,False,,,,,,
HFE_C282Y,Krvný obr._DIFF_5pop: Stredný objem_PLT,Kruskal-Wallis,2.037,0.36110970489185035,104.0,14.0,1146.0,10.55,10.55,10.9,0.6431339091156519,False,,,,,,
HFE_C282Y,Močový sediment: Erytrocyty,Mann-Whitney U,2059.5,0.3716142723828293,13.0,,280.0,2026.0,,2026.0,0.6431339091156519,False,,,,,,
HFE_C282Y,Imunoblot ANA: Nucleosomes,Mann-Whitney U,1046.5,0.37516144698413034,13.0,,171.0,0.0,,0.0,0.6431339091156519,False,,,,,,
HFE_C282Y,CK-MB_S,Mann-Whitney U,3509.0,0.37170106702315575,21.0,,378.0,0.337,,0.381,0.6431339091156519,False,,,,,,
HFE_C282Y,LC1,Mann-Whitney U,333.0,0.3727462374558299,6.0,,91.0,1.0,,0.78,0.6431339091156519,False,,,,,,
HFE_overall,Signál Meď,Mann-Whitney U,638.5,0.36814750719818334,,,,,,,0.6448596858111969,False,49.0,23.0,,2.25,1.9,
HFE_H63D,NT-proBNP,Kruskal-Wallis,1.777,0.41126685193945967,44.0,5.0,100.0,570.5,109.0,1387.0,0.6459851420363522,False,,,,,,
HFE_H63D,Osmolalita_S,Mann-Whitney U,106.5,0.4152242021477137,7.0,,38.0,288.0,,291.0,0.6459851420363522,False,,,,,,
HFE_H63D,anti-SLA/LP,Mann-Whitney U,649.5,0.4079302006533312,22.0,,67.0,0.755,,0.89,0.6459851420363522,False,,,,,,
HFE_H63D,Meď_S,Mann-Whitney U,6339.0,0.4168432425970423,65.0,,209.0,17.0,,17.9,0.6459851420363522,False,,,,,,
HFE_H63D,Leukocyty,Mann-Whitney U,202.0,0.4150795358490622,12.0,,40.0,5.45,,6.7,0.6459851420363522,False,,,,,,
HFE_C282Y,Močový sediment A: Epitélie,Mann-Whitney U,172.5,0.38113494348839116,7.0,,61.0,0.0,,1.0,0.6475921163696557,False,,,,,,
HFE_overall,Krvný obraz_RET: Šírka dist.kriv._RBC,Mann-Whitney U,88.5,0.37258773521372357,,,,,,,0.6483994353069995,False,18.0,8.0,,15.7,15.3,
HFE_overall,IgG_S,Kruskal-Wallis,1.94,0.37901861710422263,,,,,,,0.6514536012780437,False,314.0,149.0,15.0,11.6,11.4,12.24
HFE_overall,Horčík-S,Kruskal-Wallis,1.939,0.3792043350722941,,,,,,,0.6514536012780437,False,289.0,128.0,7.0,0.84,0.81,0.84
HFE_S65C,IgA_S,Mann-Whitney U,4629.0,0.38588223957581946,19.0,,436.0,3.45,,2.74,0.655088180663258,False,,,,,,
HFE_S65C,Moč chemicky _ úplne: Bielkoviny,Mann-Whitney U,12477.0,0.3831315037744536,42.0,,554.0,0.3,,0.3,0.655088180663258,False,,,,,,
HFE_S65C,alfa1 AT_S,Mann-Whitney U,1713.5,0.3911677625543195,12.0,,249.0,1.47,,1.46,0.655088180663258,False,,,,,,
HFE_S65C,Krvný obr._DIFF_5pop: Stredný objem_RBC,Mann-Whitney U,31552.5,0.38780763874654867,47.0,,1250.0,94.1,,92.3,0.655088180663258,False,,,,,,
HFE_C282Y,Imunoblot ANA: Mi-2,Mann-Whitney U,1053.0,0.401866790932226,13.0,,171.0,0.0,,0.0,0.6594763713577989,False,,,,,,
HFE_C282Y,Imunoblot ANA: SS-A/Ro60kD,Mann-Whitney U,1053.0,0.4018684137961587,13.0,,171.0,0.0,,0.0,0.6594763713577989,False,,,,,,
HFE_C282Y,Amoniak_B,Mann-Whitney U,11575.0,0.39579176251604486,34.0,,745.0,56.5,,59.0,0.6594763713577989,False,,,,,,
HFE_C282Y,Troponín T hs,Mann-Whitney U,853.0,0.39159905834891184,12.0,,167.0,3.016,,9.0,0.6594763713577989,False,,,,,,
HFE_H63D,IgE celkové FOOKE,Mann-Whitney U,128.0,0.43055587903599213,9.0,,24.0,26.12,,21.365,0.6595220112401036,False,,,,,,
HFE_H63D,Krvný obraz_RET: Hemoglobín_HGB,Mann-Whitney U,73.5,0.42861678923535196,6.0,,20.0,115.0,,102.5,0.6595220112401036,False,,,,,,
HFE_overall,Krvný obr._DIFF_RET: Leukocyty_WBC,Kruskal-Wallis,1.9,0.3866801476815578,,,,,,,0.660065475023296,False,103.0,40.0,5.0,6.5,5.9,7.9
HFE_S65C,LDH_ascites,Mann-Whitney U,127.5,0.4037616452975956,5.0,,66.0,0.9,,1.1,0.6681293892424499,False,,,,,,
HFE_overall,TSH_S,Kruskal-Wallis,1.856,0.3953155637278206,,,,,,,0.6705352599940249,False,219.0,112.0,16.0,1.99,1.854,2.625
HFE_H63D,CEA _S,Mann-Whitney U,352.5,0.4493479703594845,15.0,,54.0,1.789,,2.203,0.6733616444797662,False,,,,,,
HFE_H63D,ELFO_S: alfa1_globulín,Kruskal-Wallis,1.598,0.4497547587657307,115.0,11.0,355.0,2.45,2.21,2.5,0.6733616444797662,False,,,,,,
HFE_H63D,Krvný obraz_RET: Erytrocyty_RBC,Mann-Whitney U,73.0,0.4466654383484694,6.0,,20.0,3.74,,3.245,0.6733616444797662,False,,,,,,
HFE_H63D,Signál Meď,Mann-Whitney U,409.5,0.4457138029603984,17.0,,55.0,1.65,,2.23,0.6733616444797662,False,,,,,,
HFE_overall,T Ly_CD3+_ a.p.,Mann-Whitney U,299.0,0.4044377604066588,,,,,,,0.6792002678884235,False,37.0,14.0,,1302.0,1083.0,
HFE_overall,ANA,Mann-Whitney U,8697.0,0.40549269724682,,,,,,,0.6792002678884235,False,184.0,89.0,,0.345,0.31,
HFE_H63D,Krvný obraz_RET: Hematokrit_HCT,Mann-Whitney U,73.0,0.45702992659514396,6.0,,20.0,0.357,,0.307,0.6804097221781638,False,,,,,,
HFE_H63D,CA 19-9_S,Mann-Whitney U,323.0,0.4607758909591926,14.0,,53.0,5.5,,7.8,0.682154251978693,False,,,,,,
HFE_H63D,Krvný obr._DIFF_RET: Erytrocyty_RBC,Mann-Whitney U,1800.0,0.46343998375642315,28.0,,118.0,3.89,,3.855,0.6822866427525118,False,,,,,,
HFE_H63D,Cyt.TLy_CD8+_a.p,Mann-Whitney U,188.0,0.47065644315292243,11.0,,40.0,271.0,,371.5,0.6890826377653284,False,,,,,,
HFE_overall,Krvný obr._DIFF_RET: Eozinofily_#,Kruskal-Wallis,1.746,0.41772965408406626,,,,,,,0.6953512254318619,False,103.0,39.0,5.0,0.1,0.09,0.09
HFE_C282Y,Imunoblot ANA: Ku,Mann-Whitney U,1059.5,0.43109314855518277,13.0,,171.0,0.0,,0.0,0.7014396993440262,False,,,,,,
HFE_overall,Krvný obr._DIFF_5pop: Monocyty_%,Kruskal-Wallis,1.714,0.4245109569596771,,,,,,,0.702277385587614,False,786.0,461.0,49.0,7.95,8.1,7.8
HFE_H63D,Krvný obr._DIFF_RET: Bazofily_#,Mann-Whitney U,1514.0,0.4832552039293332,28.0,,118.0,0.01,,0.01,0.7036408189080949,False,,,,,,
HFE_C282Y,C4_S,Mann-Whitney U,1139.0,0.4361488448773714,14.0,,186.0,0.205,,0.22,0.7037023379534059,False,,,,,,
HFE_H63D,ELFO_S: alfa2_globulín,Kruskal-Wallis,1.443,0.4860661898143276,115.0,11.0,355.0,6.3,6.47,6.69,0.7038663404415125,False,,,,,,
HFE_H63D,Krvný obraz_RET: Šírka dist.kriv._RBC,Mann-Whitney U,48.5,0.5018969338916455,6.0,,20.0,15.3,,15.7,0.7150682122649787,False,,,,,,
HFE_H63D,T4f_S,Mann-Whitney U,2071.5,0.49711203704768403,35.0,,128.0,14.7,,14.85,0.7150682122649787,False,,,,,,
HFE_H63D,Krvný obr._DIFF_RET: Eozinofily_#,Mann-Whitney U,1460.0,0.5004393843171453,27.0,,118.0,0.08,,0.105,0.7150682122649787,False,,,,,,
HFE_C282Y,Imunoblot ANA: CENP-B,Mann-Whitney U,1158.0,0.4534190526993388,13.0,,171.0,0.0,,0.0,0.7155448984448614,False,,,,,,
HFE_C282Y,D_dimer INOV,Mann-Whitney U,237.0,0.45015337134458844,7.0,,82.0,210.0,,1205.0,0.7155448984448614,False,,,,,,
HFE_C282Y,Imunoblot ANA: Histones,Mann-Whitney U,1024.5,0.4546691542201723,13.0,,171.0,0.0,,0.0,0.7155448984448614,False,,,,,,
HFE_C282Y,Cholest-celk._S,Mann-Whitney U,10078.5,0.45857816371833937,44.0,,429.0,4.92,,4.71,0.7158293287310663,False,,,,,,
HFE_H63D,GF-rozdiel,Mann-Whitney U,190.0,0.5098156379703556,16.0,,21.0,-2.58,,0.94,0.7224660110275092,False,,,,,,
HFE_H63D,Imunoblot ANA: SS-A/Ro52kD,Mann-Whitney U,2852.0,0.5128198146338006,42.0,,140.0,0.0,,0.0,0.7228577174359422,False,,,,,,
HFE_overall,Imunoblot ANA: PM-Scl,Mann-Whitney U,3580.5,0.44379901112030595,,,,,,,0.7252325303673293,False,126.0,55.0,,0.0,0.0,
HFE_overall,Močový sediment: Valce,Mann-Whitney U,752.5,0.4414299288619923,,,,,,,0.7252325303673293,False,52.0,32.0,,1.0,1.0,
HFE_overall,Kreatinín_U (zbier.),Mann-Whitney U,171.0,0.4482408685024878,,,,,,,0.7280518349010104,False,21.0,19.0,,5190.0,6070.0,
HFE_C282Y,Glykémia_5/3,Mann-Whitney U,298.5,0.47336558919899574,7.0,,102.0,6.1,,8.1,0.7329531703726386,False,,,,,,
HFE_C282Y,Močový sediment A: Hlienové vlákna,Mann-Whitney U,178.0,0.4797647947560776,7.0,,61.0,40.0,,41.0,0.7369187247453352,False,,,,,,
HFE_overall,ABR_artéria: BB_B,Mann-Whitney U,2717.5,0.4578059019169818,,,,,,,0.739108323576814,False,123.0,41.0,,43.5,43.5,
HFE_overall,Leukocyty,Mann-Whitney U,294.0,0.46619610837449865,,,,,,,0.739293236948909,False,37.0,14.0,,6.9,5.75,
HFE_overall,Krvný obr._DIFF_5pop: Leukocyty_WBC,Kruskal-Wallis,1.536,0.46400800337914594,,,,,,,0.739293236948909,False,787.0,461.0,49.0,7.0,7.0,6.4
HFE_overall,CA 19-9_S,Mann-Whitney U,582.5,0.46598305034866905,,,,,,,0.739293236948909,False,39.0,27.0,,7.8,5.8,
HFE_C282Y,Krvný obr._DIFF_5pop: Monocyty_%,Kruskal-Wallis,1.43,0.48913686873626183,105.0,14.0,1177.0,7.6,8.0,8.0,0.739482510215451,False,,,,,,
HFE_C282Y,Glykémia_5/2,Mann-Whitney U,166.5,0.48824830894749427,5.0,,82.0,7.4,,10.35,0.739482510215451,False,,,,,,
HFE_C282Y,Imunoblot ANA: Scl-70,Mann-Whitney U,1072.5,0.49910083880364675,13.0,,171.0,0.0,,0.0,0.7428321832449075,False,,,,,,
HFE_C282Y,Imunoblot ANA: Jo-1,Mann-Whitney U,1072.5,0.4991030219379806,13.0,,171.0,0.0,,0.0,0.7428321832449075,False,,,,,,
HFE_C282Y,Imunoblot ANA: U1-sn RNP,Mann-Whitney U,1179.0,0.5029592907387395,13.0,,171.0,0.0,,0.0,0.7428321832449075,False,,,,,,
HFE_overall,Krvný obr._DIFF_RET: Neutrofily_#,Kruskal-Wallis,1.501,0.47213736311672005,,,,,,,0.7443106665604763,False,103.0,39.0,5.0,4.11,3.8,5.08
HFE_H63D,Močový sediment A: Epitélie,Mann-Whitney U,563.0,0.5319430367762008,23.0,,45.0,1.0,,0.0,0.7458460568555196,False,,,,,,
HFE_C282Y,Krvný obr._DIFF_RET: Nezrelé formy RET,Mann-Whitney U,287.0,0.51261220522888,5.0,,139.0,6.1,,8.2,0.7513094916331676,False,,,,,,
HFE_overall,anti-SLA/LP,Mann-Whitney U,1029.5,0.4804277352940074,,,,,,,0.752951070519263,False,54.0,35.0,,0.89,0.83,
HFE_H63D,c-ANCA,Mann-Whitney U,1117.5,0.5587057818916612,23.0,,90.0,1.46,,1.33,0.7575969244168291,False,,,,,,
HFE_H63D,Imunoblot ANA: Scl-70,Mann-Whitney U,2994.5,0.5598959659797967,42.0,,140.0,0.0,,0.0,0.7575969244168291,False,,,,,,
HFE_H63D,Quickov test: PT_%,Kruskal-Wallis,1.165,0.5585876351914986,493.0,26.0,1543.0,72.2,80.4,73.0,0.7575969244168291,False,,,,,,
HFE_H63D,Imunoblot ANA: Nucleosomes,Mann-Whitney U,3011.5,0.5482335564996331,42.0,,140.0,0.0,,0.0,0.7575969244168291,False,,,,,,
HFE_H63D,Cholinesteráza_S,Mann-Whitney U,2567.0,0.5556771304709811,36.0,,134.0,140.31,,123.97,0.7575969244168291,False,,,,,,
HFE_H63D,HbA1c %,Mann-Whitney U,249.0,0.5470500027555574,14.0,,40.0,7.15,,7.05,0.7575969244168291,False,,,,,,
HFE_H63D,HbA1c,Mann-Whitney U,250.0,0.5603358384365982,14.0,,40.0,55.5,,54.5,0.7575969244168291,False,,,,,,
HFE_overall,HbA1c %,Mann-Whitney U,341.0,0.489177280288437,,,,,,,0.7578006422965383,False,38.0,16.0,,7.05,7.1,
HFE_overall,Krvný obraz_RET: Stred. far.konc._HGB,Mann-Whitney U,85.0,0.4870310184515667,,,,,,,0.7578006422965383,False,18.0,8.0,,333.5,329.5,
HFE_overall,HbA1c,Mann-Whitney U,340.5,0.4952220663582837,,,,,,,0.7604436104789035,False,38.0,16.0,,54.5,55.0,
HFE_overall,anti-LKM-1,Mann-Whitney U,1007.5,0.49655832773808994,,,,,,,0.7604436104789035,False,53.0,35.0,,0.26,0.25,
HFE_overall,Osmolalita_S,Mann-Whitney U,213.0,0.5003822006836405,,,,,,,0.7619456237682708,False,34.0,11.0,,291.0,288.0,
HFE_H63D,Quickov test: PT_INR,Kruskal-Wallis,1.135,0.5668256886382765,493.0,26.0,1543.0,1.18,1.11,1.17,0.7624812562900675,False,,,,,,
HFE_H63D,Trombínový čas,Mann-Whitney U,2477.5,0.5700268332139643,41.0,,114.0,19.3,,18.4,0.7629147010186895,False,,,,,,
HFE_S65C,Kalcium-S,Mann-Whitney U,27936.0,0.46791381595047454,52.0,,1014.0,2.18,,2.15,0.7651767107895995,False,,,,,,
HFE_S65C,Beta2 mikroglob. _S,Mann-Whitney U,353.5,0.4805392386028734,5.0,,119.0,3.4,,2.9,0.7677580938597631,False,,,,,,
HFE_S65C,C3_S,Mann-Whitney U,682.0,0.47606034603341585,6.0,,194.0,1.19,,1.08,0.7677580938597631,False,,,,,,
HFE_S65C,Quickov test: PT_INR,Mann-Whitney U,99290.0,0.48607256810792177,97.0,,1965.0,1.17,,1.17,0.7677737155341038,False,,,,,,
HFE_S65C,Močový sediment: Valce,Mann-Whitney U,232.5,0.4980773400298376,7.0,,78.0,0.0,,1.0,0.7692527807127492,False,,,,,,
HFE_S65C,Krvný obr._DIFF_5pop: Trombocyty_PLT,Mann-Whitney U,27661.0,0.4966754104734824,47.0,,1250.0,200.0,,218.0,0.7692527807127492,False,,,,,,
HFE_H63D,NKbb._CD16+CD56+_ap,Mann-Whitney U,244.5,0.5825360764572265,11.0,,40.0,213.0,,155.5,0.7718603013058251,False,,,,,,
HFE_H63D,Krvný obr._DIFF_5pop: Trombocyty_PLT,Kruskal-Wallis,1.089,0.5801135524073306,335.0,35.0,927.0,207.0,227.0,219.0,0.7718603013058251,False,,,,,,
HFE_C282Y,CVK_S,Mann-Whitney U,1039.0,0.5346519616268876,10.0,,186.0,53.85,,46.45,0.7769275627277417,False,,,,,,
HFE_C282Y,Imunoblot ANA: SmD1,Mann-Whitney U,1072.5,0.5381841970978627,13.0,,170.0,0.0,,0.0,0.7769275627277417,False,,,,,,
HFE_overall,Punktát_WBC,Mann-Whitney U,1775.5,0.5132203872822209,,,,,,,0.7770794564499163,False,65.0,51.0,,0.18,0.17,
HFE_H63D,ANA  HEp-2,Mann-Whitney U,303.5,0.59003264188979,14.0,,48.0,5.095,,6.13,0.7779037318447479,False,,,,,,
HFE_H63D,ABR_artéria: HCO3_B - akt.,Mann-Whitney U,2140.5,0.5932389908852493,35.0,,130.0,20.2,,21.9,0.7782590722009458,False,,,,,,
HFE_overall,Krvný obr._DIFF_RET: Hemoglobín_HGB,Kruskal-Wallis,1.274,0.5288668966709724,,,,,,,0.7789352552089532,False,103.0,40.0,5.0,118.0,119.0,135.0
HFE_overall,PSAc_S,Mann-Whitney U,89.0,0.5289784195821996,,,,,,,0.7789352552089532,False,14.0,11.0,,0.567,0.47,
HFE_overall,NKbb._CD16+CD56+_ap,Mann-Whitney U,211.5,0.5284297156270548,,,,,,,0.7789352552089532,False,37.0,13.0,,156.0,213.0,
HFE_overall,Krvný obr._DIFF_RET: Monocyty_%,Kruskal-Wallis,1.304,0.5211133824890252,,,,,,,0.7789352552089532,False,103.0,39.0,5.0,7.7,8.3,7.0
HFE_overall,ABR_artéria: pH_B,Mann-Whitney U,2692.0,0.5185373907266544,,,,,,,0.7789352552089532,False,123.0,41.0,,7.377,7.361,
HFE_C282Y,Saturácia Trf,Mann-Whitney U,5754.5,0.5479870638875978,31.0,,397.0,30.996,,32.409,0.7793593797512501,False,,,,,,
HFE_C282Y,Krvný obr._DIFF_RET: Eozinofily_%,Mann-Whitney U,291.5,0.5444657222213884,5.0,,139.0,1.5,,1.9,0.7793593797512501,False,,,,,,
HFE_overall,Kortizol_S_ a.m.,Mann-Whitney U,43.0,0.5349118116145979,,,,,,,0.7833681175558046,False,15.0,7.0,,426.0,582.0,
HFE_overall,Imunoblot ANA: SS-B/La,Mann-Whitney U,3245.5,0.5384070729047548,,,,,,,0.7834114553311827,False,122.0,55.0,,0.0,0.0,
HFE_overall,Krvný obr._DIFF_RET: Trombocyty_PLT,Kruskal-Wallis,1.229,0.5407877583442866,,,,,,,0.7834114553311827,False,103.0,40.0,5.0,199.0,192.5,234.0
HFE_H63D,Krvný obr._DIFF_RET: Retikulocyty_#,Mann-Whitney U,1548.0,0.6069263958357477,28.0,,118.0,41.4,,50.7,0.7884092887082016,False,,,,,,
HFE_H63D,Imunoreg.index_IRI,Mann-Whitney U,243.0,0.606005128956765,11.0,,40.0,2.3,,2.1,0.7884092887082016,False,,,,,,
HFE_H63D,Pomoc.TLy_CD4+_a.p,Mann-Whitney U,198.0,0.6224501991872626,11.0,,40.0,733.0,,754.0,0.7892311138020316,False,,,,,,
HFE_H63D,Saturácia Trf,Kruskal-Wallis,0.966,0.6169981923865757,106.0,8.0,316.0,34.745,33.788,32.278,0.7892311138020316,False,,,,,,
HFE_H63D,"ELFO_S: beta1,2_globulín",Kruskal-Wallis,0.954,0.6207474415484557,113.0,11.0,350.0,8.87,8.63,8.895,0.7892311138020316,False,,,,,,
HFE_H63D,LKM1,Mann-Whitney U,1335.5,0.6166053109687308,27.0,,93.0,0.41,,0.32,0.7892311138020316,False,,,,,,
HFE_H63D,C4_S,Mann-Whitney U,3074.5,0.6174201669195266,41.0,,158.0,0.21,,0.22,0.7892311138020316,False,,,,,,
HFE_overall,Krvný obr._DIFF_RET: Monocyty_#,Kruskal-Wallis,1.196,0.5498095550387629,,,,,,,0.792198713711766,False,103.0,39.0,5.0,0.53,0.52,0.56
HFE_overall,T Ly_CD3+,Mann-Whitney U,287.5,0.5537168381712307,,,,,,,0.7935620996250794,False,37.0,14.0,,80.0,77.5,
HFE_S65C,Quickov test: PT_%,Mann-Whitney U,91645.5,0.5229761348934738,97.0,,1965.0,71.6,,73.0,0.798831678573548,False,,,,,,
HFE_overall,Imunoblot ANA: SS-A/Ro52kD,Mann-Whitney U,3550.0,0.5603793458334327,,,,,,,0.7988386419327658,False,126.0,55.0,,0.0,0.0,
HFE_H63D,Močový sediment A: Erytrocyty,Mann-Whitney U,475.0,0.6385689531957375,23.0,,44.0,4.0,,4.0,0.8058132028422401,False,,,,,,
HFE_S65C,Fosfor_S,Mann-Whitney U,2864.5,0.533532289540285,21.0,,297.0,1.02,,1.05,0.8060976983271696,False,,,,,,
HFE_S65C,Cholinesteráza_S,Mann-Whitney U,641.0,0.5449933131291592,9.0,,162.0,120.09,,126.485,0.8064627740713435,False,,,,,,
HFE_S65C,Horčík-S,Mann-Whitney U,4265.5,0.5453777033288222,23.0,,401.0,0.82,,0.83,0.8064627740713435,False,,,,,,
HFE_S65C,Krvný obr._DIFF_RET: Monocyty_#,Mann-Whitney U,556.0,0.5511991675395337,7.0,,140.0,0.58,,0.525,0.806491413557844,False,,,,,,
HFE_C282Y,Krvný obr._DIFF_5pop: Lymfocyty_%,Kruskal-Wallis,1.046,0.5928070254255748,105.0,14.0,1178.0,20.7,20.25,20.2,0.8065776619645598,False,,,,,,
HFE_C282Y,Antitrombín III,Mann-Whitney U,245.0,0.5729767001473933,5.0,,85.0,65.5,,68.7,0.8065776619645598,False,,,,,,
HFE_C282Y,Močový sediment A: Leukocyty,Mann-Whitney U,178.0,0.593359934523972,7.0,,58.0,5.0,,7.0,0.8065776619645598,False,,,,,,
HFE_C282Y,Krvný obr._DIFF_RET: Monocyty_#,Mann-Whitney U,298.5,0.5965313958279558,5.0,,139.0,0.42,,0.53,0.8065776619645598,False,,,,,,
HFE_C282Y,Beta2 mikroglob. _S,Mann-Whitney U,401.0,0.5879389688397927,6.0,,118.0,3.45,,2.9,0.8065776619645598,False,,,,,,
HFE_C282Y,C3_S,Mann-Whitney U,1179.5,0.5798816912928115,14.0,,185.0,1.08,,1.09,0.8065776619645598,False,,,,,,
HFE_C282Y,Imunoblot ANA: Rib-PO,Mann-Whitney U,1053.5,0.5887665463920767,13.0,,171.0,0.0,,0.0,0.8065776619645598,False,,,,,,
HFE_overall,GF(S)-Cockroft,Mann-Whitney U,152.0,0.5738956233180774,,,,,,,0.8094948792065513,False,19.0,18.0,,0.97,1.11,
HFE_overall,Močový sediment A: Erytrocyty,Mann-Whitney U,584.5,0.5731917266688537,,,,,,,0.8094948792065513,False,39.0,28.0,,4.0,4.0,
HFE_overall,Krvný obraz_RET: Stredná konc._HGB,Mann-Whitney U,61.5,0.5784497697586836,,,,,,,0.811646797357734,False,18.0,8.0,,31.55,32.05,
HFE_S65C,Močový sediment: Erytrocyty,Mann-Whitney U,2525.5,0.5957121817613157,17.0,,278.0,2026.0,,2026.0,0.8140139938275422,False,,,,,,
HFE_S65C,Etanol v sére,Mann-Whitney U,619.5,0.5827584686214373,6.0,,185.0,0.033,,0.03,0.8140139938275422,False,,,,,,
HFE_S65C,Krvný obr._DIFF_RET: Lymfocyty_%,Mann-Whitney U,428.5,0.5789827918879444,7.0,,140.0,20.7,,20.1,0.8140139938275422,False,,,,,,
HFE_S65C,Vitamín B12,Mann-Whitney U,2425.0,0.5973340098590598,16.0,,281.0,816.5,,662.0,0.8140139938275422,False,,,,,,
HFE_S65C,Krvný obr._DIFF_5pop: Hemoglobín_HGB,Mann-Whitney U,28014.5,0.5895108709626762,47.0,,1250.0,122.0,,122.0,0.8140139938275422,False,,,,,,
HFE_S65C,Krvný obr._DIFF_RET: Leukocyty_WBC,Mann-Whitney U,552.5,0.5971546955765048,7.0,,141.0,6.9,,6.4,0.8140139938275422,False,,,,,,
HFE_S65C,Ceruloplazmín,Mann-Whitney U,3283.5,0.5953940402040326,18.0,,394.0,0.245,,0.25,0.8140139938275422,False,,,,,,
HFE_H63D,Krvný obr._DIFF_RET: Šírka dist.kriv._RBC,Mann-Whitney U,1503.0,0.6493034117760641,27.0,,118.0,14.6,,14.7,0.8144517309142429,False,,,,,,
HFE_H63D,LDH_ascites,Mann-Whitney U,601.5,0.6515613847313944,24.0,,47.0,1.3,,1.1,0.8144517309142429,False,,,,,,
HFE_overall,Krvný obr._DIFF_RET: Stredný objem_RBC,Kruskal-Wallis,1.066,0.5866979604347371,,,,,,,0.815142206525785,False,103.0,40.0,5.0,92.2,93.4,93.6
HFE_overall,Amoniak_P,Mann-Whitney U,1747.5,0.5870240517144645,,,,,,,0.815142206525785,False,60.0,55.0,,60.5,50.0,
HFE_overall,ABR_artéria: BE_B,Mann-Whitney U,2656.5,0.6094813090305575,,,,,,,0.8158415719369467,False,123.0,41.0,,-3.6,-2.8,
HFE_overall,Krvný obr._DIFF_RET: Bazofily_%,Kruskal-Wallis,1.007,0.6045306386182885,,,,,,,0.8158415719369467,False,103.0,40.0,5.0,0.2,0.2,0.1
HFE_overall,Cyt.TLy_CD8+_a.p,Mann-Whitney U,264.0,0.6109632654075642,,,,,,,0.8158415719369467,False,37.0,13.0,,360.0,302.0,
HFE_overall,Imunoblot ANA: AMA-M2,Mann-Whitney U,3371.5,0.5981408029077306,,,,,,,0.8158415719369467,False,126.0,55.0,,0.0,0.0,
HFE_overall,ABR_artéria: HCO3_B -  stand.,Mann-Whitney U,2662.5,0.5936199650620936,,,,,,,0.8158415719369467,False,123.0,41.0,,21.2,21.8,
HFE_overall,Močový sediment A: Epitélie,Mann-Whitney U,521.5,0.6118811789527101,,,,,,,0.8158415719369467,False,40.0,28.0,,0.0,1.0,
HFE_overall,alfa1 AT_S,Mann-Whitney U,7450.0,0.5905788585997366,,,,,,,0.8158415719369467,False,181.0,79.0,,1.47,1.39,
HFE_overall,Imunoblot ANA: Rib-PO,Mann-Whitney U,3562.5,0.6051051972966337,,,,,,,0.8158415719369467,False,126.0,55.0,,0.0,0.0,
HFE_H63D,PSAc_S,Mann-Whitney U,68.0,0.6564565868913694,6.0,,20.0,0.97,,0.554,0.8167182888554597,False,,,,,,
HFE_S65C,ANA,Mann-Whitney U,1083.5,0.6056612150861795,9.0,,268.0,0.34,,0.34,0.8173486300677569,False,,,,,,
HFE_S65C,Bielkoviny_S,Mann-Whitney U,73760.0,0.6134629906816046,85.0,,1681.0,69.8,,69.7,0.8199168817763755,False,,,,,,
HFE_overall,Močový sediment A: Baktérie,Mann-Whitney U,477.5,0.641267841218329,,,,,,,0.8222956050072353,False,38.0,27.0,,277.5,377.0,
HFE_overall,Glykémia_3/2,Mann-Whitney U,456.5,0.6284373057318575,,,,,,,0.8222956050072353,False,47.0,18.0,,10.5,9.8,
HFE_overall,Albumín_U (jednoráz),Mann-Whitney U,71.0,0.6248941899182331,,,,,,,0.8222956050072353,False,18.0,9.0,,10.515,11.4,
HFE_overall,Chol.celk._ascites,Mann-Whitney U,708.5,0.6336930028844237,,,,,,,0.8222956050072353,False,45.0,30.0,,1.29,1.29,
HFE_overall,IgE celkové FOOKE,Mann-Whitney U,113.0,0.6399270893439001,,,,,,,0.8222956050072353,False,21.0,12.0,,22.62,23.005,
HFE_overall,LDH_ascites,Mann-Whitney U,666.0,0.6301252187892299,,,,,,,0.8222956050072353,False,39.0,32.0,,1.1,1.2,
HFE_overall,Imunoblot Liver Pro: AMA-M2,Mann-Whitney U,2214.5,0.6236013849131388,,,,,,,0.8222956050072353,False,102.0,45.0,,0.0,0.0,
HFE_overall,GF-rozdiel,Mann-Whitney U,155.0,0.6376433969579411,,,,,,,0.8222956050072353,False,19.0,18.0,,0.94,-2.58,
HFE_H63D,Krvný obr._DIFF_RET: Eozinofily_%,Mann-Whitney U,1678.0,0.6675615038183504,27.0,,118.0,1.8,,1.9,0.8266532640741255,False,,,,,,
HFE_C282Y,Moč chemicky _ úplne: pH,Kruskal-Wallis,0.963,0.6180023888228783,28.0,6.0,562.0,5.0,5.5,6.0,0.8297654451328156,False,,,,,,
HFE_overall,Imunoblot ANA: SmD1,Mann-Whitney U,3396.0,0.6546986533841763,,,,,,,0.8315603749144987,False,125.0,55.0,,0.0,0.0,
HFE_overall,Moč chemický A: UBG,Mann-Whitney U,508.0,0.652343724090455,,,,,,,0.8315603749144987,False,40.0,27.0,,16.0,16.0,
HFE_H63D,Krvný obraz: Leukocyty_WBC,Kruskal-Wallis,0.785,0.6753995568461991,461.0,5.0,1482.0,7.1,7.8,7.2,0.8324692212290361,False,,,,,,
HFE_overall,Moč chemický A: Špec. hmotnosť,Mann-Whitney U,574.5,0.6633761413590722,,,,,,,0.8346704501607106,False,40.0,27.0,,1.018,1.016,
HFE_overall,Imunoblot ANA: SS-A/Ro60kD,Mann-Whitney U,3414.0,0.6618223030763968,,,,,,,0.8346704501607106,False,126.0,55.0,,0.0,0.0,
HFE_overall,Pomoc.TLy_CD4+_a.p,Mann-Whitney U,260.0,0.6743177629249173,,,,,,,0.8366940399050491,False,37.0,13.0,,743.0,733.0,
HFE_overall,CA 125_S,Mann-Whitney U,81.0,0.6782730566129376,,,,,,,0.8366940399050491,False,15.0,12.0,,19.2,18.45,
HFE_overall,HBDH_S,Mann-Whitney U,36.0,0.6805944055944056,,,,,,,0.8366940399050491,False,7.0,9.0,,4.6,3.5,
HFE_overall,Transferín_S,Kruskal-Wallis,0.772,0.6798221464927804,,,,,,,0.8366940399050491,False,330.0,167.0,12.0,2.4,2.4,2.45
HFE_overall,ABR_artéria: PCO2_B,Mann-Whitney U,2412.5,0.6803071326011164,,,,,,,0.8366940399050491,False,123.0,41.0,,4.91,5.33,
HFE_H63D,ANA,Mann-Whitney U,6348.0,0.6837405561003544,62.0,,212.0,0.31,,0.345,0.8388483674379349,False,,,,,,
HFE_S65C,Krvný obr._DIFF_RET: Retikulocyty_#,Mann-Whitney U,440.5,0.6353253034604738,7.0,,141.0,50.3,,50.0,0.841049687438151,False,,,,,,
HFE_H63D,Feritin_S,Kruskal-Wallis,0.685,0.7100238965802819,157.0,18.0,479.0,264.56,232.115,229.99,0.8442660014782141,False,,,,,,
HFE_H63D,AST_S,Kruskal-Wallis,0.665,0.717062243047688,772.0,50.0,2362.0,0.8,0.715,0.81,0.8442660014782141,False,,,,,,
HFE_H63D,Imunoblot Liver Pro: LC1,Mann-Whitney U,1935.0,0.6944476602458556,33.0,,114.0,0.0,,0.0,0.8442660014782141,False,,,,,,
HFE_H63D,Aktiv.TLy_CD3+HLADR+,Mann-Whitney U,223.0,0.7193233239216199,12.0,,40.0,11.0,,11.0,0.8442660014782141,False,,,,,,
HFE_H63D,Proteinúria kvant._U,Mann-Whitney U,240.0,0.7113277447446014,14.0,,32.0,0.175,,0.161,0.8442660014782141,False,,,,,,
HFE_H63D,NSE_S,Mann-Whitney U,982.0,0.7200155333361373,22.0,,85.0,14.895,,14.78,0.8442660014782141,False,,,,,,
HFE_H63D,Imunoblot Liver Pro: LKM1,Mann-Whitney U,1930.5,0.702666652665945,33.0,,114.0,0.0,,0.0,0.8442660014782141,False,,,,,,
HFE_H63D,Močový sediment A: Baktérie,Mann-Whitney U,444.5,0.697881041535638,22.0,,43.0,301.0,,302.0,0.8442660014782141,False,,,,,,
HFE_H63D,T3f_S,Mann-Whitney U,584.5,0.7058373896130903,18.0,,69.0,3.55,,3.7,0.8442660014782141,False,,,,,,
HFE_H63D,Krvný obr._DIFF_RET: Stredná konc._HGB,Mann-Whitney U,1730.0,0.7000297139235789,28.0,,118.0,31.6,,30.5,0.8442660014782141,False,,,,,,
HFE_overall,Glykémia_5/2,Mann-Whitney U,853.5,0.6931672262848059,,,,,,,0.8482594367320913,False,60.0,27.0,,10.5,9.9,
HFE_overall,Meď_S,Mann-Whitney U,8613.5,0.6972248747432821,,,,,,,0.8493466655963618,False,182.0,92.0,,17.9,17.62,
HFE_H63D,NVK_S,Mann-Whitney U,3579.0,0.7283341797181926,54.0,,137.0,27.25,,30.3,0.8502579631071411,False,,,,,,
HFE_H63D,Imunoblot ANA: U1-sn RNP,Mann-Whitney U,2995.0,0.7316352330674807,42.0,,140.0,0.0,,0.0,0.8503655121179051,False,,,,,,
HFE_C282Y,Krvný obr._DIFF_5pop: Neutrofily_#,Kruskal-Wallis,0.899,0.6379503037562051,105.0,14.0,1176.0,5.02,4.775,4.48,0.8506004050082735,False,,,,,,
HFE_S65C,Krvný obr._DIFF_RET: Retikulocyty_%,Mann-Whitney U,443.0,0.6510730163578684,7.0,,141.0,1.3,,1.2,0.8537655591862614,False,,,,,,
HFE_overall,Imunoreg.index_IRI,Mann-Whitney U,224.0,0.7232202972779997,,,,,,,0.8730767552725403,False,37.0,13.0,,2.1,2.2,
HFE_overall,Imunoblot ANA: Ku,Mann-Whitney U,3506.5,0.7225018609427785,,,,,,,0.8730767552725403,False,126.0,55.0,,0.0,0.0,
HFE_H63D,C3_S,Mann-Whitney U,3116.5,0.7560370077372923,41.0,,157.0,1.1,,1.09,0.8737312047168787,False,,,,,,
HFE_H63D,p-ANCA,Mann-Whitney U,1102.5,0.7583327437165363,23.0,,92.0,1.1,,1.19,0.8737312047168787,False,,,,,,
HFE_S65C,AMA-M2,Mann-Whitney U,297.0,0.6735491786842054,7.0,,94.0,1.23,,1.4,0.8749844470757434,False,,,,,,
HFE_C282Y,Krvný obr._DIFF_RET: Šírka dist.kriv._RBC,Mann-Whitney U,308.0,0.670317722035722,5.0,,139.0,14.3,,14.8,0.8755170246997185,False,,,,,,
HFE_C282Y,Krvný obr._DIFF_RET: Eozinofily_#,Mann-Whitney U,307.5,0.6660700289360308,5.0,,139.0,0.09,,0.1,0.8755170246997185,False,,,,,,
HFE_C282Y,Krvný obr._DIFF_RET: Neutrofily_#,Mann-Whitney U,307.5,0.6664403389592222,5.0,,139.0,4.27,,3.98,0.8755170246997185,False,,,,,,
HFE_overall,Krvný obr._DIFF_RET: Retikulocyty_%,Kruskal-Wallis,0.602,0.7399884881926525,,,,,,,0.8767136509107453,False,103.0,40.0,5.0,1.3,1.2,1.0
HFE_overall,C3_S,Mann-Whitney U,4270.0,0.742589547599773,,,,,,,0.8767136509107453,False,136.0,61.0,,1.08,1.12,
HFE_overall,Quickov test: PT_%,Kruskal-Wallis,0.617,0.7346487362772416,,,,,,,0.8767136509107453,False,1335.0,678.0,49.0,73.0,72.95,76.4
HFE_overall,NVK_S,Mann-Whitney U,4128.0,0.7303763506305956,,,,,,,0.8767136509107453,False,115.0,74.0,,29.9,29.25,
HFE_overall,Pomoc.TLy_CD4+,Mann-Whitney U,225.0,0.7397147318007948,,,,,,,0.8767136509107453,False,37.0,13.0,,50.0,52.0,
HFE_H63D,Chol.celk._ascites,Mann-Whitney U,618.0,0.7648108211826392,23.0,,52.0,1.29,,1.29,0.8773803792787852,False,,,,,,
HFE_C282Y,Imunoblot ANA: SS-B/La,Mann-Whitney U,1128.0,0.6771519811749036,13.0,,167.0,0.0,,0.0,0.8784674350377129,False,,,,,,
HFE_C282Y,Močový sediment: Leukocyty,Mann-Whitney U,4507.0,0.6909726382884109,23.0,,410.0,2026.0,,2026.0,0.8850851314789596,False,,,,,,
HFE_C282Y,IGG4,Mann-Whitney U,300.0,0.6914727589679371,6.0,,91.0,0.637,,0.489,0.8850851314789596,False,,,,,,
HFE_overall,Krvný obr._DIFF_RET: Bazofily_#,Kruskal-Wallis,0.558,0.7566331238286187,,,,,,,0.885492040113842,False,103.0,40.0,5.0,0.01,0.01,0.01
HFE_overall,Moč chemicky _ úplne: Bielkoviny,Kruskal-Wallis,0.561,0.755271229405143,,,,,,,0.885492040113842,False,377.0,212.0,7.0,0.3,0.3,0.3
HFE_S65C,Punktát_WBC,Mann-Whitney U,416.5,0.6890435102072796,7.0,,109.0,0.2,,0.17,0.8863565616261467,False,,,,,,
HFE_S65C,IgG_S,Mann-Whitney U,4796.5,0.7209253748677569,20.0,,458.0,11.75,,11.495,0.8863565616261467,False,,,,,,
HFE_S65C,anti-LKM-1,Mann-Whitney U,266.0,0.7460699115845983,6.0,,82.0,0.23,,0.25,0.8863565616261467,False,,,,,,
HFE_S65C,C4_S,Mann-Whitney U,531.5,0.7054582302521799,6.0,,195.0,0.215,,0.22,0.8863565616261467,False,,,,,,
HFE_S65C,IgM_S,Mann-Whitney U,4760.5,0.7136390754438546,20.0,,454.0,1.245,,1.13,0.8863565616261467,False,,,,,,
HFE_S65C,LD_S,Mann-Whitney U,1937.0,0.7288787934544436,13.0,,316.0,3.23,,3.69,0.8863565616261467,False,,,,,,
HFE_S65C,Krvný obraz: Stred. far.konc._HGB,Mann-Whitney U,100001.0,0.7344002781071555,111.0,,1837.0,333.0,,333.0,0.8863565616261467,False,,,,,,
HFE_S65C,NSE_S,Mann-Whitney U,281.0,0.7424561654955049,6.0,,102.0,14.37,,14.86,0.8863565616261467,False,,,,,,
HFE_S65C,Transferín_S,Mann-Whitney U,5378.0,0.7006649323551571,21.0,,488.0,2.4,,2.4,0.8863565616261467,False,,,,,,
HFE_S65C,Haptoglobín_S,Mann-Whitney U,433.5,0.7244560675525049,6.0,,133.0,1.055,,0.97,0.8863565616261467,False,,,,,,
HFE_overall,c-ANCA,Mann-Whitney U,1327.0,0.7645573176008837,,,,,,,0.8870188792945318,False,80.0,32.0,,1.345,1.41,
HFE_overall,Cu_U_diuréza,Mann-Whitney U,527.5,0.7641806847432885,,,,,,,0.8870188792945318,False,48.0,21.0,,0.51,0.58,
HFE_C282Y,Krvný obr._DIFF_RET: Leukocyty_WBC,Mann-Whitney U,314.5,0.7044651259655669,5.0,,140.0,5.8,,6.45,0.8957437363270785,False,,,,,,
HFE_H63D,Ak.TLyCD3+HLADR+_ap,Mann-Whitney U,227.0,0.7860020143716985,12.0,,40.0,148.5,,155.0,0.8957775813320403,False,,,,,,
HFE_H63D,CK-MB_S,Kruskal-Wallis,0.478,0.7876082130202468,88.0,11.0,303.0,0.375,0.335,0.376,0.8957775813320403,False,,,,,,
HFE_overall,Quickov test: PT_INR,Kruskal-Wallis,0.446,0.8000299867627718,,,,,,,0.9019122470842418,False,1335.0,678.0,49.0,1.17,1.17,1.14
HFE_overall,Krvný obraz_RET: Retikulocyty_#,Mann-Whitney U,67.0,0.8066825622889697,,,,,,,0.9019122470842418,False,18.0,8.0,,57.2,49.3,
HFE_overall,B Ly_ CD19+,Mann-Whitney U,252.5,0.7986475687998535,,,,,,,0.9019122470842418,False,37.0,13.0,,9.0,9.0,
HFE_overall,NT-proBNP,Kruskal-Wallis,0.493,0.7813988695886049,,,,,,,0.9019122470842418,False,80.0,62.0,7.0,1336.0,1023.5,10249.0
HFE_overall,Imunoblot Liver Pro: Sp100,Mann-Whitney U,2312.0,0.8056387044740542,,,,,,,0.9019122470842418,False,102.0,45.0,,0.0,0.0,
HFE_overall,Trombínový čas,Mann-Whitney U,2741.0,0.8076826093291717,,,,,,,0.9019122470842418,False,101.0,53.0,,18.7,18.3,
HFE_overall,Cholest-HDL_S,Kruskal-Wallis,0.479,0.7870538200234312,,,,,,,0.9019122470842418,False,234.0,134.0,7.0,1.165,1.185,1.35
HFE_overall,AFP_S,Mann-Whitney U,3486.0,0.7986062032012541,,,,,,,0.9019122470842418,False,119.0,60.0,,3.41,3.655,
HFE_overall,Bielkovina_ ascites,Mann-Whitney U,648.5,0.8017948309342764,,,,,,,0.9019122470842418,False,42.0,32.0,,17.95,18.55,
HFE_C282Y,ELFO_S: alfa2_globulín,Mann-Whitney U,6784.5,0.7199826628295869,29.0,,450.0,7.01,,6.51,0.9040496582528149,False,,,,,,
HFE_C282Y,ANA,Mann-Whitney U,2665.0,0.7204145714202119,22.0,,254.0,0.36,,0.335,0.9040496582528149,False,,,,,,
HFE_H63D,T Ly_CD3+,Mann-Whitney U,228.0,0.8023728436135108,12.0,,40.0,78.5,,79.5,0.9086701006734204,False,,,,,,
HFE_H63D,Krvný obraz_RET: Leukocyty_WBC,Mann-Whitney U,55.5,0.8075091994482982,6.0,,20.0,5.4,,6.6,0.9105954802289321,False,,,,,,
HFE_S65C,Amoniak_B,Mann-Whitney U,11253.5,0.7818056426812341,31.0,,748.0,58.0,,59.0,0.9209405451923011,False,,,,,,
HFE_overall,Krvný obr._DIFF_RET: Lymfocyty_%,Kruskal-Wallis,0.372,0.8304383335703263,,,,,,,0.9234749933479146,False,103.0,39.0,5.0,19.9,20.2,24.8
HFE_overall,Krvný obr._DIFF_RET: Retikulocyty_#,Kruskal-Wallis,0.353,0.8380701828282324,,,,,,,0.9253093107802632,False,103.0,40.0,5.0,50.0,51.25,44.2
HFE_overall,ABR_artéria: HCO3_B - akt.,Mann-Whitney U,2575.5,0.8389931437298656,,,,,,,0.9253093107802632,False,123.0,41.0,,21.6,20.6,
HFE_C282Y,T4f_S,Mann-Whitney U,660.0,0.7428552090854339,9.0,,157.0,15.1,,14.7,0.9261571437948267,False,,,,,,
HFE_overall,Močový sediment A: Hlienové vlákna,Mann-Whitney U,576.0,0.8467727866887582,,,,,,,0.9300619132483082,False,40.0,28.0,,36.5,61.0,
HFE_H63D,Imunoblot ANA: AMA-M2,Mann-Whitney U,2975.5,0.8295480652379684,42.0,,140.0,0.0,,0.0,0.9308753731650212,False,,,,,,
HFE_H63D,Močový sediment A: Leukocyty,Mann-Whitney U,498.0,0.8376671962541877,23.0,,42.0,9.0,,5.5,0.9308753731650212,False,,,,,,
HFE_H63D,AFP_S,Mann-Whitney U,2860.5,0.8364394395603642,40.0,,140.0,3.57,,3.505,0.9308753731650212,False,,,,,,
HFE_H63D,Imunoblot ANA: Rib-PO,Mann-Whitney U,2904.5,0.8395442044771323,42.0,,140.0,0.0,,0.0,0.9308753731650212,False,,,,,,
HFE_C282Y,Krvný obr._DIFF_RET: Monocyty_%,Mann-Whitney U,318.0,0.7516297632226048,5.0,,139.0,7.2,,8.0,0.931051061540259,False,,,,,,
HFE_H63D,CCP,Mann-Whitney U,242.0,0.8432407168349888,12.0,,42.0,2.185,,1.725,0.9310782915053001,False,,,,,,
HFE_S65C,Kys. močová_S,Mann-Whitney U,2710.5,0.80821967692436,16.0,,327.0,316.5,,311.0,0.9361877924373837,False,,,,,,
HFE_S65C,Krvný obr._DIFF_RET: Erytrocyty_RBC,Mann-Whitney U,521.0,0.8073059438873265,7.0,,141.0,4.12,,3.85,0.9361877924373837,False,,,,,,
HFE_overall,p-ANCA,Mann-Whitney U,1340.0,0.8623137467623193,,,,,,,0.9362085411173642,False,82.0,32.0,,1.29,1.08,
HFE_overall,Imunoblot ANA: Histones,Mann-Whitney U,3428.5,0.8599326676874787,,,,,,,0.9362085411173642,False,126.0,55.0,,0.0,0.0,
HFE_overall,Kys. močová_S,Kruskal-Wallis,0.295,0.8628489166268245,,,,,,,0.9362085411173642,False,199.0,126.0,18.0,315.0,289.0,349.0
HFE_overall,Saturácia Trf,Kruskal-Wallis,0.275,0.8717113338546328,,,,,,,0.9376207828063305,False,273.0,147.0,10.0,32.409,31.309,33.788
HFE_overall,C-Peptid_S,Mann-Whitney U,109.5,0.8710928425511251,,,,,,,0.9376207828063305,False,19.0,12.0,,2.27,2.775,
HFE_overall,AMA-M2,Mann-Whitney U,1220.0,0.8746462526178457,,,,,,,0.9376207828063305,False,63.0,38.0,,1.45,1.295,
HFE_overall,T3f_S,Mann-Whitney U,873.5,0.8817080184972557,,,,,,,0.9382771791981367,False,54.0,33.0,,3.5,3.7,
HFE_overall,Imunoblot ANA: U1-sn RNP,Mann-Whitney U,3440.0,0.8870390549014793,,,,,,,0.9382771791981367,False,126.0,55.0,,0.0,0.0,
HFE_overall,Imunoblot ANA: Scl-70,Mann-Whitney U,3450.5,0.8892626996877863,,,,,,,0.9382771791981367,False,126.0,55.0,,0.0,0.0,
HFE_overall,Cyt.TLy_CD8+,Mann-Whitney U,247.5,0.8855239273754382,,,,,,,0.9382771791981367,False,37.0,13.0,,23.0,23.0,
HFE_C282Y,Imunoblot Liver Pro: gp210,Mann-Whitney U,796.0,0.7746197302522813,11.0,,138.0,0.21,,0.0,0.9398247102108,False,,,,,,
HFE_C282Y,Krvný obraz: Stredná konc._ HGB,Kruskal-Wallis,0.528,0.7678372017075585,122.0,39.0,1787.0,31.2,31.3,31.4,0.9398247102108,False,,,,,,
HFE_C282Y,Reumat. faktor_S,Mann-Whitney U,555.5,0.7732227064526995,7.0,,168.0,10.0,,10.0,0.9398247102108,False,,,,,,
HFE_C282Y,Imunoblot ANA: dsDNA,Mann-Whitney U,1065.5,0.7782923381433189,13.0,,171.0,0.0,,0.0,0.9398247102108,False,,,,,,
HFE_S65C,CRP_S,Mann-Whitney U,148410.0,0.8568356641659414,128.0,,2341.0,14.9,,15.6,0.9404663971605579,False,,,,,,
HFE_S65C,Krvný obraz: Šírka dist.kriv._RBC,Mann-Whitney U,100367.0,0.8495263473832001,111.0,,1828.0,14.9,,15.2,0.9404663971605579,False,,,,,,
HFE_S65C,Factor V,Mann-Whitney U,301.5,0.8592750535207975,5.0,,115.0,133.5,,93.6,0.9404663971605579,False,,,,,,
HFE_S65C,ASLO_S,Mann-Whitney U,393.5,0.8344393011531845,5.0,,149.0,84.0,,64.0,0.9404663971605579,False,,,,,,
HFE_S65C,Feritin_S,Mann-Whitney U,8032.0,0.8552567780271032,25.0,,629.0,203.42,,236.59,0.9404663971605579,False,,,,,,
HFE_S65C,"ELFO_S: beta1,2_globulín",Mann-Whitney U,4843.5,0.8383369770499343,22.0,,452.0,8.75,,8.905,0.9404663971605579,False,,,,,,
HFE_S65C,Fibrinogén,Mann-Whitney U,87266.0,0.8528176351515618,94.0,,1878.0,2.835,,2.82,0.9404663971605579,False,,,,,,
HFE_C282Y,Krvný obr._DIFF_5pop: Monocyty_#,Kruskal-Wallis,0.484,0.7851327725722486,105.0,14.0,1177.0,0.56,0.52,0.57,0.9421593270866981,False,,,,,,
HFE_S65C,Cholest-HDL_S,Mann-Whitney U,1950.0,0.8843917535543001,11.0,,364.0,1.0,,1.18,0.9459016166171195,False,,,,,,
HFE_S65C,Krvný obr._DIFF_RET: Monocyty_%,Mann-Whitney U,505.5,0.8914612358046234,7.0,,140.0,8.3,,7.8,0.9459016166171195,False,,,,,,
HFE_S65C,Krvný obr._DIFF_RET: Bazofily_#,Mann-Whitney U,509.5,0.885790577099968,7.0,,141.0,0.01,,0.01,0.9459016166171195,False,,,,,,
HFE_S65C,Krvný obr._DIFF_RET: Lymfocyty_#,Mann-Whitney U,473.5,0.8842810827762868,7.0,,140.0,1.29,,1.27,0.9459016166171195,False,,,,,,
HFE_C282Y,Krvný obr._DIFF_5pop: Leukocyty_WBC,Kruskal-Wallis,0.448,0.7991797519320901,105.0,14.0,1178.0,7.2,7.1,6.9,0.9530590830494491,False,,,,,,
HFE_C282Y,Krvný obr._DIFF_RET: Stredný objem_RBC,Mann-Whitney U,327.5,0.8115721482374051,5.0,,140.0,93.8,,92.7,0.9559622850403791,False,,,,,,
HFE_C282Y,Krvný obr._DIFF_RET: Bazofily_#,Mann-Whitney U,327.5,0.8070980394913285,5.0,,140.0,0.01,,0.01,0.9559622850403791,False,,,,,,
HFE_overall,CVK_S,Mann-Whitney U,4505.5,0.9111407158953682,,,,,,,0.9575910269017988,False,119.0,75.0,,46.8,46.3,
HFE_H63D,C-Peptid_S,Mann-Whitney U,118.5,0.8710928425511251,12.0,,19.0,2.775,,2.27,0.9578406774939757,False,,,,,,
HFE_C282Y,Krvný obr._DIFF_RET: Trombocyty_PLT,Mann-Whitney U,328.5,0.8199893297312202,5.0,,140.0,176.0,,198.0,0.9599875079780139,False,,,,,,
HFE_C282Y,Moč chemický A: pH,Mann-Whitney U,203.0,0.8354489715717526,7.0,,61.0,5.5,,5.5,0.9604293600021581,False,,,,,,
HFE_C282Y,Meď_S,Mann-Whitney U,2482.0,0.8437552350630755,20.0,,255.0,18.45,,17.9,0.9604293600021581,False,,,,,,
HFE_C282Y,Močový sediment A: Kryštály,Mann-Whitney U,199.0,0.833681405256075,7.0,,59.0,0.0,,0.0,0.9604293600021581,False,,,,,,
HFE_C282Y,ASLO_S,Mann-Whitney U,418.0,0.8324827020588597,6.0,,147.0,63.0,,70.0,0.9604293600021581,False,,,,,,
HFE_C282Y,Moč chemický A: Špec. hmotnosť,Mann-Whitney U,200.0,0.8453779262518996,7.0,,60.0,1.016,,1.018,0.9604293600021581,False,,,,,,
HFE_C282Y,alfa1 AT_S,Mann-Whitney U,1329.0,0.8526752538040596,11.0,,250.0,1.46,,1.455,0.9630214631198791,False,,,,,,
HFE_overall,B Ly _CD19+_ a.p.,Mann-Whitney U,245.5,0.920707629176879,,,,,,,0.9638657992945452,False,37.0,13.0,,138.0,109.0,
HFE_overall,Krvný obr._DIFF_RET: Neutrofily_%,Kruskal-Wallis,0.154,0.925696685068797,,,,,,,0.9653179439627922,False,103.0,39.0,5.0,68.4,66.2,66.5
HFE_overall,Močový sediment A: Leukocyty,Mann-Whitney U,511.0,0.9293322752712894,,,,,,,0.965352906095758,False,37.0,28.0,,6.0,8.0,
HFE_overall,Krvný obraz_RET: Leukocyty_WBC,Mann-Whitney U,74.0,0.9335297913514765,,,,,,,0.9659690505104082,False,18.0,8.0,,6.35,5.9,
HFE_overall,SLA a LP,Mann-Whitney U,1512.5,0.93757784682856,,,,,,,0.9664263959617465,False,81.0,37.0,,0.83,0.79,
HFE_H63D,Krvný obraz: Erytrocyty_RBC,Kruskal-Wallis,0.248,0.8835898766085155,461.0,5.0,1482.0,3.74,3.8,3.72,0.9675674268646967,False,,,,,,
HFE_C282Y,Moč chemický A: UBG,Mann-Whitney U,202.0,0.8634335990384855,7.0,,60.0,16.0,,16.0,0.9694693041835626,False,,,,,,
HFE_H63D,Prealbumín_S,Mann-Whitney U,37.0,0.8893574617939813,5.0,,14.0,0.27,,0.185,0.9698754212979632,False,,,,,,
HFE_C282Y,Moč chemicky _ úplne: Ketolátky,Kruskal-Wallis,0.163,0.9215024330378283,28.0,6.0,558.0,0.0,0.0,0.0,0.9713770004797347,False,,,,,,
HFE_C282Y,Krvný obraz: Stredný objem_RBC,Kruskal-Wallis,0.163,0.9215950831859748,122.0,39.0,1787.0,93.65,94.0,94.4,0.9713770004797347,False,,,,,,
HFE_C282Y,Krvný obr._DIFF_RET: Bazofily_%,Mann-Whitney U,341.5,0.9298476305465342,5.0,,140.0,0.2,,0.2,0.9713770004797347,False,,,,,,
HFE_C282Y,Krvný obr._DIFF_RET: Stred. far.konc._HGB,Mann-Whitney U,358.5,0.9309029587930792,5.0,,140.0,334.0,,332.0,0.9713770004797347,False,,,,,,
HFE_C282Y,Kálium-S,Kruskal-Wallis,0.205,0.9027493176028961,181.0,47.0,2648.0,4.1,4.1,4.0,0.9713770004797347,False,,,,,,
HFE_C282Y,Močový sediment A: Erytrocyty,Mann-Whitney U,215.5,0.9048598446660701,7.0,,60.0,4.0,,4.0,0.9713770004797347,False,,,,,,
HFE_C282Y,Horčík-S,Mann-Whitney U,4121.0,0.8851239292182743,21.0,,400.0,0.85,,0.83,0.9713770004797347,False,,,,,,
HFE_C282Y,Fosfor_S,Mann-Whitney U,2079.5,0.9189591560132044,14.0,,302.0,1.005,,1.05,0.9713770004797347,False,,,,,,
HFE_C282Y,ELFO_S: alfa1_globulín,Mann-Whitney U,6438.5,0.9052483015326336,29.0,,450.0,2.48,,2.49,0.9713770004797347,False,,,,,,
HFE_C282Y,NVK_S,Mann-Whitney U,924.0,0.91343054983169,10.0,,181.0,29.15,,30.3,0.9713770004797347,False,,,,,,
HFE_C282Y,Foláty,Mann-Whitney U,2168.5,0.924511062462419,16.0,,275.0,5.75,,6.3,0.9713770004797347,False,,,,,,
HFE_C282Y,Krvný obr._DIFF_5pop: Neutrofily_%,Kruskal-Wallis,0.158,0.9238268308193129,105.0,14.0,1176.0,67.1,68.95,68.0,0.9713770004797347,False,,,,,,
HFE_C282Y,IgM_S,Mann-Whitney U,6326.0,0.8756957150651645,28.0,,444.0,1.215,,1.13,0.9713770004797347,False,,,,,,
HFE_overall,LC1,Mann-Whitney U,902.0,0.9506776469140006,,,,,,,0.9761747485553722,False,70.0,26.0,,0.81,0.645,
HFE_H63D,Imunoblot ANA: Ku,Mann-Whitney U,2951.5,0.917628332084449,42.0,,140.0,0.0,,0.0,0.9765924016159799,False,,,,,,
HFE_H63D,Krvný obraz_RET: Stredná konc._HGB,Mann-Whitney U,62.5,0.903107360551465,6.0,,20.0,32.05,,31.55,0.9765924016159799,False,,,,,,
HFE_H63D,Imunoblot Liver Pro: Sp100,Mann-Whitney U,1888.0,0.9147348308800057,33.0,,114.0,0.0,,0.0,0.9765924016159799,False,,,,,,
HFE_H63D,Imunoblot Liver Pro: AMA-M2,Mann-Whitney U,1898.0,0.9109795835270076,33.0,,114.0,0.0,,0.0,0.9765924016159799,False,,,,,,
HFE_H63D,Krvný obr._DIFF_5pop: Bazofily_%,Kruskal-Wallis,0.193,0.9078094041538654,335.0,35.0,927.0,0.3,0.3,0.3,0.9765924016159799,False,,,,,,
HFE_H63D,Moč chemický A: Špec. hmotnosť,Mann-Whitney U,485.5,0.9042152920328781,22.0,,45.0,1.016,,1.018,0.9765924016159799,False,,,,,,
HFE_S65C,Krvný obr._DIFF_RET: Neutrofily_#,Mann-Whitney U,500.0,0.9311387185103568,7.0,,140.0,3.79,,4.09,0.9772096990575287,False,,,,,,
HFE_S65C,Krvný obr._DIFF_5pop: Hematokrit_HCT,Mann-Whitney U,29581.0,0.9350279854291462,47.0,,1250.0,0.371,,0.363,0.9772096990575287,False,,,,,,
HFE_overall,ELFO_S: alfa2_globulín,Kruskal-Wallis,0.091,0.9554937948271272,,,,,,,0.9773753321132445,False,310.0,158.0,13.0,6.615,6.435,6.47
HFE_C282Y,IgE celkové FOOKE,Mann-Whitney U,79.0,0.9456358435780016,6.0,,27.0,22.275,,22.62,0.981416659280953,False,,,,,,
HFE_C282Y,Imunoblot ANA: SS-A/Ro52kD,Mann-Whitney U,1117.0,0.9515188955861087,13.0,,171.0,0.0,,0.0,0.9822130535082413,False,,,,,,
HFE_overall,Prealbumín_S,Mann-Whitney U,40.0,0.9649601708011121,,,,,,,0.9833054211965705,False,13.0,6.0,,0.2,0.255,
HFE_H63D,Krvný obraz_RET: Retikulocyty_#,Mann-Whitney U,62.0,0.9292359814098944,6.0,,20.0,49.3,,57.2,0.984850063446678,False,,,,,,
HFE_H63D,Močový sediment A: Hlienové vlákna,Mann-Whitney U,524.5,0.9328202487740233,23.0,,45.0,65.0,,39.0,0.984850063446678,False,,,,,,
HFE_S65C,Krvný obr._DIFF_5pop: Erytrocyty_RBC,Mann-Whitney U,29518.0,0.9549207139718362,47.0,,1250.0,3.9,,3.925,0.9865248715149371,False,,,,,,
HFE_S65C,Železo_S,Mann-Whitney U,8903.5,0.9775826660930962,28.0,,638.0,18.6,,17.7,0.9865248715149371,False,,,,,,
HFE_S65C,Saturácia Trf,Mann-Whitney U,3531.5,0.967436844620759,17.0,,413.0,38.901,,32.318,0.9865248715149371,False,,,,,,
HFE_S65C,Krvný obr._DIFF_5pop: Stredná konc._HGB,Mann-Whitney U,29440.5,0.9794275702810166,47.0,,1250.0,31.3,,30.7,0.9865248715149371,False,,,,,,
HFE_S65C,Krvný obr._DIFF_RET: Bazofily_%,Mann-Whitney U,498.5,0.9670768566199466,7.0,,141.0,0.2,,0.2,0.9865248715149371,False,,,,,,
HFE_overall,Imunoblot ANA: Nucleosomes,Mann-Whitney U,3460.0,0.9720336879482899,,,,,,,0.9867614710990216,False,126.0,55.0,,0.0,0.0,
HFE_C282Y,Krvný obr._DIFF_RET: Stredná konc._HGB,Mann-Whitney U,355.0,0.9611041057150632,5.0,,140.0,31.9,,30.65,0.9868020764561077,False,,,,,,
HFE_overall,Krvný obraz_RET: Retikulocyty_%,Mann-Whitney U,71.0,0.9777938036385211,,,,,,,0.9888631674532968,False,18.0,8.0,,1.95,1.35,
HFE_H63D,Krvný obr._DIFF_5pop: Bazofilily_#,Kruskal-Wallis,0.115,0.9443239104050426,335.0,35.0,927.0,0.02,0.02,0.02,0.9891139773017245,False,,,,,,
HFE_H63D,dsDNA IgG,Mann-Whitney U,292.5,0.9410707147180463,12.0,,48.0,3.085,,3.13,0.9891139773017245,False,,,,,,
HFE_H63D,Cyt.TLy_CD8+,Mann-Whitney U,217.5,0.963409424005941,11.0,,40.0,26.0,,22.5,0.9952850484249048,False,,,,,,
HFE_H63D,Cu_U_diuréza,Mann-Whitney U,409.0,0.9593842111635807,15.0,,54.0,0.66,,0.51,0.9952850484249048,False,,,,,,
HFE_H63D,Glykémia_5/2,Mann-Whitney U,710.0,0.9649452003339702,22.0,,65.0,10.05,,10.4,0.9952850484249048,False,,,,,,
HFE_H63D,Močový sediment: Leukocyty,Mann-Whitney U,16958.5,0.967428342252935,101.0,,335.0,2026.0,,2026.0,0.9952850484249048,False,,,,,,
HFE_H63D,Punktát_WBC,Mann-Whitney U,1531.0,0.9723464113483772,41.0,,75.0,0.17,,0.18,0.9952850484249048,False,,,,,,
HFE_H63D,AMAM2,Mann-Whitney U,1429.0,0.9727502926115108,29.0,,99.0,1.04,,0.98,0.9952850484249048,False,,,,,,
HFE_C282Y,Triacylglyceroly_S,Mann-Whitney U,7757.0,0.9756809395148972,39.0,,399.0,1.74,,1.61,0.9964401084407462,False,,,,,,
HFE_H63D,Močový sediment A: Spermie,Mann-Whitney U,517.5,1.0,23.0,,45.0,0.0,,0.0,1.0,False,,,,,,
HFE_H63D,Krvný obraz_RET: Retikulocyty_%,Mann-Whitney U,59.5,1.0,6.0,,20.0,1.35,,1.95,1.0,False,,,,,,
HFE_H63D,Albumín_U (jednoráz),Mann-Whitney U,70.0,1.0,7.0,,20.0,8.53,,11.25,1.0,False,,,,,,
HFE_H63D,Močový sediment A: Hyalínové valce,Mann-Whitney U,517.5,1.0,23.0,,45.0,0.0,,0.0,1.0,False,,,,,,
HFE_H63D,TPMT  Genotyp,Mann-Whitney U,260.0,1.0,13.0,,40.0,1.0,,1.0,1.0,False,,,,,,
HFE_H63D,HBDH_S,Mann-Whitney U,31.0,1.0,7.0,,9.0,3.5,,4.6,1.0,False,,,,,,
HFE_C282Y,Močový sediment A: Hyalínové valce,Mann-Whitney U,213.5,1.0,7.0,,61.0,0.0,,0.0,1.0,False,,,,,,
HFE_C282Y,Močový sediment A: Spermie,Mann-Whitney U,213.5,1.0,7.0,,61.0,0.0,,0.0,1.0,False,,,,,,
HFE_C282Y,anti-LKM-1,Mann-Whitney U,354.0,0.9889782424249948,9.0,,79.0,0.45,,0.25,1.0,False,,,,,,
HFE_C282Y,Glykémia_3/1,Mann-Whitney U,135.5,1.0,5.0,,54.0,7.6,,5.9,1.0,False,,,,,,
HFE_S65C,Bielkovina_ ascites,Mann-Whitney U,173.0,1.0,5.0,,69.0,19.4,,17.8,1.0,False,,,,,,
HFE_overall,Močový sediment A: Spermie,Mann-Whitney U,560.0,1.0,,,,,,,1.0,False,40.0,28.0,,0.0,0.0,
HFE_overall,TPMT  Genotyp,Mann-Whitney U,297.5,1.0,,,,,,,1.0,False,35.0,17.0,,1.0,1.0,
HFE_overall,Močový sediment A: Hyalínové valce,Mann-Whitney U,560.0,1.0,,,,,,,1.0,False,40.0,28.0,,0.0,0.0,
