Marker,Genotyp,Lab_parameter,N,Median,Q1,Q3,Priemer,SD
HFE_H63D,het,Kreatinín_S,729,78.3,64.0,108.0,97.94,59.729
HFE_H63D,hom,Kreatinín_S,36,96.3,82.275,124.225,117.092,64.316
HFE_H63D,wt,Kreatinín_S,2339,76.8,62.45,103.0,106.843,102.491
HFE_H63D,het,Urea_S,718,5.4,3.7,8.2,6.948,5.147
HFE_H63D,hom,Urea_S,36,5.55,4.6,8.15,7.578,5.929
HFE_H63D,wt,Urea_S,2332,4.8,3.5,7.0,7.113,7.81
HFE_H63D,het,AST_S,772,0.8,0.45,1.74,2.139,5.66
HFE_H63D,hom,AST_S,50,0.715,0.458,1.608,2.614,7.63
HFE_H63D,wt,AST_S,2362,0.81,0.49,1.7,2.235,8.086
HFE_H63D,het,ALT_S,769,0.86,0.52,1.74,2.216,5.063
HFE_H63D,hom,ALT_S,50,1.14,0.673,1.825,3.113,6.72
HFE_H63D,wt,ALT_S,2344,0.84,0.47,1.682,2.368,6.497
HFE_H63D,het,CRP_S,587,15.9,4.265,43.0,29.716,36.307
HFE_H63D,hom,CRP_S,30,9.47,0.988,40.945,28.802,44.675
HFE_H63D,wt,CRP_S,1852,15.4,3.928,44.925,36.483,52.609
HFE_H63D,het,GMT_S,754,2.095,1.05,5.68,5.268,9.191
HFE_H63D,hom,GMT_S,48,1.14,0.648,1.712,1.352,1.146
HFE_H63D,wt,GMT_S,2252,2.22,1.01,5.302,5.276,10.438
HFE_H63D,het,ALP_S,730,1.85,1.252,2.96,2.812,3.456
HFE_H63D,hom,ALP_S,48,1.305,1.052,1.552,1.406,0.59
HFE_H63D,wt,ALP_S,2154,1.92,1.37,3.16,2.726,2.536
HFE_H63D,het,GF(S)- MDRD,725,1.37,0.96,1.66,1.335,0.564
HFE_H63D,hom,GF(S)- MDRD,36,1.205,0.788,1.432,1.089,0.446
HFE_H63D,wt,GF(S)- MDRD,2334,1.37,0.97,1.73,1.364,0.638
HFE_H63D,het,Kálium-S,661,4.1,3.7,4.5,4.052,0.607
HFE_H63D,hom,Kálium-S,36,4.38,3.935,5.0,4.379,0.669
HFE_H63D,wt,Kálium-S,2179,4.0,3.6,4.4,3.982,0.639
HFE_H63D,het,Nátrium-S,660,139.0,136.0,141.0,137.744,4.71
HFE_H63D,hom,Nátrium-S,36,139.0,137.75,141.0,139.056,3.505
HFE_H63D,wt,Nátrium-S,2181,139.0,136.0,141.0,138.59,5.248
HFE_H63D,het,Chloridy-S,614,103.0,99.0,105.0,101.531,6.041
HFE_H63D,hom,Chloridy-S,35,103.0,101.0,105.0,102.974,3.767
HFE_H63D,wt,Chloridy-S,2045,103.0,100.0,106.0,102.312,5.778
HFE_H63D,het,Glukóza_ S,636,5.5,4.8,6.703,6.188,2.47
HFE_H63D,hom,Glukóza_ S,36,5.75,5.3,7.078,6.338,1.765
HFE_H63D,wt,Glukóza_ S,1976,5.46,4.79,6.66,6.285,3.246
HFE_H63D,het,Albumín_S,489,32.8,26.0,40.3,32.869,8.721
HFE_H63D,hom,Albumín_S,26,41.0,38.0,44.475,40.758,3.861
HFE_H63D,wt,Albumín_S,1503,32.4,25.4,39.3,32.086,8.786
HFE_H63D,het,Krvný obr._DIFF_5pop: Hemoglobín_HGB,335,120.0,104.5,138.0,120.606,22.567
HFE_H63D,hom,Krvný obr._DIFF_5pop: Hemoglobín_HGB,35,128.0,115.0,148.5,131.057,18.49
HFE_H63D,wt,Krvný obr._DIFF_5pop: Hemoglobín_HGB,927,122.0,105.0,138.0,121.475,23.45
HFE_H63D,het,Krvný obr._DIFF_5pop: Trombocyty_PLT,335,207.0,142.0,270.5,225.254,115.048
HFE_H63D,hom,Krvný obr._DIFF_5pop: Trombocyty_PLT,35,227.0,177.5,272.0,228.857,84.491
HFE_H63D,wt,Krvný obr._DIFF_5pop: Trombocyty_PLT,927,219.0,141.0,295.0,233.029,130.352
HFE_H63D,het,Krvný obr._DIFF_5pop: Hematokrit_HCT,335,0.358,0.308,0.405,0.359,0.069
HFE_H63D,hom,Krvný obr._DIFF_5pop: Hematokrit_HCT,35,0.382,0.342,0.436,0.393,0.056
HFE_H63D,wt,Krvný obr._DIFF_5pop: Hematokrit_HCT,927,0.365,0.316,0.411,0.363,0.068
HFE_H63D,het,Krvný obr._DIFF_5pop: Stredný objem_RBC,335,92.9,87.25,99.65,94.155,9.532
HFE_H63D,hom,Krvný obr._DIFF_5pop: Stredný objem_RBC,35,95.8,87.85,107.15,97.737,9.741
HFE_H63D,wt,Krvný obr._DIFF_5pop: Stredný objem_RBC,927,92.1,87.7,97.55,93.535,9.147
HFE_H63D,het,Krvný obr._DIFF_5pop: Leukocyty_WBC,335,7.0,5.0,10.5,8.826,6.296
HFE_H63D,hom,Krvný obr._DIFF_5pop: Leukocyty_WBC,35,6.3,5.0,8.7,6.914,2.716
HFE_H63D,wt,Krvný obr._DIFF_5pop: Leukocyty_WBC,927,7.0,5.4,9.6,8.154,4.444
HFE_H63D,het,Krvný obr._DIFF_5pop: Erytrocyty_RBC,335,3.8,3.215,4.505,3.862,0.895
HFE_H63D,hom,Krvný obr._DIFF_5pop: Erytrocyty_RBC,35,3.92,3.265,4.965,4.095,0.914
HFE_H63D,wt,Krvný obr._DIFF_5pop: Erytrocyty_RBC,927,3.97,3.325,4.56,3.922,0.828
HFE_H63D,het,Krvný obr._DIFF_5pop: Stred.far.konc._HGB,335,337.0,327.0,347.0,336.672,14.173
HFE_H63D,hom,Krvný obr._DIFF_5pop: Stred.far.konc._HGB,35,336.0,330.5,339.5,334.029,8.642
HFE_H63D,wt,Krvný obr._DIFF_5pop: Stred.far.konc._HGB,927,335.0,325.0,344.0,334.482,16.523
HFE_H63D,het,Krvný obr._DIFF_5pop: Stredná konc._HGB,335,30.8,29.5,33.5,31.723,3.719
HFE_H63D,hom,Krvný obr._DIFF_5pop: Stredná konc._HGB,35,32.1,29.25,35.7,32.631,3.134
HFE_H63D,wt,Krvný obr._DIFF_5pop: Stredná konc._HGB,927,30.7,29.2,33.3,31.321,3.723
HFE_H63D,het,Krvný obr._DIFF_5pop: Lymfocyty_%,335,19.9,11.55,26.75,20.004,10.986
HFE_H63D,hom,Krvný obr._DIFF_5pop: Lymfocyty_%,35,27.3,19.5,32.7,27.606,12.984
HFE_H63D,wt,Krvný obr._DIFF_5pop: Lymfocyty_%,927,20.1,13.4,28.35,20.811,10.205
HFE_H63D,het,Krvný obr._DIFF_5pop: Lymfocyty_#,335,1.27,0.83,1.75,1.453,1.057
HFE_H63D,hom,Krvný obr._DIFF_5pop: Lymfocyty_#,35,1.55,1.29,1.915,1.664,0.668
HFE_H63D,wt,Krvný obr._DIFF_5pop: Lymfocyty_#,927,1.38,0.895,1.91,1.499,0.836
HFE_H63D,het,Krvný obr._DIFF_5pop: Bazofilily_#,335,0.02,0.01,0.03,0.029,0.043
HFE_H63D,hom,Krvný obr._DIFF_5pop: Bazofilily_#,35,0.02,0.01,0.025,0.021,0.011
HFE_H63D,wt,Krvný obr._DIFF_5pop: Bazofilily_#,927,0.02,0.01,0.03,0.027,0.03
HFE_H63D,het,Krvný obr._DIFF_5pop: Bazofily_%,335,0.3,0.1,0.5,0.373,0.368
HFE_H63D,hom,Krvný obr._DIFF_5pop: Bazofily_%,35,0.3,0.2,0.4,0.326,0.174
HFE_H63D,wt,Krvný obr._DIFF_5pop: Bazofily_%,927,0.3,0.1,0.5,0.372,0.351
HFE_H63D,het,Krvný obr._DIFF_5pop: Eozinofily_%,335,2.0,0.8,3.3,2.465,2.265
HFE_H63D,hom,Krvný obr._DIFF_5pop: Eozinofily_%,35,1.3,0.5,2.65,1.634,1.37
HFE_H63D,wt,Krvný obr._DIFF_5pop: Eozinofily_%,926,1.6,0.7,3.1,2.22,2.342
HFE_H63D,het,Krvný obr._DIFF_5pop: Monocyty_#,335,0.59,0.42,0.82,0.662,0.373
HFE_H63D,hom,Krvný obr._DIFF_5pop: Monocyty_#,35,0.42,0.325,0.77,0.526,0.268
HFE_H63D,wt,Krvný obr._DIFF_5pop: Monocyty_#,926,0.57,0.42,0.76,0.64,0.354
HFE_H63D,het,Krvný obr._DIFF_5pop: Monocyty_%,335,8.2,6.1,10.65,8.627,3.736
HFE_H63D,hom,Krvný obr._DIFF_5pop: Monocyty_%,35,7.3,5.85,8.6,7.606,2.383
HFE_H63D,wt,Krvný obr._DIFF_5pop: Monocyty_%,926,7.9,6.0,10.0,8.504,3.902
HFE_H63D,het,Krvný obr._DIFF_5pop: Eozinofily_#,335,0.13,0.06,0.23,0.175,0.168
HFE_H63D,hom,Krvný obr._DIFF_5pop: Eozinofily_#,35,0.1,0.03,0.16,0.109,0.092
HFE_H63D,wt,Krvný obr._DIFF_5pop: Eozinofily_#,926,0.11,0.05,0.2,0.151,0.153
HFE_H63D,het,Krvný obr._DIFF_5pop: Šírka dist.kriv._RBC,335,14.5,13.5,16.15,15.165,2.424
HFE_H63D,hom,Krvný obr._DIFF_5pop: Šírka dist.kriv._RBC,35,13.1,12.8,13.4,13.534,1.552
HFE_H63D,wt,Krvný obr._DIFF_5pop: Šírka dist.kriv._RBC,927,14.7,13.45,16.5,15.219,2.308
HFE_H63D,het,Krvný obr._DIFF_5pop: Neutrofily_%,335,68.0,58.35,78.65,68.531,13.086
HFE_H63D,hom,Krvný obr._DIFF_5pop: Neutrofily_%,35,63.0,56.55,69.65,62.829,12.961
HFE_H63D,wt,Krvný obr._DIFF_5pop: Neutrofily_%,925,68.2,59.2,76.4,67.971,12.613
HFE_H63D,het,Krvný obr._DIFF_5pop: Neutrofily_#,335,4.39,3.155,7.34,6.502,5.973
HFE_H63D,hom,Krvný obr._DIFF_5pop: Neutrofily_#,35,3.86,2.955,6.345,4.594,2.619
HFE_H63D,wt,Krvný obr._DIFF_5pop: Neutrofily_#,925,4.58,3.3,6.82,5.819,4.152
HFE_H63D,het,Krvný obr._DIFF_5pop: Stredný objem_PLT,331,10.7,10.1,11.35,10.753,0.981
HFE_H63D,hom,Krvný obr._DIFF_5pop: Stredný objem_PLT,35,10.7,10.1,11.35,10.711,0.87
HFE_H63D,wt,Krvný obr._DIFF_5pop: Stredný objem_PLT,898,10.9,10.125,11.7,10.979,1.284
HFE_H63D,het,Bielkoviny_S,434,69.45,62.0,75.175,68.379,9.524
HFE_H63D,hom,Bielkoviny_S,23,75.7,72.65,78.55,74.739,6.442
HFE_H63D,wt,Bielkoviny_S,1309,69.6,62.3,75.3,68.641,9.514
HFE_H63D,het,Bili-celkový_S,695,23.7,11.7,65.1,70.984,114.605
HFE_H63D,hom,Bili-celkový_S,46,11.3,9.125,17.25,14.209,8.644
HFE_H63D,wt,Bili-celkový_S,2061,25.4,11.5,79.8,74.044,113.376
HFE_H63D,het,Bili-priamy_S,684,9.9,3.7,40.1,50.209,94.591
HFE_H63D,hom,Bili-priamy_S,46,4.1,3.125,6.625,6.159,6.578
HFE_H63D,wt,Bili-priamy_S,2042,11.8,3.7,56.575,52.767,92.696
HFE_H63D,het,Krvný obraz: Hemoglobín_HGB,461,116.0,98.0,139.0,118.562,25.312
HFE_H63D,hom,Krvný obraz: Hemoglobín_HGB,5,121.0,118.0,148.0,129.2,23.296
HFE_H63D,wt,Krvný obraz: Hemoglobín_HGB,1482,115.0,97.0,134.0,115.803,23.592
HFE_H63D,het,Krvný obraz: Stredný objem_RBC,461,95.4,92.0,100.0,96.148,7.763
HFE_H63D,hom,Krvný obraz: Stredný objem_RBC,5,101.6,97.6,102.6,99.12,6.293
HFE_H63D,wt,Krvný obraz: Stredný objem_RBC,1482,93.7,88.8,100.8,95.151,9.807
HFE_H63D,het,Krvný obraz: Stredná konc._ HGB,461,31.9,30.5,33.9,32.202,2.938
HFE_H63D,hom,Krvný obraz: Stredná konc._ HGB,5,34.3,31.8,34.7,33.42,1.956
HFE_H63D,wt,Krvný obraz: Stredná konc._ HGB,1482,31.2,29.5,33.675,31.531,3.785
HFE_H63D,het,Krvný obraz: Leukocyty_WBC,461,7.1,5.3,9.9,8.525,6.523
HFE_H63D,hom,Krvný obraz: Leukocyty_WBC,5,7.8,6.2,7.9,8.44,3.828
HFE_H63D,wt,Krvný obraz: Leukocyty_WBC,1482,7.2,5.525,9.8,8.186,4.065
HFE_H63D,het,Krvný obraz: Trombocyty_PLT,461,160.0,103.0,227.0,176.852,103.308
HFE_H63D,hom,Krvný obraz: Trombocyty_PLT,5,185.0,109.0,202.0,158.2,56.681
HFE_H63D,wt,Krvný obraz: Trombocyty_PLT,1482,181.0,118.0,258.0,197.67,110.04
HFE_H63D,het,Krvný obraz: Erytrocyty_RBC,461,3.74,3.01,4.41,3.718,0.875
HFE_H63D,hom,Krvný obraz: Erytrocyty_RBC,5,3.8,3.4,4.6,3.888,0.813
HFE_H63D,wt,Krvný obraz: Erytrocyty_RBC,1482,3.72,3.08,4.348,3.717,0.825
HFE_H63D,het,Krvný obraz: Hematokrit_HCT,461,0.353,0.296,0.413,0.354,0.072
HFE_H63D,hom,Krvný obraz: Hematokrit_HCT,5,0.386,0.349,0.426,0.382,0.06
HFE_H63D,wt,Krvný obraz: Hematokrit_HCT,1482,0.352,0.3,0.399,0.349,0.067
HFE_H63D,het,Krvný obraz: Stred. far.konc._HGB,461,335.0,326.0,344.0,334.937,14.983
HFE_H63D,hom,Krvný obraz: Stred. far.konc._HGB,5,338.0,338.0,347.0,337.6,15.01
HFE_H63D,wt,Krvný obraz: Stred. far.konc._HGB,1482,332.0,322.0,341.0,331.053,15.722
HFE_H63D,het,Krvný obraz: Šírka dist.kriv._RBC,454,14.85,13.4,17.3,15.714,2.996
HFE_H63D,hom,Krvný obraz: Šírka dist.kriv._RBC,5,16.0,13.2,17.1,15.4,2.242
HFE_H63D,wt,Krvný obraz: Šírka dist.kriv._RBC,1480,15.3,13.7,16.8,15.62,2.412
HFE_H63D,het,Krvný obraz: Stredný objem_PLT,449,10.9,10.3,11.5,10.947,1.004
HFE_H63D,hom,Krvný obraz: Stredný objem_PLT,5,10.6,9.3,11.3,10.48,1.228
HFE_H63D,wt,Krvný obraz: Stredný objem_PLT,1383,11.0,10.3,11.7,11.062,1.026
HFE_H63D,het,Quickov test: PT_%,493,72.2,52.5,93.3,74.68,28.018
HFE_H63D,hom,Quickov test: PT_%,26,80.4,31.725,96.575,67.146,34.081
HFE_H63D,wt,Quickov test: PT_%,1543,73.0,54.35,95.8,74.74,26.566
HFE_H63D,het,Quickov test: PT_INR,493,1.18,1.03,1.44,1.277,0.373
HFE_H63D,hom,Quickov test: PT_INR,26,1.11,1.012,2.062,1.548,0.734
HFE_H63D,wt,Quickov test: PT_INR,1543,1.17,1.02,1.39,1.272,0.399
HFE_H63D,het,APTT: APTT_sekundy,486,30.2,26.425,34.8,31.373,6.461
HFE_H63D,hom,APTT: APTT_sekundy,16,26.6,25.475,29.4,28.244,3.844
HFE_H63D,wt,APTT: APTT_sekundy,1505,29.3,26.1,33.5,30.435,7.916
HFE_H63D,het,APTT: APTT_ratio,486,1.1,0.99,1.29,1.161,0.241
HFE_H63D,hom,APTT: APTT_ratio,16,1.01,0.98,1.125,1.077,0.144
HFE_H63D,wt,APTT: APTT_ratio,1504,1.08,0.97,1.22,1.113,0.246
HFE_H63D,het,Fibrinogén,480,2.83,1.995,4.0,3.167,1.604
HFE_H63D,hom,Fibrinogén,16,3.335,3.02,3.948,3.511,0.757
HFE_H63D,wt,Fibrinogén,1476,2.81,2.0,3.81,3.078,1.468
HFE_H63D,het,Kalcium-S,233,2.15,2.0,2.27,2.14,0.209
HFE_H63D,hom,Kalcium-S,20,2.275,2.198,2.422,2.296,0.143
HFE_H63D,wt,Kalcium-S,813,2.15,2.02,2.28,2.138,0.201
HFE_H63D,het,Amyláza_S,232,0.915,0.63,1.392,1.116,0.852
HFE_H63D,hom,Amyláza_S,14,0.605,0.345,1.248,0.837,0.539
HFE_H63D,wt,Amyláza_S,765,0.82,0.56,1.2,1.481,3.505
HFE_H63D,het,CK-celková_S,134,1.625,0.87,2.622,7.859,42.773
HFE_H63D,hom,CK-celková_S,15,2.81,1.485,84.945,63.188,119.873
HFE_H63D,wt,CK-celková_S,437,1.4,0.78,2.75,3.221,6.743
HFE_H63D,het,Moč chemicky _ úplne: pH,150,5.0,5.0,6.0,5.607,0.818
HFE_H63D,wt,Moč chemicky _ úplne: pH,445,6.0,5.0,6.0,5.807,0.837
HFE_H63D,het,Moč chemicky _ úplne: Bielkoviny,150,0.3,0.0,0.3,0.284,0.61
HFE_H63D,wt,Moč chemicky _ úplne: Bielkoviny,445,0.3,0.0,0.3,0.296,0.571
HFE_H63D,het,Moč chemicky _ úplne: Ketolátky,150,0.0,0.0,0.0,0.483,2.189
HFE_H63D,wt,Moč chemicky _ úplne: Ketolátky,441,0.0,0.0,0.0,0.8,2.817
HFE_H63D,het,LD_S,69,3.83,3.12,5.39,5.226,5.087
HFE_H63D,hom,LD_S,15,3.06,2.665,3.56,3.189,0.566
HFE_H63D,wt,LD_S,245,3.72,3.03,5.66,5.382,7.151
HFE_H63D,het,Reumat. faktor_S,41,10.0,10.0,10.0,11.515,7.097
HFE_H63D,wt,Reumat. faktor_S,135,10.0,9.0,10.0,15.874,41.428
HFE_H63D,het,IgA_S,104,2.725,1.73,4.71,3.682,2.797
HFE_H63D,hom,IgA_S,8,1.56,1.05,2.38,1.929,1.236
HFE_H63D,wt,IgA_S,343,2.81,2.055,4.595,3.689,2.731
HFE_H63D,het,IgG_S,109,11.4,9.02,14.5,12.469,4.746
HFE_H63D,hom,IgG_S,13,14.7,11.1,17.0,15.791,6.612
HFE_H63D,wt,IgG_S,356,11.55,9.525,14.8,12.96,5.514
HFE_H63D,het,IgM_S,110,1.245,0.752,1.752,1.407,0.859
HFE_H63D,hom,IgM_S,11,0.55,0.385,1.145,1.517,1.978
HFE_H63D,wt,IgM_S,353,1.1,0.77,1.7,1.463,1.497
HFE_H63D,het,ELFO_S: alfa1_globulín,115,2.45,2.12,3.045,2.643,0.835
HFE_H63D,hom,ELFO_S: alfa1_globulín,11,2.21,2.015,2.5,2.369,0.573
HFE_H63D,wt,ELFO_S: alfa1_globulín,355,2.5,2.09,3.125,2.644,0.866
HFE_H63D,het,ELFO_S: alfa2_globulín,115,6.3,5.37,7.73,6.554,1.933
HFE_H63D,hom,ELFO_S: alfa2_globulín,11,6.47,5.875,7.345,6.743,1.119
HFE_H63D,wt,ELFO_S: alfa2_globulín,355,6.69,5.36,8.02,6.778,1.954
HFE_H63D,het,ELFO_S: Albumín,115,36.5,31.15,42.23,36.175,7.379
HFE_H63D,hom,ELFO_S: Albumín,11,38.13,37.005,43.975,40.041,3.967
HFE_H63D,wt,ELFO_S: Albumín,355,37.61,31.175,42.505,36.615,7.278
HFE_H63D,het,ELFO_S: gama_globulín,114,12.655,10.19,17.513,14.71,6.641
HFE_H63D,hom,ELFO_S: gama_globulín,11,8.63,4.12,17.39,10.754,7.322
HFE_H63D,wt,ELFO_S: gama_globulín,351,12.48,10.075,17.335,14.695,7.329
HFE_H63D,het,"ELFO_S: beta1,2_globulín",113,8.87,7.54,10.5,9.245,3.09
HFE_H63D,hom,"ELFO_S: beta1,2_globulín",11,8.63,6.695,9.22,8.445,2.35
HFE_H63D,wt,"ELFO_S: beta1,2_globulín",350,8.895,7.512,10.298,9.037,2.609
HFE_H63D,het,Kys. močová_S,88,305.0,239.0,429.5,332.977,136.262
HFE_H63D,hom,Kys. močová_S,13,374.0,304.0,395.0,360.0,83.822
HFE_H63D,wt,Kys. močová_S,242,310.0,245.75,389.0,321.595,121.495
HFE_H63D,het,ASLO_S,32,51.0,25.0,85.0,121.125,309.577
HFE_H63D,wt,ASLO_S,122,79.0,34.25,157.0,138.016,200.407
HFE_H63D,het,Železo_S,160,17.9,9.95,26.05,19.611,11.722
HFE_H63D,hom,Železo_S,14,25.2,19.625,29.075,26.3,11.001
HFE_H63D,wt,Železo_S,492,17.3,11.0,24.6,19.069,11.063
HFE_H63D,het,Močový sediment: Leukocyty,101,2026.0,20.0,2026.0,1271.594,975.451
HFE_H63D,wt,Močový sediment: Leukocyty,335,2026.0,20.0,2026.0,1225.316,981.836
HFE_H63D,het,Feritin_S,157,264.56,77.1,682.2,898.945,2331.999
HFE_H63D,hom,Feritin_S,18,232.115,86.925,476.995,505.337,717.08
HFE_H63D,wt,Feritin_S,479,229.99,78.235,541.49,615.616,2053.461
HFE_H63D,het,Horčík-S,93,0.81,0.73,0.88,0.804,0.112
HFE_H63D,wt,Horčík-S,327,0.84,0.72,0.925,0.826,0.162
HFE_H63D,het,C4_S,41,0.21,0.15,0.28,0.228,0.109
HFE_H63D,wt,C4_S,158,0.22,0.16,0.298,0.232,0.099
HFE_H63D,het,C3_S,41,1.1,0.86,1.26,1.127,0.491
HFE_H63D,wt,C3_S,157,1.09,0.87,1.35,1.138,0.413
HFE_H63D,het,Prokalcitonín_S,116,0.276,0.146,0.718,2.305,9.633
HFE_H63D,hom,Prokalcitonín_S,8,0.055,0.039,0.226,0.141,0.151
HFE_H63D,wt,Prokalcitonín_S,333,0.299,0.113,0.7,1.115,3.362
HFE_H63D,het,Cholest-celk._S,117,4.92,3.73,6.18,5.725,4.051
HFE_H63D,hom,Cholest-celk._S,7,4.5,2.89,4.895,4.003,1.094
HFE_H63D,wt,Cholest-celk._S,350,4.71,3.49,5.635,4.625,1.579
HFE_H63D,het,TSH_S,77,1.827,1.34,2.866,2.417,2.052
HFE_H63D,hom,TSH_S,12,2.912,1.914,3.767,3.855,2.895
HFE_H63D,wt,TSH_S,258,1.986,1.17,3.51,3.31,5.385
HFE_H63D,het,Triacylglyceroly_S,109,1.75,1.22,2.84,5.057,16.504
HFE_H63D,hom,Triacylglyceroly_S,6,1.07,0.79,1.35,1.05,0.336
HFE_H63D,wt,Triacylglyceroly_S,324,1.58,1.078,2.592,2.27,2.219
HFE_H63D,het,Fosfor_S,67,1.0,0.865,1.125,1.016,0.36
HFE_H63D,wt,Fosfor_S,247,1.09,0.89,1.305,1.136,0.421
HFE_H63D,het,TPMT  Genotyp,13,1.0,1.0,1.0,1.0,0.0
HFE_H63D,wt,TPMT  Genotyp,40,1.0,1.0,1.0,1.0,0.0
HFE_H63D,het,Močový sediment: Erytrocyty,67,2026.0,0.0,2026.0,1037.06,1011.635
HFE_H63D,wt,Močový sediment: Erytrocyty,227,2026.0,31.0,2026.0,1267.846,972.628
HFE_H63D,het,Cholest-HDL_S,93,1.14,0.88,1.39,1.147,0.491
HFE_H63D,hom,Cholest-HDL_S,6,1.485,1.042,1.68,1.685,1.028
HFE_H63D,wt,Cholest-HDL_S,276,1.18,0.88,1.495,1.187,0.509
HFE_H63D,het,CK-MB_S,88,0.375,0.266,0.587,0.511,0.373
HFE_H63D,hom,CK-MB_S,11,0.335,0.258,0.944,0.75,0.769
HFE_H63D,wt,CK-MB_S,303,0.376,0.266,0.583,0.537,0.523
HFE_H63D,het,Transferín_S,118,2.3,1.625,2.8,2.206,0.83
HFE_H63D,hom,Transferín_S,9,2.5,2.3,2.9,2.656,0.394
HFE_H63D,wt,Transferín_S,382,2.4,1.7,2.9,2.305,0.812
HFE_H63D,het,Amoniak_B,181,58.0,41.0,77.0,63.773,29.926
HFE_H63D,wt,Amoniak_B,597,59.0,45.0,82.0,66.291,31.35
HFE_H63D,het,Cholest-LDL_S,91,3.11,2.245,3.99,3.378,1.913
HFE_H63D,hom,Cholest-LDL_S,6,2.205,1.792,2.655,2.128,0.775
HFE_H63D,wt,Cholest-LDL_S,285,2.83,2.09,3.65,2.941,1.193
HFE_H63D,het,T4f_S,35,14.7,11.8,17.6,14.997,3.751
HFE_H63D,wt,T4f_S,128,14.85,13.0,17.35,15.714,4.556
HFE_H63D,wt,Vitamin D total,23,18.7,12.1,23.25,18.452,7.974
HFE_H63D,het,Saturácia Trf,106,34.744,21.169,52.441,40.356,25.266
HFE_H63D,hom,Saturácia Trf,8,33.788,27.439,42.558,35.892,11.263
HFE_H63D,wt,Saturácia Trf,316,32.278,19.694,48.884,37.753,24.455
HFE_H63D,het,Moč chemický A: pH,23,6.5,5.5,7.25,6.522,1.192
HFE_H63D,wt,Moč chemický A: pH,45,5.5,5.0,6.0,5.5,0.522
HFE_H63D,het,Močový sediment A: Epitélie,23,1.0,0.0,3.5,7.391,15.317
HFE_H63D,wt,Močový sediment A: Epitélie,45,0.0,0.0,2.0,4.533,17.445
HFE_H63D,het,Moč chemický A: UBG,22,16.0,16.0,16.0,16.136,13.107
HFE_H63D,wt,Moč chemický A: UBG,45,16.0,3.2,16.0,16.84,26.284
HFE_H63D,het,Močový sediment A: Spermie,23,0.0,0.0,0.0,0.0,0.0
HFE_H63D,wt,Močový sediment A: Spermie,45,0.0,0.0,0.0,0.0,0.0
HFE_H63D,het,Moč chemický A: Špec. hmotnosť,22,1.016,1.012,1.025,1.019,0.01
HFE_H63D,wt,Moč chemický A: Špec. hmotnosť,45,1.018,1.014,1.022,1.019,0.009
HFE_H63D,het,Močový sediment A: Hlienové vlákna,23,65.0,11.0,100.0,81.043,110.669
HFE_H63D,wt,Močový sediment A: Hlienové vlákna,45,39.0,5.0,218.0,135.489,197.653
HFE_H63D,het,Vitamín B12,67,697.0,443.5,1452.5,992.731,747.436
HFE_H63D,hom,Vitamín B12,6,393.5,327.25,495.0,500.0,308.154
HFE_H63D,wt,Vitamín B12,224,664.0,365.0,1052.0,838.246,640.339
HFE_H63D,het,Močový sediment A: Hyalínové valce,23,0.0,0.0,0.0,0.0,0.0
HFE_H63D,wt,Močový sediment A: Hyalínové valce,45,0.0,0.0,0.0,0.0,0.0
HFE_H63D,het,Močový sediment A: Kvasinky,23,0.0,0.0,0.0,1.696,7.701
HFE_H63D,wt,Močový sediment A: Kvasinky,45,0.0,0.0,0.0,0.044,0.298
HFE_H63D,het,Močový sediment A: Zhluky leukocytov,23,0.0,0.0,0.0,3.0,8.78
HFE_H63D,wt,Močový sediment A: Zhluky leukocytov,44,0.0,0.0,1.0,5.841,28.274
HFE_H63D,het,Močový sediment A: Erytrocyty,23,4.0,4.0,8.0,81.087,280.128
HFE_H63D,wt,Močový sediment A: Erytrocyty,44,4.0,4.0,8.25,154.318,462.996
HFE_H63D,het,Močový sediment A: Baktérie,22,301.0,139.0,807.75,512.545,497.355
HFE_H63D,wt,Močový sediment A: Baktérie,43,302.0,140.5,948.5,651.233,728.196
HFE_H63D,het,ANA,62,0.31,0.27,0.43,0.475,0.792
HFE_H63D,wt,ANA,212,0.345,0.25,0.472,0.496,0.784
HFE_H63D,het,Močový sediment A: Leukocyty,23,9.0,3.0,27.5,42.391,83.727
HFE_H63D,wt,Močový sediment A: Leukocyty,42,5.5,3.0,29.0,95.31,235.024
HFE_H63D,het,Močový sediment A: Kryštály,23,0.0,0.0,0.0,0.696,3.125
HFE_H63D,wt,Močový sediment A: Kryštály,43,0.0,0.0,0.5,23.86,138.937
HFE_H63D,het,Foláty,65,4.7,3.0,8.7,7.025,5.708
HFE_H63D,hom,Foláty,6,15.9,11.725,22.175,15.5,8.268
HFE_H63D,wt,Foláty,222,6.4,3.525,10.45,7.953,5.571
HFE_H63D,het,T3f_S,18,3.55,3.25,4.125,3.561,0.985
HFE_H63D,wt,T3f_S,69,3.7,2.9,4.5,3.75,1.298
HFE_H63D,het,Ceruloplazmín,96,0.24,0.21,0.283,0.26,0.085
HFE_H63D,wt,Ceruloplazmín,314,0.25,0.21,0.31,0.268,0.08
HFE_H63D,het,Lipáza_S,58,1.84,1.015,3.8,3.88,4.706
HFE_H63D,hom,Lipáza_S,7,0.41,0.4,0.52,0.504,0.187
HFE_H63D,wt,Lipáza_S,168,3.025,0.808,9.38,14.463,48.947
HFE_H63D,het,Imunoblot ANA: AMA-M2,42,0.0,0.0,0.0,0.038,0.117
HFE_H63D,wt,Imunoblot ANA: AMA-M2,140,0.0,0.0,0.0,0.039,0.139
HFE_H63D,het,Imunoblot ANA: U1-sn RNP,42,0.0,0.0,0.0,0.048,0.159
HFE_H63D,wt,Imunoblot ANA: U1-sn RNP,140,0.0,0.0,0.0,0.093,0.616
HFE_H63D,het,alfa1 AT_S,58,1.33,1.23,1.802,1.548,0.501
HFE_H63D,wt,alfa1 AT_S,202,1.465,1.262,1.748,1.547,0.435
HFE_H63D,het,Imunoblot ANA: CENP-B,42,0.0,0.0,0.0,0.0,0.0
HFE_H63D,wt,Imunoblot ANA: CENP-B,140,0.0,0.0,0.0,0.03,0.175
HFE_H63D,het,Imunoblot ANA: Scl-70,42,0.0,0.0,0.0,0.027,0.142
HFE_H63D,wt,Imunoblot ANA: Scl-70,140,0.0,0.0,0.0,0.031,0.227
HFE_H63D,het,Imunoblot ANA: Mi-2,42,0.0,0.0,0.0,0.009,0.056
HFE_H63D,wt,Imunoblot ANA: Mi-2,140,0.0,0.0,0.0,0.02,0.094
HFE_H63D,het,Imunoblot ANA: Ku,42,0.0,0.0,0.0,0.011,0.052
HFE_H63D,wt,Imunoblot ANA: Ku,140,0.0,0.0,0.0,0.029,0.172
HFE_H63D,het,Imunoblot ANA: dsDNA,42,0.0,0.0,0.408,0.317,0.601
HFE_H63D,wt,Imunoblot ANA: dsDNA,140,0.0,0.0,0.24,0.148,0.25
HFE_H63D,het,Imunoblot ANA: Histones,42,0.0,0.0,0.0,0.101,0.257
HFE_H63D,wt,Imunoblot ANA: Histones,140,0.0,0.0,0.0,0.062,0.173
HFE_H63D,het,Imunoblot ANA: Nucleosomes,42,0.0,0.0,0.0,0.092,0.443
HFE_H63D,wt,Imunoblot ANA: Nucleosomes,140,0.0,0.0,0.0,0.028,0.169
HFE_H63D,het,Imunoblot ANA: PM-Scl,42,0.0,0.0,0.0,0.013,0.061
HFE_H63D,wt,Imunoblot ANA: PM-Scl,140,0.0,0.0,0.0,0.058,0.257
HFE_H63D,het,Imunoblot ANA: Jo-1,42,0.0,0.0,0.0,0.029,0.095
HFE_H63D,wt,Imunoblot ANA: Jo-1,140,0.0,0.0,0.0,0.047,0.525
HFE_H63D,het,Imunoblot ANA: SS-A/Ro52kD,42,0.0,0.0,0.0,0.064,0.335
HFE_H63D,wt,Imunoblot ANA: SS-A/Ro52kD,140,0.0,0.0,0.0,0.097,0.481
HFE_H63D,het,Imunoblot ANA: SS-A/Ro60kD,42,0.0,0.0,0.0,0.049,0.237
HFE_H63D,wt,Imunoblot ANA: SS-A/Ro60kD,140,0.0,0.0,0.0,0.068,0.533
HFE_H63D,het,Imunoblot ANA: Rib-PO,42,0.0,0.0,0.0,0.064,0.225
HFE_H63D,wt,Imunoblot ANA: Rib-PO,140,0.0,0.0,0.0,0.077,0.274
HFE_H63D,het,Imunoblot ANA: PCNA,42,0.0,0.0,0.0,0.01,0.045
HFE_H63D,wt,Imunoblot ANA: PCNA,140,0.0,0.0,0.0,0.049,0.216
HFE_H63D,het,Imunoblot ANA: SmD1,42,0.0,0.0,0.0,0.015,0.071
HFE_H63D,wt,Imunoblot ANA: SmD1,139,0.0,0.0,0.0,0.009,0.07
HFE_H63D,het,Imunoblot ANA: SS-B/La,42,0.0,0.0,0.0,0.053,0.125
HFE_H63D,wt,Imunoblot ANA: SS-B/La,136,0.0,0.0,0.0,0.121,0.635
HFE_H63D,het,p-ANCA,23,1.1,0.71,2.32,1.776,1.709
HFE_H63D,wt,p-ANCA,92,1.19,0.678,2.21,1.652,1.544
HFE_H63D,het,c-ANCA,23,1.46,0.65,3.31,2.555,2.761
HFE_H63D,wt,c-ANCA,90,1.33,0.673,2.28,2.202,3.211
HFE_H63D,het,Troponín T hs,41,14.0,7.0,30.0,146.393,796.974
HFE_H63D,hom,Troponín T hs,12,62.5,9.0,165.5,100.917,109.866
HFE_H63D,wt,Troponín T hs,129,6.0,0.036,20.0,24.947,51.454
HFE_H63D,het,Interleukín -6,20,29.1,16.65,140.025,130.15,221.278
HFE_H63D,hom,Interleukín -6,6,1.75,1.55,1.95,1.95,0.641
HFE_H63D,wt,Interleukín -6,87,29.5,8.4,80.1,949.363,5591.498
HFE_H63D,het,Kalcium ionizované_S,21,1.137,1.11,1.224,1.168,0.147
HFE_H63D,wt,Kalcium ionizované_S,112,1.06,0.94,1.148,1.008,0.235
HFE_H63D,het,D_dimer INOV,18,3755.0,1482.5,9237.5,5968.889,5978.309
HFE_H63D,hom,D_dimer INOV,5,190.0,190.0,210.0,208.0,30.332
HFE_H63D,wt,D_dimer INOV,67,910.0,410.0,4725.0,4163.284,7879.797
HFE_H63D,het,T Ly_CD3+,12,78.5,75.0,80.0,76.75,8.561
HFE_H63D,wt,T Ly_CD3+,40,79.5,70.75,83.0,76.65,9.947
HFE_H63D,het,Ak.TLyCD3+HLADR+_ap,12,148.5,134.5,172.0,146.083,48.84
HFE_H63D,wt,Ak.TLyCD3+HLADR+_ap,40,155.0,108.5,219.75,240.55,269.459
HFE_H63D,het,Lymfocyty,12,22.0,18.0,26.5,21.917,6.762
HFE_H63D,wt,Lymfocyty,40,28.0,18.5,33.25,25.7,11.576
HFE_H63D,het,Leukocyty,12,5.45,4.025,7.35,7.367,6.288
HFE_H63D,wt,Leukocyty,40,6.7,5.075,8.125,7.105,3.716
HFE_H63D,het,Aktiv.TLy_CD3+HLADR+,12,11.0,7.75,14.0,12.0,6.15
HFE_H63D,wt,Aktiv.TLy_CD3+HLADR+,40,11.0,7.75,17.25,13.1,6.957
HFE_H63D,het,T Ly_CD3+_ a.p.,12,987.5,854.5,1262.75,1017.917,370.707
HFE_H63D,wt,T Ly_CD3+_ a.p.,40,1287.5,863.75,1646.25,1323.125,831.798
HFE_H63D,het,Pomoc.TLy_CD4+_a.p,11,733.0,594.0,911.5,714.0,313.015
HFE_H63D,wt,Pomoc.TLy_CD4+_a.p,40,754.0,530.0,1093.5,813.825,454.879
HFE_H63D,het,Pomoc.TLy_CD4+,11,54.0,49.5,59.5,50.455,16.052
HFE_H63D,wt,Pomoc.TLy_CD4+,40,49.0,44.0,59.0,48.825,12.241
HFE_H63D,het,B Ly _CD19+_ a.p.,11,87.0,75.5,146.5,106.909,51.475
HFE_H63D,wt,B Ly _CD19+_ a.p.,40,141.0,66.75,191.5,147.15,99.098
HFE_H63D,het,NKbb._CD16+CD56+_ap,11,213.0,124.5,221.0,177.545,65.668
HFE_H63D,wt,NKbb._CD16+CD56+_ap,40,155.5,85.25,245.25,199.65,181.649
HFE_H63D,het,NKbb._ CD16+CD56+,11,13.0,11.5,16.0,14.909,9.481
HFE_H63D,wt,NKbb._ CD16+CD56+,40,10.5,7.0,14.25,11.85,7.051
HFE_H63D,het,Cyt.TLy_CD8+,11,26.0,19.5,26.0,24.727,9.111
HFE_H63D,wt,Cyt.TLy_CD8+,40,22.5,18.0,31.0,24.725,8.956
HFE_H63D,het,B Ly_ CD19+,11,8.0,5.5,10.0,7.909,3.239
HFE_H63D,wt,B Ly_ CD19+,40,9.0,6.75,12.25,9.8,6.434
HFE_H63D,het,Imunoreg.index_IRI,11,2.3,1.9,3.2,2.4,1.193
HFE_H63D,wt,Imunoreg.index_IRI,40,2.1,1.475,3.025,2.332,1.199
HFE_H63D,het,Cyt.TLy_CD8+_a.p,11,271.0,228.0,406.0,311.455,105.886
HFE_H63D,wt,Cyt.TLy_CD8+_a.p,40,371.5,192.5,510.0,454.75,480.859
HFE_H63D,wt,Žlčové kyseliny,16,5.15,4.25,12.6,46.15,93.998
HFE_H63D,het,anti TPO_S,7,28.0,16.21,31.8,204.563,483.133
HFE_H63D,wt,anti TPO_S,36,42.775,28.0,193.775,280.231,474.916
HFE_H63D,het,Krvný obr._DIFF_RET: Bazofily_#,28,0.01,0.0,0.022,0.018,0.02
HFE_H63D,wt,Krvný obr._DIFF_RET: Bazofily_#,118,0.01,0.01,0.03,0.028,0.044
HFE_H63D,het,Krvný obr._DIFF_RET: Stredná konc._HGB,28,31.6,29.05,33.225,31.414,3.797
HFE_H63D,wt,Krvný obr._DIFF_RET: Stredná konc._HGB,118,30.5,28.925,33.3,31.33,4.229
HFE_H63D,het,Krvný obr._DIFF_RET: Stred. far.konc._HGB,28,324.5,320.75,337.5,330.429,16.169
HFE_H63D,wt,Krvný obr._DIFF_RET: Stred. far.konc._HGB,118,334.5,322.25,347.0,333.576,18.884
HFE_H63D,het,Krvný obr._DIFF_RET: Stredný objem_RBC,28,93.5,90.9,99.9,94.961,9.992
HFE_H63D,wt,Krvný obr._DIFF_RET: Stredný objem_RBC,118,91.8,87.025,98.375,93.827,10.948
HFE_H63D,het,Krvný obr._DIFF_RET: Trombocyty_PLT,28,152.0,93.0,246.25,202.607,173.578
HFE_H63D,wt,Krvný obr._DIFF_RET: Trombocyty_PLT,118,203.0,132.5,274.5,206.915,116.834
HFE_H63D,het,Krvný obr._DIFF_RET: Retikulocyty_#,28,41.4,33.775,76.15,61.054,47.439
HFE_H63D,wt,Krvný obr._DIFF_RET: Retikulocyty_#,118,50.7,35.5,72.3,65.309,53.334
HFE_H63D,het,Krvný obr._DIFF_RET: Erytrocyty_RBC,28,3.89,3.39,4.6,4.054,0.952
HFE_H63D,wt,Krvný obr._DIFF_RET: Erytrocyty_RBC,118,3.855,3.242,4.45,3.823,0.91
HFE_H63D,het,Krvný obr._DIFF_RET: Leukocyty_WBC,28,5.8,4.45,6.95,6.882,5.124
HFE_H63D,wt,Krvný obr._DIFF_RET: Leukocyty_WBC,118,6.55,4.925,8.575,7.773,4.764
HFE_H63D,het,Krvný obr._DIFF_RET: Retikulocyty_%,28,1.0,0.775,1.8,1.586,1.401
HFE_H63D,wt,Krvný obr._DIFF_RET: Retikulocyty_%,118,1.25,0.9,2.2,2.007,2.483
HFE_H63D,het,Krvný obr._DIFF_RET: Hemoglobín_HGB,28,121.5,110.75,129.25,125.179,24.355
HFE_H63D,wt,Krvný obr._DIFF_RET: Hemoglobín_HGB,118,118.0,104.0,132.75,117.517,23.503
HFE_H63D,het,Krvný obr._DIFF_RET: Bazofily_%,28,0.2,0.0,0.325,0.339,0.501
HFE_H63D,wt,Krvný obr._DIFF_RET: Bazofily_%,118,0.2,0.1,0.5,0.397,0.507
HFE_H63D,het,Krvný obr._DIFF_RET: Hematokrit_HCT,28,0.369,0.34,0.405,0.379,0.068
HFE_H63D,wt,Krvný obr._DIFF_RET: Hematokrit_HCT,118,0.35,0.319,0.399,0.353,0.07
HFE_H63D,het,ABR_artéria: HCO3_B - akt.,35,20.2,18.35,23.8,20.986,4.892
HFE_H63D,wt,ABR_artéria: HCO3_B - akt.,130,21.9,18.2,25.0,21.428,5.89
HFE_H63D,het,ABR_artéria: O2_B sat,35,95.0,88.3,97.0,91.16,9.65
HFE_H63D,wt,ABR_artéria: O2_B sat,130,96.35,89.225,98.675,91.216,12.189
HFE_H63D,het,ABR_artéria: pH_B,35,7.339,7.226,7.428,7.33,0.126
HFE_H63D,wt,ABR_artéria: pH_B,130,7.383,7.334,7.434,7.361,0.128
HFE_H63D,het,ABR_artéria: HCO3_B -  stand.,35,21.4,18.1,22.95,20.737,4.294
HFE_H63D,wt,ABR_artéria: HCO3_B -  stand.,130,21.7,19.05,24.6,21.588,4.993
HFE_H63D,het,ABR_artéria: BB_B,35,41.6,37.65,44.7,41.54,5.548
HFE_H63D,wt,ABR_artéria: BB_B,130,43.7,39.425,46.975,42.75,6.844
HFE_H63D,het,ABR_artéria: BE_B,35,-3.5,-7.8,-1.45,-4.509,5.604
HFE_H63D,wt,ABR_artéria: BE_B,130,-3.1,-6.625,0.4,-3.558,6.733
HFE_H63D,het,Krvný obr._DIFF_RET: Monocyty_#,27,0.48,0.31,0.67,0.509,0.292
HFE_H63D,wt,Krvný obr._DIFF_RET: Monocyty_#,118,0.545,0.37,0.74,0.597,0.346
HFE_H63D,het,Krvný obr._DIFF_RET: Eozinofily_%,27,1.8,1.15,3.1,2.222,1.585
HFE_H63D,wt,Krvný obr._DIFF_RET: Eozinofily_%,118,1.9,0.8,2.975,2.497,3.67
HFE_H63D,het,Krvný obr._DIFF_RET: Lymfocyty_#,27,0.96,0.68,1.41,1.084,0.557
HFE_H63D,wt,Krvný obr._DIFF_RET: Lymfocyty_#,118,1.29,0.93,1.74,1.424,0.786
HFE_H63D,het,Krvný obr._DIFF_RET: Eozinofily_#,27,0.08,0.055,0.13,0.134,0.139
HFE_H63D,wt,Krvný obr._DIFF_RET: Eozinofily_#,118,0.105,0.05,0.18,0.178,0.386
HFE_H63D,het,Krvný obr._DIFF_RET: Monocyty_%,27,8.3,6.45,11.35,8.859,3.774
HFE_H63D,wt,Krvný obr._DIFF_RET: Monocyty_%,118,7.7,5.7,10.275,8.535,3.996
HFE_H63D,het,Krvný obr._DIFF_RET: Lymfocyty_%,27,19.5,14.5,22.9,19.222,7.063
HFE_H63D,wt,Krvný obr._DIFF_RET: Lymfocyty_%,118,20.55,14.5,28.1,21.332,9.857
HFE_H63D,het,Krvný obr._DIFF_RET: Neutrofily_%,27,69.9,63.25,75.15,69.352,9.411
HFE_H63D,wt,Krvný obr._DIFF_RET: Neutrofily_%,118,67.75,60.175,73.325,67.239,12.099
HFE_H63D,het,ABR_artéria: PO2_B,35,9.83,8.27,12.4,10.543,3.708
HFE_H63D,wt,ABR_artéria: PO2_B,130,10.975,8.03,17.278,12.726,6.35
HFE_H63D,het,ABR_artéria: PCO2_B,35,5.46,4.305,6.08,5.501,1.798
HFE_H63D,wt,ABR_artéria: PCO2_B,130,4.805,4.342,5.91,5.041,1.224
HFE_H63D,het,Krvný obr._DIFF_RET: Nezrelé formy RET,28,6.95,3.1,9.325,7.521,5.742
HFE_H63D,wt,Krvný obr._DIFF_RET: Nezrelé formy RET,117,8.2,5.0,15.6,11.284,8.656
HFE_H63D,het,Krvný obr._DIFF_RET: Neutrofily_#,27,3.8,2.81,4.785,4.439,3.005
HFE_H63D,wt,Krvný obr._DIFF_RET: Neutrofily_#,118,4.16,3.042,6.132,5.54,4.422
HFE_H63D,het,Meď_S,65,17.0,15.0,21.06,18.142,5.11
HFE_H63D,wt,Meď_S,209,17.9,14.5,21.6,18.752,5.521
HFE_H63D,het,Krvný obr._DIFF_RET: Šírka dist.kriv._RBC,27,14.6,13.55,15.75,14.926,1.966
HFE_H63D,wt,Krvný obr._DIFF_RET: Šírka dist.kriv._RBC,118,14.7,13.425,16.475,15.271,2.359
HFE_H63D,wt,Diff.rozpočet_ WBC: Lymfocyty,7,0.18,0.15,0.295,0.23,0.145
HFE_H63D,het,Beta2 mikroglob. _S,28,3.5,2.475,5.35,3.961,1.838
HFE_H63D,wt,Beta2 mikroglob. _S,94,2.8,2.225,3.975,3.628,2.429
HFE_H63D,wt,Diff.rozpočet_ WBC: Neutrofilné segmenty,8,0.55,0.32,0.747,0.549,0.233
HFE_H63D,het,NT-proBNP,44,570.5,195.25,8883.75,4772.091,6059.721
HFE_H63D,hom,NT-proBNP,5,109.0,32.0,10249.0,5511.8,7859.816
HFE_H63D,wt,NT-proBNP,100,1387.0,477.75,5008.5,5794.35,11268.116
HFE_H63D,het,CCP,12,2.185,0.735,3.48,2.376,2.095
HFE_H63D,wt,CCP,42,1.725,0.682,4.638,3.125,3.489
HFE_H63D,wt,Calprotektin,10,345.52,69.145,628.888,471.272,543.402
HFE_H63D,wt,Diff.rozpočet_ WBC: Monocyty,8,0.06,0.032,0.06,0.046,0.024
HFE_H63D,het,Krvný obr._DIFF_RET: Stredný objem_PLT,22,11.55,10.975,12.25,11.495,1.095
HFE_H63D,wt,Krvný obr._DIFF_RET: Stredný objem_PLT,105,10.8,10.2,11.6,10.909,1.065
HFE_H63D,het,CVK_S,55,43.0,30.75,58.7,45.458,19.463
HFE_H63D,wt,CVK_S,141,47.6,33.2,61.6,47.483,18.17
HFE_H63D,het,NVK_S,54,27.25,11.275,41.75,27.754,17.975
HFE_H63D,wt,NVK_S,137,30.3,11.1,41.6,29.157,19.298
HFE_H63D,het,Trombínový čas,41,19.3,16.8,21.3,19.634,4.212
HFE_H63D,wt,Trombínový čas,114,18.4,16.0,21.275,19.048,3.993
HFE_H63D,het,ANA  HEp-2,14,5.095,2.002,7.128,5.015,2.947
HFE_H63D,wt,ANA  HEp-2,48,6.13,2.02,8.265,12.593,42.901
HFE_H63D,het,dsDNA IgG,12,3.085,1.838,4.035,5.466,7.308
HFE_H63D,wt,dsDNA IgG,48,3.13,1.445,7.32,16.084,51.208
HFE_H63D,wt,anti- transglut. IgA,6,1.76,0.985,58.658,31.948,48.857
HFE_H63D,het,anti TG_S,7,16.0,15.0,25.0,33.143,41.515
HFE_H63D,wt,anti TG_S,31,20.0,15.0,177.5,107.839,138.335
HFE_H63D,wt,Diff.rozpočet_ WBC: Eozinofily,5,0.05,0.04,0.06,0.048,0.019
HFE_H63D,het,AFP_S,40,3.57,2.508,5.832,4.919,5.046
HFE_H63D,wt,AFP_S,140,3.505,2.175,5.912,319.745,2085.572
HFE_H63D,wt,CIK_S,6,68.0,68.0,70.25,67.5,14.096
HFE_H63D,het,Etanol v sére,57,0.03,0.03,0.204,0.372,0.881
HFE_H63D,wt,Etanol v sére,132,0.03,0.03,0.043,0.297,0.765
HFE_H63D,het,Prealbumín_S,5,0.27,0.24,0.27,0.222,0.097
HFE_H63D,wt,Prealbumín_S,14,0.185,0.09,0.308,0.199,0.127
HFE_H63D,het,Cholinesteráza_S,36,140.31,96.81,175.27,135.886,56.439
HFE_H63D,wt,Cholinesteráza_S,134,123.97,83.5,177.3,133.631,70.757
HFE_H63D,het,Glykémia_5/4,30,8.15,5.925,10.375,8.047,3.35
HFE_H63D,wt,Glykémia_5/4,118,8.9,6.125,14.225,10.623,5.776
HFE_H63D,het,Imunoblot Liver Pro: SLA,33,0.0,0.0,0.0,0.131,0.582
HFE_H63D,wt,Imunoblot Liver Pro: SLA,114,0.0,0.0,0.0,0.008,0.069
HFE_H63D,het,Imunoblot Liver Pro: LKM1,33,0.0,0.0,0.0,0.098,0.332
HFE_H63D,wt,Imunoblot Liver Pro: LKM1,114,0.0,0.0,0.0,0.049,0.17
HFE_H63D,het,Imunoblot Liver Pro: AMA-M2,33,0.0,0.0,0.0,0.084,0.195
HFE_H63D,wt,Imunoblot Liver Pro: AMA-M2,114,0.0,0.0,0.0,0.055,0.121
HFE_H63D,wt,Diff.rozpočet_ WBC: Neutrofil.nesegmenty,6,0.055,0.028,0.09,0.058,0.041
HFE_H63D,het,Imunoblot Liver Pro: Sp100,33,0.0,0.0,0.0,0.03,0.174
HFE_H63D,wt,Imunoblot Liver Pro: Sp100,114,0.0,0.0,0.0,0.067,0.544
HFE_H63D,het,Imunoblot Liver Pro: LC1,33,0.0,0.0,0.0,0.059,0.143
HFE_H63D,wt,Imunoblot Liver Pro: LC1,114,0.0,0.0,0.0,0.061,0.181
HFE_H63D,het,Imunoblot Liver Pro: gp210,33,0.23,0.0,0.4,0.385,0.729
HFE_H63D,wt,Imunoblot Liver Pro: gp210,114,0.0,0.0,0.318,0.232,0.494
HFE_H63D,het,CEA _S,15,1.789,1.17,3.335,5.25,11.873
HFE_H63D,wt,CEA _S,54,2.203,1.313,5.027,22.726,129.746
HFE_H63D,het,AMAM2,29,1.04,0.3,2.7,1.835,2.584
HFE_H63D,wt,AMAM2,99,0.98,0.32,1.81,1.717,3.001
HFE_H63D,het,IgE celkové FOOKE,9,26.12,19.27,77.62,166.026,322.009
HFE_H63D,wt,IgE celkové FOOKE,24,21.365,13.245,55.39,89.608,198.433
HFE_H63D,het,Močový sediment: Valce,25,1.0,0.0,3.0,1.56,1.71
HFE_H63D,wt,Močový sediment: Valce,60,1.0,0.0,1.0,1.35,2.73
HFE_H63D,het,CA 19-9_S,14,5.5,2.0,21.525,459.774,1633.883
HFE_H63D,wt,CA 19-9_S,53,7.8,2.3,26.7,2863.412,19231.631
HFE_H63D,het,SLA a LP,27,0.81,0.62,1.325,6.183,24.05
HFE_H63D,wt,SLA a LP,91,0.76,0.415,1.255,1.35,2.14
HFE_H63D,het,LKM1,27,0.41,0.22,0.77,0.67,1.11
HFE_H63D,wt,LKM1,93,0.32,0.1,0.74,0.617,1.084
HFE_H63D,het,NSE_S,22,14.895,10.29,20.443,16.742,7.535
HFE_H63D,wt,NSE_S,85,14.78,11.0,19.06,16.522,8.079
HFE_H63D,het,Osmolalita_S,7,288.0,281.0,291.5,288.143,9.771
HFE_H63D,wt,Osmolalita_S,38,291.0,284.25,299.0,293.368,16.162
HFE_H63D,het,HBDH_S,7,3.5,2.9,7.75,7.271,7.743
HFE_H63D,wt,HBDH_S,9,4.6,3.8,5.9,5.989,5.042
HFE_H63D,het,Haptoglobín_S,33,0.71,0.26,1.48,1.004,1.042
HFE_H63D,wt,Haptoglobín_S,105,0.98,0.43,1.67,1.148,0.961
HFE_H63D,het,Glykémia_5/3,27,6.8,5.2,8.75,7.948,4.279
HFE_H63D,wt,Glykémia_5/3,81,8.5,6.1,12.3,9.823,5.018
HFE_H63D,het,Antitrombín III,23,54.9,44.55,66.05,58.761,18.593
HFE_H63D,wt,Antitrombín III,67,75.0,55.65,99.9,80.655,35.93
HFE_H63D,het,Proteinúria kvant._U,14,0.175,0.103,0.431,0.454,0.578
HFE_H63D,wt,Proteinúria kvant._U,32,0.161,0.099,0.353,0.378,0.603
HFE_H63D,het,Factor V,33,77.2,55.5,125.6,89.794,49.534
HFE_H63D,wt,Factor V,87,110.5,72.35,162.8,114.234,50.717
HFE_H63D,het,Kreatinín_U (zbier.),17,6070.0,3950.0,9130.0,6571.353,3451.258
HFE_H63D,wt,Kreatinín_U (zbier.),23,5190.0,3690.0,6346.0,5529.926,2743.973
HFE_H63D,het,LC1,21,0.64,0.46,1.04,0.813,0.607
HFE_H63D,wt,LC1,75,0.85,0.445,1.38,1.018,0.896
HFE_H63D,wt,anti- transglut. IgG,6,5.96,0.668,64.99,30.342,42.378
HFE_H63D,het,Amoniak_P,42,49.5,35.0,84.25,65.595,52.07
HFE_H63D,wt,Amoniak_P,73,60.0,45.0,80.0,66.0,35.207
HFE_H63D,het,Tub. resorbcia,16,98.655,97.85,98.968,97.393,3.928
HFE_H63D,wt,Tub. resorbcia,21,97.45,96.8,98.66,95.822,6.366
HFE_H63D,het,Amyláza_U (jednoráz),8,3.485,1.852,10.09,7.485,8.747
HFE_H63D,wt,Amyláza_U (jednoráz),77,6.14,2.54,20.41,31.29,109.341
HFE_H63D,het,Glykémia_5/2,22,10.05,8.125,12.925,10.505,3.197
HFE_H63D,wt,Glykémia_5/2,65,10.4,7.4,13.3,10.715,4.277
HFE_H63D,wt,ASCA IgG,11,3.66,2.75,9.185,13.872,29.598
HFE_H63D,wt,ASCA IgA,11,3.96,2.02,14.13,31.604,61.731
HFE_H63D,het,Punktát_WBC,41,0.17,0.09,0.32,0.461,1.326
HFE_H63D,wt,Punktát_WBC,75,0.18,0.08,0.345,0.478,0.969
HFE_H63D,wt,DGP IgA,12,0.85,0.458,1.918,7.293,17.019
HFE_H63D,wt,DGP IgG,12,1.72,0.682,4.812,12.209,23.844
HFE_H63D,het,HbA1c %,14,7.15,6.05,8.0,6.993,1.337
HFE_H63D,wt,HbA1c %,40,7.05,6.175,9.45,7.768,2.271
HFE_H63D,het,HbA1c,14,55.5,42.95,64.975,53.857,15.148
HFE_H63D,wt,HbA1c,40,54.5,44.55,81.75,62.717,25.974
HFE_H63D,wt,DNP / Nucleo-h /,12,1.32,0.855,1.703,2.094,3.063
HFE_H63D,het,AMA-M2,23,1.01,0.46,2.27,8.433,33.434
HFE_H63D,wt,AMA-M2,78,1.45,0.785,2.585,2.387,3.234
HFE_H63D,het,IGG4,22,0.438,0.2,1.319,0.758,0.729
HFE_H63D,wt,IGG4,72,0.63,0.299,1.218,0.996,1.168
HFE_H63D,wt,ABR_kapilára: HCO3_B - akt.,17,22.5,17.6,24.5,21.618,3.957
HFE_H63D,wt,ABR_kapilára: PCO2_B,17,4.44,4.02,4.85,4.444,0.528
HFE_H63D,wt,ABR_kapilára: HCO3_B -  stand.,17,23.2,19.4,24.8,22.676,3.265
HFE_H63D,wt,ABR_kapilára: O2_B sat,17,92.9,90.6,94.2,92.447,2.993
HFE_H63D,wt,ABR_kapilára: PO2_B,17,8.16,7.68,8.62,8.575,1.739
HFE_H63D,wt,ABR_kapilára: pH_B,17,7.439,7.389,7.447,7.426,0.038
HFE_H63D,wt,ABR_kapilára: BE_B,17,-1.4,-6.1,0.6,-2.082,4.033
HFE_H63D,wt,ABR_kapilára: BB_B,17,46.6,41.5,48.4,44.976,4.432
HFE_H63D,het,Glykémia_5/1,18,5.45,4.05,8.85,6.467,2.831
HFE_H63D,wt,Glykémia_5/1,55,6.3,4.6,10.15,7.651,4.093
HFE_H63D,wt,Laktát_P_artéria,41,2.0,1.2,2.3,3.598,6.607
HFE_H63D,het,Laktát_P,19,3.0,2.6,3.75,3.184,1.017
HFE_H63D,wt,Laktát_P,47,2.4,2.0,3.15,2.709,1.321
HFE_H63D,wt,Solub.transf.recep_S,17,0.82,0.69,1.83,1.504,1.29
HFE_H63D,het,anti-SLA/LP,22,0.755,0.49,1.418,1.943,4.665
HFE_H63D,wt,anti-SLA/LP,67,0.89,0.63,1.39,1.494,2.023
HFE_H63D,het,anti-LKM-1,22,0.2,0.08,0.318,0.342,0.465
HFE_H63D,wt,anti-LKM-1,66,0.26,0.07,0.682,0.493,0.571
HFE_H63D,het,CA 72-4_S,5,1.97,1.89,2.33,2.37,1.107
HFE_H63D,wt,CA 72-4_S,28,1.25,0.922,2.732,17.346,59.129
HFE_H63D,wt,anti transglutam.IgA,11,1.13,0.5,2.635,2.22,2.883
HFE_H63D,het,CYFRA  21-1_S,5,3.62,1.84,7.11,7.694,9.559
HFE_H63D,wt,CYFRA  21-1_S,27,1.99,1.415,4.185,16.9,44.755
HFE_H63D,het,Glykémia_3/3,9,7.4,5.2,11.6,8.211,3.661
HFE_H63D,wt,Glykémia_3/3,57,10.4,5.7,13.5,10.523,5.437
HFE_H63D,wt,Kortizol_S_ a.m.,20,388.0,177.0,592.25,469.6,431.252
HFE_H63D,het,Glykémia_3/2,12,8.7,5.65,10.475,8.792,3.084
HFE_H63D,wt,Glykémia_3/2,53,11.0,8.8,13.0,10.934,4.818
HFE_H63D,het,PSAc_S,6,0.97,0.515,1.882,1.166,0.839
HFE_H63D,wt,PSAc_S,20,0.554,0.361,2.068,1.429,1.747
HFE_H63D,het,Chol.celk._ascites,23,1.29,1.29,1.29,1.45,0.607
HFE_H63D,wt,Chol.celk._ascites,52,1.29,1.29,1.29,1.31,0.277
HFE_H63D,het,Kortizol_S,11,395.0,244.0,608.0,415.909,248.109
HFE_H63D,wt,Kortizol_S,29,313.0,144.0,467.0,303.897,187.658
HFE_H63D,het,Signál Meď,17,1.65,0.6,3.15,2.835,3.099
HFE_H63D,wt,Signál Meď,55,2.23,1.4,3.375,2.753,2.467
HFE_H63D,het,Bielkovina_ ascites,24,18.85,13.425,25.425,24.108,15.3
HFE_H63D,wt,Bielkovina_ ascites,50,17.95,12.4,23.25,18.616,9.189
HFE_H63D,het,GF-rozdiel,16,-2.58,-16.578,55.578,31.028,86.075
HFE_H63D,wt,GF-rozdiel,21,0.94,-28.56,28.95,-0.643,41.244
HFE_H63D,het,LDH_ascites,24,1.3,0.8,1.7,2.067,2.528
HFE_H63D,wt,LDH_ascites,47,1.1,0.8,1.65,1.6,1.773
HFE_H63D,het,GF-(S+U)-dospelí,16,1.75,0.865,2.005,1.601,0.943
HFE_H63D,wt,GF-(S+U)-dospelí,21,1.09,0.57,1.45,1.093,0.688
HFE_H63D,het,GF(S)-Cockroft,16,1.13,1.032,1.782,1.294,0.602
HFE_H63D,wt,GF(S)-Cockroft,21,0.97,0.72,1.26,1.094,0.67
HFE_H63D,het,Cu_U_diuréza,15,0.66,0.19,0.97,0.696,0.633
HFE_H63D,wt,Cu_U_diuréza,54,0.51,0.322,0.792,0.742,0.834
HFE_H63D,het,Glykémia_3/1,13,4.5,4.0,6.6,5.3,2.144
HFE_H63D,wt,Glykémia_3/1,46,6.25,4.65,9.75,7.724,3.985
HFE_H63D,wt,Elementy_CSF: Ly_CSF,12,4.0,0.75,7.0,10.25,17.147
HFE_H63D,het,Triacylglyc._ascites,22,0.51,0.372,0.675,0.62,0.402
HFE_H63D,wt,Triacylglyc._ascites,47,0.36,0.3,0.45,0.382,0.132
HFE_H63D,wt,Chloridy_CSF,12,124.5,123.5,127.25,125.333,3.576
HFE_H63D,het,CA 125_S,9,29.3,13.8,1612.0,1043.011,1774.941
HFE_H63D,wt,CA 125_S,18,16.15,7.825,25.375,20.661,18.826
HFE_H63D,wt,Glukóza_CSF,12,4.17,3.18,4.21,3.902,0.702
HFE_H63D,wt,CB_CSF,12,0.45,0.385,0.578,0.494,0.181
HFE_H63D,wt,Elementy_CSF: Le_CSF,12,2.0,0.75,4.25,5.75,12.241
HFE_H63D,wt,Chloridy_U (zbieraný,8,52.0,19.0,117.75,75.875,71.543
HFE_H63D,wt,Kálium_U (zbieraný),8,20.9,13.85,25.0,18.638,8.597
HFE_H63D,wt,Nátrium_U (zbieraný),8,68.0,42.75,112.5,84.625,62.0
HFE_H63D,wt,Addisov sediment: Valce,6,0.0,0.0,0.75,0.333,0.516
HFE_H63D,wt,Addisov sediment: Leukocyty,6,2.0,1.25,2.75,5.833,9.908
HFE_H63D,wt,Addisov sediment: Erytrocyty,6,2.0,1.0,3.75,3.167,3.656
HFE_H63D,wt,Laktát_CSF,11,2.1,1.85,2.35,2.155,0.446
HFE_H63D,het,C-Peptid_S,12,2.775,2.145,3.16,2.648,0.963
HFE_H63D,wt,C-Peptid_S,19,2.27,1.235,4.085,3.384,3.114
HFE_H63D,het,Kreatinín_UJ (jednor,7,6380.0,5434.45,8510.0,6936.129,3059.045
HFE_H63D,wt,Kreatinín_UJ (jednor,20,9055.0,6507.5,12347.025,9921.695,5936.662
HFE_H63D,het,Albumín_U (jednoráz),7,8.53,5.985,61.0,55.071,85.69
HFE_H63D,wt,Albumín_U (jednoráz),20,11.25,6.658,22.725,125.575,476.993
HFE_H63D,wt,ACLA IgG/M/A,9,1.55,1.45,2.76,2.743,3.16
HFE_H63D,wt,CA 15-3_S,12,26.7,22.375,38.9,40.175,42.846
HFE_H63D,het,Glukóza_pleur.punkt.,19,6.18,5.74,6.53,6.184,1.585
HFE_H63D,wt,Glukóza_pleur.punkt.,35,6.94,5.94,7.955,7.239,1.681
HFE_H63D,het,MIA_UJ (album/kreat),5,63.56,9.67,224.51,109.93,116.668
HFE_H63D,wt,MIA_UJ (album/kreat),19,9.61,6.295,38.29,144.228,531.734
HFE_H63D,wt,Pankreat. elastáza,7,500.0,376.555,500.0,399.923,169.841
HFE_H63D,wt,Protrombín IgM,8,2.49,2.062,4.448,5.052,6.073
HFE_H63D,wt,Protrombín IgG,8,5.175,3.682,8.998,7.815,7.309
HFE_H63D,wt,Parathormón_S,13,46.4,42.7,282.6,164.254,212.291
HFE_H63D,wt,Beta2-Glyco-Check,7,2.19,1.37,3.485,2.543,1.536
HFE_H63D,wt,SCCA_S,8,1.6,0.95,1.925,1.45,0.578
HFE_H63D,wt,Prolaktín_S,8,16.35,14.175,27.125,18.425,8.416
HFE_H63D,wt,Lupus antikoagulans1,9,37.2,34.3,38.7,40.889,11.686
HFE_H63D,wt,FSH _S,7,5.0,4.8,93.4,45.229,50.714
HFE_H63D,wt,LH_S,6,7.35,3.175,39.65,20.4,23.971
HFE_H63D,wt,Glukóza_kapil._sólo,14,10.7,7.448,21.025,14.079,8.057
HFE_H63D,wt,Protein C,8,96.85,88.4,106.25,96.962,28.747
HFE_H63D,het,Krvný obraz_RET: Trombocyty_PLT,6,198.0,168.75,239.25,222.833,119.045
HFE_H63D,wt,Krvný obraz_RET: Trombocyty_PLT,20,132.0,88.0,217.5,166.35,108.161
HFE_H63D,het,Krvný obraz_RET: Hemoglobín_HGB,6,115.0,104.75,119.25,110.833,18.148
HFE_H63D,wt,Krvný obraz_RET: Hemoglobín_HGB,20,102.5,87.25,124.0,102.4,23.128
HFE_H63D,het,Krvný obraz_RET: Leukocyty_WBC,6,5.4,4.8,7.575,6.133,2.486
HFE_H63D,wt,Krvný obraz_RET: Leukocyty_WBC,20,6.6,4.075,8.9,7.13,4.073
HFE_H63D,het,Krvný obraz_RET: Nezrelé formy RET,6,5.95,2.15,12.15,9.567,11.163
HFE_H63D,wt,Krvný obraz_RET: Nezrelé formy RET,20,12.8,4.1,19.8,15.28,13.023
HFE_H63D,het,Krvný obraz_RET: Stredná konc._HGB,6,32.05,31.325,32.25,31.55,5.792
HFE_H63D,wt,Krvný obraz_RET: Stredná konc._HGB,20,31.55,29.975,33.725,31.77,2.651
HFE_H63D,het,Krvný obraz_RET: Stredný objem_RBC,6,97.85,96.75,104.575,96.467,13.8
HFE_H63D,wt,Krvný obraz_RET: Stredný objem_RBC,20,94.65,89.5,99.825,95.64,7.449
HFE_H63D,het,Krvný obraz_RET: Hematokrit_HCT,6,0.358,0.296,0.375,0.341,0.056
HFE_H63D,wt,Krvný obraz_RET: Hematokrit_HCT,20,0.308,0.284,0.363,0.308,0.068
HFE_H63D,het,Krvný obraz_RET: Erytrocyty_RBC,6,3.74,2.818,4.07,3.643,1.019
HFE_H63D,wt,Krvný obraz_RET: Erytrocyty_RBC,20,3.245,2.898,3.762,3.256,0.805
HFE_H63D,het,Krvný obraz_RET: Retikulocyty_#,6,49.3,43.0,106.9,72.7,46.55
HFE_H63D,wt,Krvný obraz_RET: Retikulocyty_#,20,57.2,30.6,76.0,76.23,70.17
HFE_H63D,het,Krvný obraz_RET: Retikulocyty_%,6,1.35,1.3,2.375,2.1,1.495
HFE_H63D,wt,Krvný obraz_RET: Retikulocyty_%,20,1.95,0.975,2.3,2.63,3.022
HFE_H63D,het,Krvný obraz_RET: Stred. far.konc._HGB,6,322.5,311.0,333.25,325.833,23.37
HFE_H63D,wt,Krvný obraz_RET: Stred. far.konc._HGB,20,333.5,324.75,341.5,332.45,15.582
HFE_H63D,het,Krvný obraz_RET: Šírka dist.kriv._RBC,6,15.3,14.475,15.675,15.883,2.294
HFE_H63D,wt,Krvný obraz_RET: Šírka dist.kriv._RBC,20,15.7,14.675,19.075,16.87,3.217
HFE_H63D,wt,Estradiol _S,7,18.0,12.1,103.85,68.786,91.092
HFE_H63D,wt,PTT-LA: PTT-LA_ratio,8,0.975,0.918,0.988,0.94,0.107
HFE_H63D,wt,PTT-LA: PTT-LA_sekundy,8,25.75,23.2,26.5,25.188,2.788
HFE_H63D,wt,Diaminooxidaza,6,13.625,11.685,41.155,24.975,19.422
HFE_H63D,het,Krvný obraz_RET: Stredný objem_PLT,6,12.25,11.45,12.675,12.067,0.753
HFE_H63D,wt,Krvný obraz_RET: Stredný objem_PLT,16,10.65,10.475,11.175,10.763,0.815
HFE_H63D,wt,ProC Global,8,0.905,0.685,1.242,0.952,0.307
HFE_S65C,het,Kreatinín_S,151,73.8,60.5,85.15,83.242,43.976
HFE_S65C,wt,Kreatinín_S,2953,77.7,63.0,106.0,105.977,95.612
HFE_S65C,het,Urea_S,150,4.2,3.4,5.275,5.151,3.64
HFE_S65C,wt,Urea_S,2936,5.0,3.6,7.4,7.179,7.38
HFE_S65C,het,AST_S,143,0.67,0.45,1.355,2.434,6.037
HFE_S65C,wt,AST_S,3041,0.81,0.48,1.71,2.207,7.625
HFE_S65C,het,ALT_S,142,0.75,0.462,1.602,2.741,5.605
HFE_S65C,wt,ALT_S,3021,0.85,0.48,1.7,2.324,6.208
HFE_S65C,het,CRP_S,128,14.9,4.318,37.85,30.625,43.202
HFE_S65C,wt,CRP_S,2341,15.6,3.92,44.1,35.008,49.509
HFE_S65C,het,GMT_S,133,1.76,0.86,4.11,3.69,5.178
HFE_S65C,wt,GMT_S,2921,2.17,1.02,5.35,5.282,10.233
HFE_S65C,het,ALP_S,131,1.74,1.25,2.725,2.383,1.858
HFE_S65C,wt,ALP_S,2801,1.89,1.33,3.08,2.742,2.816
HFE_S65C,het,GF(S)- MDRD,151,1.45,1.09,1.775,1.506,0.66
HFE_S65C,wt,GF(S)- MDRD,2944,1.36,0.96,1.7,1.347,0.618
HFE_S65C,het,Kálium-S,144,4.1,3.7,4.5,4.09,0.574
HFE_S65C,wt,Kálium-S,2732,4.0,3.6,4.4,3.998,0.637
HFE_S65C,het,Nátrium-S,145,140.0,138.0,142.0,139.572,4.322
HFE_S65C,wt,Nátrium-S,2732,139.0,136.0,141.0,138.34,5.155
HFE_S65C,het,Chloridy-S,138,104.0,102.0,107.0,103.522,5.715
HFE_S65C,wt,Chloridy-S,2556,103.0,99.0,106.0,102.068,5.823
HFE_S65C,het,Glukóza_ S,131,5.41,4.705,6.285,5.702,1.454
HFE_S65C,wt,Glukóza_ S,2517,5.49,4.8,6.72,6.292,3.119
HFE_S65C,het,Albumín_S,100,31.3,26.05,37.55,31.534,7.448
HFE_S65C,wt,Albumín_S,1918,32.7,25.625,39.875,32.432,8.844
HFE_S65C,het,Krvný obr._DIFF_5pop: Hemoglobín_HGB,47,122.0,107.0,131.5,119.298,20.728
HFE_S65C,wt,Krvný obr._DIFF_5pop: Hemoglobín_HGB,1250,122.0,105.0,139.0,121.592,23.237
HFE_S65C,het,Krvný obr._DIFF_5pop: Trombocyty_PLT,47,200.0,155.0,253.0,229.383,136.396
HFE_S65C,wt,Krvný obr._DIFF_5pop: Trombocyty_PLT,1250,218.0,141.0,291.75,230.966,125.132
HFE_S65C,het,Krvný obr._DIFF_5pop: Hematokrit_HCT,47,0.371,0.324,0.404,0.363,0.062
HFE_S65C,wt,Krvný obr._DIFF_5pop: Hematokrit_HCT,1250,0.363,0.315,0.411,0.363,0.068
HFE_S65C,het,Krvný obr._DIFF_5pop: Stredný objem_RBC,47,94.1,90.65,98.2,93.579,8.076
HFE_S65C,wt,Krvný obr._DIFF_5pop: Stredný objem_RBC,1250,92.3,87.5,98.875,93.817,9.329
HFE_S65C,het,Krvný obr._DIFF_5pop: Leukocyty_WBC,47,5.9,4.7,7.45,6.479,3.123
HFE_S65C,wt,Krvný obr._DIFF_5pop: Leukocyty_WBC,1250,7.05,5.4,9.9,8.362,5.01
HFE_S65C,het,Krvný obr._DIFF_5pop: Erytrocyty_RBC,47,3.9,3.435,4.41,3.91,0.759
HFE_S65C,wt,Krvný obr._DIFF_5pop: Erytrocyty_RBC,1250,3.925,3.29,4.56,3.912,0.852
HFE_S65C,het,Krvný obr._DIFF_5pop: Stred.far.konc._HGB,47,328.0,322.0,340.0,328.787,13.325
HFE_S65C,wt,Krvný obr._DIFF_5pop: Stred.far.konc._HGB,1250,336.0,326.0,345.0,335.27,15.845
HFE_S65C,het,Krvný obr._DIFF_5pop: Stredná konc._HGB,47,31.3,30.45,32.05,30.781,3.14
HFE_S65C,wt,Krvný obr._DIFF_5pop: Stredná konc._HGB,1250,30.7,29.3,33.5,31.486,3.733
HFE_S65C,het,Krvný obr._DIFF_5pop: Lymfocyty_%,47,13.5,11.05,19.6,16.157,8.201
HFE_S65C,wt,Krvný obr._DIFF_5pop: Lymfocyty_%,1250,20.5,13.0,28.575,20.96,10.594
HFE_S65C,het,Krvný obr._DIFF_5pop: Lymfocyty_#,47,0.89,0.6,1.31,0.983,0.512
HFE_S65C,wt,Krvný obr._DIFF_5pop: Lymfocyty_#,1250,1.37,0.91,1.888,1.511,0.9
HFE_S65C,het,Krvný obr._DIFF_5pop: Bazofilily_#,47,0.01,0.01,0.02,0.012,0.011
HFE_S65C,wt,Krvný obr._DIFF_5pop: Bazofilily_#,1250,0.02,0.01,0.03,0.028,0.034
HFE_S65C,het,Krvný obr._DIFF_5pop: Bazofily_%,47,0.2,0.1,0.3,0.219,0.209
HFE_S65C,wt,Krvný obr._DIFF_5pop: Bazofily_%,1250,0.3,0.1,0.5,0.376,0.355
HFE_S65C,het,Krvný obr._DIFF_5pop: Eozinofily_%,47,2.9,1.5,3.95,4.243,5.049
HFE_S65C,wt,Krvný obr._DIFF_5pop: Eozinofily_%,1249,1.7,0.7,3.1,2.193,2.102
HFE_S65C,het,Krvný obr._DIFF_5pop: Monocyty_#,47,0.53,0.405,0.65,0.563,0.225
HFE_S65C,wt,Krvný obr._DIFF_5pop: Monocyty_#,1249,0.58,0.42,0.78,0.645,0.361
HFE_S65C,het,Krvný obr._DIFF_5pop: Monocyty_%,47,9.2,7.3,10.6,9.026,2.208
HFE_S65C,wt,Krvný obr._DIFF_5pop: Monocyty_%,1249,7.9,6.0,10.2,8.492,3.875
HFE_S65C,het,Krvný obr._DIFF_5pop: Eozinofily_#,47,0.14,0.075,0.19,0.257,0.316
HFE_S65C,wt,Krvný obr._DIFF_5pop: Eozinofily_#,1249,0.12,0.05,0.21,0.152,0.145
HFE_S65C,het,Krvný obr._DIFF_5pop: Šírka dist.kriv._RBC,47,14.9,13.8,16.4,15.34,2.056
HFE_S65C,wt,Krvný obr._DIFF_5pop: Šírka dist.kriv._RBC,1250,14.55,13.4,16.3,15.153,2.346
HFE_S65C,het,Krvný obr._DIFF_5pop: Neutrofily_%,47,71.6,64.7,78.05,70.355,10.024
HFE_S65C,wt,Krvný obr._DIFF_5pop: Neutrofily_%,1248,67.8,58.9,76.6,67.888,12.854
HFE_S65C,het,Krvný obr._DIFF_5pop: Neutrofily_#,47,4.12,3.145,5.16,4.669,2.885
HFE_S65C,wt,Krvný obr._DIFF_5pop: Neutrofily_#,1248,4.575,3.248,7.008,6.011,4.722
HFE_S65C,het,Krvný obr._DIFF_5pop: Stredný objem_PLT,46,10.8,10.1,11.275,10.704,0.893
HFE_S65C,wt,Krvný obr._DIFF_5pop: Stredný objem_PLT,1218,10.8,10.1,11.6,10.92,1.215
HFE_S65C,het,Bielkoviny_S,85,69.8,64.3,74.8,69.334,7.5
HFE_S65C,wt,Bielkoviny_S,1681,69.7,62.1,75.3,68.622,9.596
HFE_S65C,het,Bili-celkový_S,129,20.0,13.2,49.1,46.926,63.744
HFE_S65C,wt,Bili-celkový_S,2673,24.6,11.4,76.5,73.527,114.701
HFE_S65C,het,Bili-priamy_S,126,8.35,3.9,32.225,30.857,50.022
HFE_S65C,wt,Bili-priamy_S,2646,11.0,3.6,53.5,52.338,94.02
HFE_S65C,het,Krvný obraz: Hemoglobín_HGB,111,123.0,101.0,138.5,119.18,25.561
HFE_S65C,wt,Krvný obraz: Hemoglobín_HGB,1837,115.0,97.0,135.0,116.328,23.937
HFE_S65C,het,Krvný obraz: Stredný objem_RBC,111,90.0,85.55,98.05,92.449,10.573
HFE_S65C,wt,Krvný obraz: Stredný objem_RBC,1837,94.4,89.6,100.7,95.575,9.26
HFE_S65C,het,Krvný obraz: Stredná konc._ HGB,111,30.7,28.7,32.35,30.614,4.424
HFE_S65C,wt,Krvný obraz: Stredná konc._ HGB,1837,31.4,29.8,33.8,31.76,3.546
HFE_S65C,het,Krvný obraz: Leukocyty_WBC,111,5.9,4.7,7.15,6.227,2.26
HFE_S65C,wt,Krvný obraz: Leukocyty_WBC,1837,7.3,5.6,10.0,8.39,4.844
HFE_S65C,het,Krvný obraz: Trombocyty_PLT,111,164.0,112.0,207.5,176.946,98.386
HFE_S65C,wt,Krvný obraz: Trombocyty_PLT,1837,177.0,113.0,253.0,193.591,109.266
HFE_S65C,het,Krvný obraz: Erytrocyty_RBC,111,4.06,3.325,4.515,3.923,0.8
HFE_S65C,wt,Krvný obraz: Erytrocyty_RBC,1837,3.7,3.04,4.35,3.705,0.837
HFE_S65C,het,Krvný obraz: Hematokrit_HCT,111,0.367,0.31,0.406,0.359,0.066
HFE_S65C,wt,Krvný obraz: Hematokrit_HCT,1837,0.35,0.298,0.402,0.35,0.068
HFE_S65C,het,Krvný obraz: Stred. far.konc._HGB,111,333.0,318.5,343.5,330.324,19.87
HFE_S65C,wt,Krvný obraz: Stred. far.konc._HGB,1837,333.0,323.0,342.0,332.09,15.339
HFE_S65C,het,Krvný obraz: Šírka dist.kriv._RBC,111,14.9,13.4,18.3,15.93,3.207
HFE_S65C,wt,Krvný obraz: Šírka dist.kriv._RBC,1828,15.2,13.675,16.9,15.624,2.515
HFE_S65C,het,Krvný obraz: Stredný objem_PLT,106,10.4,9.7,10.9,10.417,0.985
HFE_S65C,wt,Krvný obraz: Stredný objem_PLT,1731,11.0,10.3,11.7,11.07,1.012
HFE_S65C,het,Quickov test: PT_%,97,71.6,59.3,87.7,71.869,26.385
HFE_S65C,wt,Quickov test: PT_%,1965,73.0,53.5,95.7,74.766,27.053
HFE_S65C,het,Quickov test: PT_INR,97,1.17,1.06,1.34,1.372,0.729
HFE_S65C,wt,Quickov test: PT_INR,1965,1.17,1.02,1.4,1.272,0.376
HFE_S65C,het,APTT: APTT_sekundy,95,29.6,27.55,35.9,32.44,7.617
HFE_S65C,wt,APTT: APTT_sekundy,1912,29.5,26.1,33.8,30.556,7.565
HFE_S65C,het,APTT: APTT_ratio,95,1.11,1.0,1.32,1.191,0.271
HFE_S65C,wt,APTT: APTT_ratio,1911,1.08,0.97,1.23,1.121,0.243
HFE_S65C,het,Fibrinogén,94,2.835,2.047,4.0,3.02,1.369
HFE_S65C,wt,Fibrinogén,1878,2.82,2.0,3.818,3.108,1.504
HFE_S65C,het,Kalcium-S,52,2.18,2.088,2.23,2.163,0.141
HFE_S65C,wt,Kalcium-S,1014,2.15,2.01,2.28,2.141,0.206
HFE_S65C,het,Amyláza_S,66,0.76,0.502,0.99,0.799,0.37
HFE_S65C,wt,Amyláza_S,945,0.84,0.58,1.26,1.429,3.181
HFE_S65C,het,CK-celková_S,28,2.015,0.827,6.118,9.746,16.551
HFE_S65C,wt,CK-celková_S,558,1.455,0.795,2.708,5.619,30.24
HFE_S65C,het,Moč chemicky _ úplne: pH,42,6.0,5.25,7.0,6.048,0.795
HFE_S65C,wt,Moč chemicky _ úplne: pH,554,6.0,5.0,6.0,5.733,0.836
HFE_S65C,het,Moč chemicky _ úplne: Bielkoviny,42,0.3,0.0,0.3,0.293,0.323
HFE_S65C,wt,Moč chemicky _ úplne: Bielkoviny,554,0.3,0.0,0.3,0.292,0.595
HFE_S65C,het,Moč chemicky _ úplne: Ketolátky,42,0.0,0.0,0.0,0.107,0.391
HFE_S65C,wt,Moč chemicky _ úplne: Ketolátky,550,0.0,0.0,0.0,0.765,2.764
HFE_S65C,het,LD_S,13,3.23,3.01,5.32,4.694,3.018
HFE_S65C,wt,LD_S,316,3.69,3.03,5.335,5.272,6.713
HFE_S65C,het,Reumat. faktor_S,5,10.0,10.0,10.0,37.8,62.163
HFE_S65C,wt,Reumat. faktor_S,172,10.0,10.0,10.0,14.163,35.413
HFE_S65C,het,IgA_S,19,3.45,2.17,5.23,3.717,1.895
HFE_S65C,wt,IgA_S,436,2.74,1.912,4.44,3.654,2.765
HFE_S65C,het,IgG_S,20,11.75,10.825,13.0,12.866,4.48
HFE_S65C,wt,IgG_S,458,11.495,9.398,14.975,12.927,5.435
HFE_S65C,het,IgM_S,20,1.245,0.753,1.605,1.854,2.322
HFE_S65C,wt,IgM_S,454,1.13,0.752,1.71,1.434,1.331
HFE_S65C,het,ELFO_S: alfa1_globulín,22,2.84,2.26,3.412,2.877,0.785
HFE_S65C,wt,ELFO_S: alfa1_globulín,459,2.48,2.09,3.08,2.626,0.855
HFE_S65C,het,ELFO_S: alfa2_globulín,22,6.66,6.335,7.953,7.053,1.438
HFE_S65C,wt,ELFO_S: alfa2_globulín,459,6.51,5.34,7.845,6.708,1.954
HFE_S65C,het,ELFO_S: Albumín,22,35.015,30.76,41.505,35.06,7.343
HFE_S65C,wt,ELFO_S: Albumín,459,37.68,31.485,42.545,36.662,7.251
HFE_S65C,het,ELFO_S: gama_globulín,22,13.795,11.375,17.312,15.252,6.546
HFE_S65C,wt,ELFO_S: gama_globulín,454,12.435,10.032,17.443,14.576,7.214
HFE_S65C,het,"ELFO_S: beta1,2_globulín",22,8.75,7.958,10.412,8.662,2.294
HFE_S65C,wt,"ELFO_S: beta1,2_globulín",452,8.905,7.485,10.318,9.093,2.743
HFE_S65C,het,Kys. močová_S,16,316.5,204.0,456.75,339.312,154.047
HFE_S65C,wt,Kys. močová_S,327,311.0,249.5,393.0,325.318,122.876
HFE_S65C,het,ASLO_S,5,84.0,65.0,100.0,78.2,26.023
HFE_S65C,wt,ASLO_S,149,64.0,30.0,157.0,136.396,229.848
HFE_S65C,het,Železo_S,28,18.6,9.725,30.675,20.329,14.005
HFE_S65C,wt,Železo_S,638,17.7,11.0,25.1,19.308,11.13
HFE_S65C,het,Močový sediment: Leukocyty,27,28.0,11.0,2026.0,836.407,1004.426
HFE_S65C,wt,Močový sediment: Leukocyty,410,2026.0,25.25,2026.0,1259.412,973.965
HFE_S65C,het,Feritin_S,25,203.42,98.22,615.54,614.402,944.379
HFE_S65C,wt,Feritin_S,629,236.59,79.3,559.06,683.228,2134.502
HFE_S65C,het,Horčík-S,23,0.82,0.745,0.865,0.808,0.087
HFE_S65C,wt,Horčík-S,401,0.83,0.72,0.92,0.823,0.155
HFE_S65C,het,C4_S,6,0.215,0.148,0.252,0.217,0.111
HFE_S65C,wt,C4_S,195,0.22,0.16,0.29,0.232,0.1
HFE_S65C,het,C3_S,6,1.19,0.94,1.56,1.23,0.39
HFE_S65C,wt,C3_S,194,1.08,0.87,1.34,1.132,0.429
HFE_S65C,het,Prokalcitonín_S,18,0.088,0.041,0.166,0.161,0.225
HFE_S65C,wt,Prokalcitonín_S,439,0.309,0.124,0.717,1.451,5.759
HFE_S65C,het,Cholest-celk._S,15,3.23,2.355,4.945,3.68,1.685
HFE_S65C,wt,Cholest-celk._S,459,4.74,3.615,5.73,4.927,2.486
HFE_S65C,het,TSH_S,20,3.156,1.854,5.172,4.448,4.411
HFE_S65C,wt,TSH_S,327,1.924,1.188,3.375,3.05,4.8
HFE_S65C,het,Triacylglyceroly_S,14,1.0,0.827,1.598,1.329,0.761
HFE_S65C,wt,Triacylglyceroly_S,425,1.63,1.12,2.61,2.998,8.635
HFE_S65C,het,Fosfor_S,21,1.02,0.87,1.26,1.035,0.265
HFE_S65C,wt,Fosfor_S,297,1.05,0.89,1.29,1.115,0.417
HFE_S65C,wt,TPMT  Genotyp,53,1.0,1.0,1.0,1.0,0.0
HFE_S65C,het,Močový sediment: Erytrocyty,17,2026.0,16.0,2026.0,1316.294,990.563
HFE_S65C,wt,Močový sediment: Erytrocyty,278,2026.0,18.0,2026.0,1211.95,985.199
HFE_S65C,het,Cholest-HDL_S,11,1.0,0.795,1.54,1.149,0.527
HFE_S65C,wt,Cholest-HDL_S,364,1.18,0.88,1.452,1.186,0.518
HFE_S65C,het,CK-MB_S,26,0.584,0.3,1.438,1.045,1.078
HFE_S65C,wt,CK-MB_S,376,0.37,0.26,0.579,0.502,0.416
HFE_S65C,het,Transferín_S,21,2.4,2.1,2.9,2.357,0.616
HFE_S65C,wt,Transferín_S,488,2.4,1.7,2.825,2.285,0.82
HFE_S65C,het,Amoniak_B,31,58.0,48.0,76.0,61.645,22.828
HFE_S65C,wt,Amoniak_B,748,59.0,44.0,82.0,65.822,31.329
HFE_S65C,het,Cholest-LDL_S,11,1.98,1.535,2.84,2.248,0.983
HFE_S65C,wt,Cholest-LDL_S,371,2.9,2.14,3.79,3.056,1.412
HFE_S65C,het,T4f_S,14,17.25,12.675,20.225,16.729,4.888
HFE_S65C,wt,T4f_S,153,14.7,12.9,17.0,15.394,4.305
HFE_S65C,wt,Vitamin D total,27,18.7,10.95,24.7,18.522,8.182
HFE_S65C,het,Saturácia Trf,17,38.901,16.053,60.269,38.947,25.628
HFE_S65C,wt,Saturácia Trf,413,32.318,20.753,48.897,38.336,24.454
HFE_S65C,wt,Moč chemický A: pH,68,5.5,5.0,6.0,5.846,0.939
HFE_S65C,wt,Močový sediment A: Epitélie,68,0.5,0.0,3.0,5.5,16.696
HFE_S65C,wt,Moč chemický A: UBG,67,16.0,3.2,16.0,16.609,22.701
HFE_S65C,wt,Močový sediment A: Spermie,68,0.0,0.0,0.0,0.0,0.0
HFE_S65C,wt,Moč chemický A: Špec. hmotnosť,67,1.018,1.012,1.022,1.019,0.009
HFE_S65C,wt,Močový sediment A: Hlienové vlákna,68,40.5,6.5,141.0,117.074,174.215
HFE_S65C,het,Vitamín B12,16,816.5,531.0,1146.75,947.25,766.412
HFE_S65C,wt,Vitamín B12,281,662.0,373.0,1102.0,861.651,659.856
HFE_S65C,wt,Močový sediment A: Hyalínové valce,68,0.0,0.0,0.0,0.0,0.0
HFE_S65C,wt,Močový sediment A: Kvasinky,68,0.0,0.0,0.0,0.603,4.489
HFE_S65C,wt,Močový sediment A: Zhluky leukocytov,67,0.0,0.0,1.0,4.866,23.417
HFE_S65C,wt,Močový sediment A: Erytrocyty,67,4.0,4.0,8.0,129.179,408.714
HFE_S65C,wt,Močový sediment A: Baktérie,65,302.0,138.0,946.0,604.292,658.429
HFE_S65C,het,ANA,9,0.34,0.2,0.43,0.328,0.163
HFE_S65C,wt,ANA,268,0.34,0.26,0.462,0.495,0.792
HFE_S65C,wt,Močový sediment A: Leukocyty,65,7.0,3.0,30.0,76.585,196.076
HFE_S65C,wt,Močový sediment A: Kryštály,66,0.0,0.0,0.0,15.788,112.25
HFE_S65C,het,Foláty,14,4.1,3.15,6.95,5.514,4.176
HFE_S65C,wt,Foláty,279,6.4,3.55,10.6,8.022,5.807
HFE_S65C,het,T3f_S,8,2.95,2.275,3.7,2.975,0.808
HFE_S65C,wt,T3f_S,81,3.7,3.0,4.5,3.8,1.239
HFE_S65C,het,Ceruloplazmín,18,0.245,0.212,0.278,0.248,0.05
HFE_S65C,wt,Ceruloplazmín,394,0.25,0.21,0.31,0.266,0.082
HFE_S65C,het,Lipáza_S,16,3.75,2.598,9.72,5.992,4.921
HFE_S65C,wt,Lipáza_S,217,2.27,0.79,7.4,11.809,43.364
HFE_S65C,wt,Imunoblot ANA: AMA-M2,183,0.0,0.0,0.0,0.039,0.134
HFE_S65C,wt,Imunoblot ANA: U1-sn RNP,183,0.0,0.0,0.0,0.083,0.544
HFE_S65C,het,alfa1 AT_S,12,1.47,1.39,1.6,1.574,0.285
HFE_S65C,wt,alfa1 AT_S,249,1.46,1.24,1.75,1.545,0.455
HFE_S65C,wt,Imunoblot ANA: CENP-B,183,0.0,0.0,0.0,0.023,0.154
HFE_S65C,wt,Imunoblot ANA: Scl-70,183,0.0,0.0,0.0,0.03,0.21
HFE_S65C,wt,Imunoblot ANA: Mi-2,183,0.0,0.0,0.0,0.017,0.087
HFE_S65C,wt,Imunoblot ANA: Ku,183,0.0,0.0,0.0,0.025,0.153
HFE_S65C,wt,Imunoblot ANA: dsDNA,183,0.0,0.0,0.275,0.19,0.371
HFE_S65C,wt,Imunoblot ANA: Histones,183,0.0,0.0,0.0,0.071,0.195
HFE_S65C,wt,Imunoblot ANA: Nucleosomes,183,0.0,0.0,0.0,0.043,0.258
HFE_S65C,wt,Imunoblot ANA: PM-Scl,183,0.0,0.0,0.0,0.048,0.227
HFE_S65C,wt,Imunoblot ANA: Jo-1,183,0.0,0.0,0.0,0.042,0.461
HFE_S65C,wt,Imunoblot ANA: SS-A/Ro52kD,183,0.0,0.0,0.0,0.089,0.45
HFE_S65C,wt,Imunoblot ANA: SS-A/Ro60kD,183,0.0,0.0,0.0,0.067,0.481
HFE_S65C,wt,Imunoblot ANA: Rib-PO,183,0.0,0.0,0.0,0.073,0.262
HFE_S65C,wt,Imunoblot ANA: PCNA,183,0.0,0.0,0.0,0.04,0.191
HFE_S65C,wt,Imunoblot ANA: SmD1,182,0.0,0.0,0.0,0.011,0.07
HFE_S65C,wt,Imunoblot ANA: SS-B/La,179,0.0,0.0,0.0,0.105,0.557
HFE_S65C,wt,p-ANCA,114,1.11,0.692,2.225,1.681,1.578
HFE_S65C,wt,c-ANCA,112,1.37,0.665,2.36,2.281,3.129
HFE_S65C,het,Troponín T hs,15,0.117,0.015,0.916,29.846,77.852
HFE_S65C,wt,Troponín T hs,167,9.0,0.085,30.0,59.782,397.768
HFE_S65C,wt,Interleukín -6,111,26.2,7.6,80.1,767.19,4957.203
HFE_S65C,wt,Kalcium ionizované_S,133,1.085,0.96,1.15,1.032,0.23
HFE_S65C,wt,D_dimer INOV,86,1080.0,410.0,4932.5,4265.349,7421.122
HFE_S65C,wt,T Ly_CD3+,53,79.0,72.0,83.0,76.736,9.483
HFE_S65C,wt,Ak.TLyCD3+HLADR+_ap,53,152.0,110.0,203.0,216.453,238.379
HFE_S65C,wt,Lymfocyty,53,26.0,18.0,32.0,24.811,10.618
HFE_S65C,wt,Leukocyty,53,6.1,5.0,8.1,7.14,4.332
HFE_S65C,wt,Aktiv.TLy_CD3+HLADR+,53,11.0,7.0,17.0,12.736,6.72
HFE_S65C,wt,T Ly_CD3+_ a.p.,53,1201.0,875.0,1488.0,1250.075,751.588
HFE_S65C,wt,Pomoc.TLy_CD4+_a.p,52,738.0,572.75,1036.5,790.442,423.444
HFE_S65C,wt,Pomoc.TLy_CD4+,52,50.0,44.75,59.0,49.192,12.867
HFE_S65C,wt,B Ly _CD19+_ a.p.,52,138.5,71.25,178.0,139.019,91.207
HFE_S65C,wt,NKbb._CD16+CD56+_ap,52,155.5,96.0,226.75,193.269,162.16
HFE_S65C,wt,NKbb._ CD16+CD56+,52,11.5,7.0,14.25,12.423,7.591
HFE_S65C,wt,Cyt.TLy_CD8+,52,23.0,18.0,29.25,24.731,8.81
HFE_S65C,wt,B Ly_ CD19+,52,9.0,6.0,12.0,9.442,5.869
HFE_S65C,wt,Imunoreg.index_IRI,52,2.1,1.5,3.025,2.34,1.176
HFE_S65C,wt,Cyt.TLy_CD8+_a.p,52,351.0,215.25,471.25,422.385,427.319
HFE_S65C,wt,Žlčové kyseliny,16,5.15,4.25,12.6,46.15,93.998
HFE_S65C,wt,anti TPO_S,45,35.8,28.0,157.9,260.546,461.885
HFE_S65C,het,Krvný obr._DIFF_RET: Bazofily_#,7,0.01,0.01,0.025,0.023,0.027
HFE_S65C,wt,Krvný obr._DIFF_RET: Bazofily_#,141,0.01,0.01,0.03,0.026,0.041
HFE_S65C,het,Krvný obr._DIFF_RET: Stredná konc._HGB,7,24.6,24.25,26.75,26.029,3.777
HFE_S65C,wt,Krvný obr._DIFF_RET: Stredná konc._HGB,141,30.7,29.1,33.8,31.667,3.983
HFE_S65C,het,Krvný obr._DIFF_RET: Stred. far.konc._HGB,7,310.0,305.0,319.0,310.571,12.246
HFE_S65C,wt,Krvný obr._DIFF_RET: Stred. far.konc._HGB,141,334.0,321.0,345.0,333.901,17.897
HFE_S65C,het,Krvný obr._DIFF_RET: Stredný objem_RBC,7,78.6,77.2,86.9,83.7,10.485
HFE_S65C,wt,Krvný obr._DIFF_RET: Stredný objem_RBC,141,92.9,88.2,99.2,94.791,10.63
HFE_S65C,het,Krvný obr._DIFF_RET: Trombocyty_PLT,7,239.0,199.5,267.5,236.714,87.876
HFE_S65C,wt,Krvný obr._DIFF_RET: Trombocyty_PLT,141,197.0,118.0,270.0,205.447,131.322
HFE_S65C,het,Krvný obr._DIFF_RET: Retikulocyty_#,7,50.3,29.95,58.35,49.143,23.315
HFE_S65C,wt,Krvný obr._DIFF_RET: Retikulocyty_#,141,50.0,35.5,74.0,65.067,52.738
HFE_S65C,het,Krvný obr._DIFF_RET: Erytrocyty_RBC,7,4.12,3.49,4.38,3.893,0.63
HFE_S65C,wt,Krvný obr._DIFF_RET: Erytrocyty_RBC,141,3.85,3.31,4.45,3.854,0.932
HFE_S65C,het,Krvný obr._DIFF_RET: Leukocyty_WBC,7,6.9,5.1,9.9,7.643,3.115
HFE_S65C,wt,Krvný obr._DIFF_RET: Leukocyty_WBC,141,6.4,4.7,8.4,7.579,4.885
HFE_S65C,het,Krvný obr._DIFF_RET: Retikulocyty_%,7,1.3,0.7,1.85,1.371,0.787
HFE_S65C,wt,Krvný obr._DIFF_RET: Retikulocyty_%,141,1.2,0.9,1.9,1.95,2.349
HFE_S65C,het,Krvný obr._DIFF_RET: Hemoglobín_HGB,7,104.0,88.5,112.5,100.143,13.945
HFE_S65C,wt,Krvný obr._DIFF_RET: Hemoglobín_HGB,141,119.0,107.0,133.0,119.745,23.705
HFE_S65C,het,Krvný obr._DIFF_RET: Bazofily_%,7,0.2,0.15,0.35,0.314,0.329
HFE_S65C,wt,Krvný obr._DIFF_RET: Bazofily_%,141,0.2,0.1,0.5,0.39,0.51
HFE_S65C,het,Krvný obr._DIFF_RET: Hematokrit_HCT,7,0.337,0.296,0.35,0.322,0.036
HFE_S65C,wt,Krvný obr._DIFF_RET: Hematokrit_HCT,141,0.355,0.32,0.4,0.359,0.07
HFE_S65C,wt,ABR_artéria: HCO3_B - akt.,162,21.25,18.2,24.775,21.278,5.716
HFE_S65C,wt,ABR_artéria: O2_B sat,162,96.05,88.4,98.275,91.126,11.761
HFE_S65C,wt,ABR_artéria: pH_B,162,7.373,7.311,7.43,7.353,0.129
HFE_S65C,wt,ABR_artéria: HCO3_B -  stand.,162,21.4,18.825,24.3,21.341,4.872
HFE_S65C,wt,ABR_artéria: BB_B,162,43.5,39.0,46.225,42.391,6.609
HFE_S65C,wt,ABR_artéria: BE_B,162,-3.55,-6.875,0.075,-3.845,6.534
HFE_S65C,het,Krvný obr._DIFF_RET: Monocyty_#,7,0.58,0.465,0.76,0.606,0.24
HFE_S65C,wt,Krvný obr._DIFF_RET: Monocyty_#,140,0.525,0.35,0.715,0.577,0.341
HFE_S65C,het,Krvný obr._DIFF_RET: Eozinofily_%,7,10.5,3.95,13.25,11.529,10.54
HFE_S65C,wt,Krvný obr._DIFF_RET: Eozinofily_%,140,1.75,0.775,2.8,1.964,1.639
HFE_S65C,het,Krvný obr._DIFF_RET: Lymfocyty_#,7,1.29,1.085,1.375,1.227,0.205
HFE_S65C,wt,Krvný obr._DIFF_RET: Lymfocyty_#,140,1.27,0.908,1.702,1.369,0.771
HFE_S65C,het,Krvný obr._DIFF_RET: Eozinofily_#,7,0.58,0.385,0.775,1.001,1.343
HFE_S65C,wt,Krvný obr._DIFF_RET: Eozinofily_#,140,0.09,0.05,0.17,0.126,0.124
HFE_S65C,het,Krvný obr._DIFF_RET: Monocyty_%,7,8.3,7.0,9.85,8.129,2.096
HFE_S65C,wt,Krvný obr._DIFF_RET: Monocyty_%,140,7.8,5.7,10.625,8.599,3.995
HFE_S65C,het,Krvný obr._DIFF_RET: Lymfocyty_%,7,20.7,12.15,25.25,18.743,8.086
HFE_S65C,wt,Krvný obr._DIFF_RET: Lymfocyty_%,140,20.1,14.7,27.875,21.182,9.659
HFE_S65C,het,Krvný obr._DIFF_RET: Neutrofily_%,7,55.2,53.65,69.6,61.286,10.361
HFE_S65C,wt,Krvný obr._DIFF_RET: Neutrofily_%,140,68.35,61.0,74.625,67.863,11.756
HFE_S65C,wt,ABR_artéria: PO2_B,162,10.67,8.152,16.798,12.311,5.99
HFE_S65C,wt,ABR_artéria: PCO2_B,162,4.955,4.322,5.94,5.145,1.383
HFE_S65C,het,Krvný obr._DIFF_RET: Nezrelé formy RET,7,8.8,6.95,20.8,14.1,9.984
HFE_S65C,wt,Krvný obr._DIFF_RET: Nezrelé formy RET,140,7.3,4.675,14.3,10.432,8.161
HFE_S65C,het,Krvný obr._DIFF_RET: Neutrofily_#,7,3.79,2.99,6.29,4.784,2.361
HFE_S65C,wt,Krvný obr._DIFF_RET: Neutrofily_#,140,4.09,2.992,5.882,5.346,4.266
HFE_S65C,het,Meď_S,11,19.9,17.0,22.9,20.009,4.665
HFE_S65C,wt,Meď_S,264,17.87,14.5,21.3,18.599,5.504
HFE_S65C,het,Krvný obr._DIFF_RET: Šírka dist.kriv._RBC,7,18.0,17.05,18.75,18.1,1.98
HFE_S65C,wt,Krvný obr._DIFF_RET: Šírka dist.kriv._RBC,140,14.45,13.4,16.125,15.039,2.207
HFE_S65C,wt,Diff.rozpočet_ WBC: Lymfocyty,8,0.18,0.102,0.288,0.204,0.153
HFE_S65C,het,Beta2 mikroglob. _S,5,3.4,2.8,4.5,4.06,1.988
HFE_S65C,wt,Beta2 mikroglob. _S,119,2.9,2.3,4.5,3.75,2.351
HFE_S65C,wt,Diff.rozpočet_ WBC: Neutrofilné segmenty,9,0.54,0.33,0.72,0.53,0.225
HFE_S65C,het,NT-proBNP,12,2445.5,1162.25,6767.0,6161.833,8740.573
HFE_S65C,wt,NT-proBNP,137,1119.0,280.0,7371.0,5423.533,9993.269
HFE_S65C,wt,CCP,53,1.84,0.75,4.8,3.015,3.234
HFE_S65C,wt,Calprotektin,14,168.08,21.325,522.28,353.813,491.883
HFE_S65C,wt,Diff.rozpočet_ WBC: Monocyty,9,0.06,0.02,0.06,0.043,0.024
HFE_S65C,het,Krvný obr._DIFF_RET: Stredný objem_PLT,7,10.6,10.2,11.05,10.643,0.5
HFE_S65C,wt,Krvný obr._DIFF_RET: Stredný objem_PLT,122,11.0,10.25,11.8,11.024,1.105
HFE_S65C,het,CVK_S,11,53.3,43.25,65.2,54.382,14.597
HFE_S65C,wt,CVK_S,187,46.3,32.2,60.7,46.702,18.74
HFE_S65C,het,NVK_S,11,42.4,24.5,58.25,38.945,22.482
HFE_S65C,wt,NVK_S,182,29.25,11.1,41.1,28.319,18.543
HFE_S65C,wt,Trombínový čas,151,18.7,16.2,21.3,19.275,4.071
HFE_S65C,wt,ANA  HEp-2,62,5.59,1.96,7.64,10.882,37.817
HFE_S65C,wt,dsDNA IgG,60,3.13,1.508,6.88,13.96,46.013
HFE_S65C,wt,anti- transglut. IgA,9,1.78,0.95,19.9,23.792,40.872
HFE_S65C,wt,anti TG_S,40,17.0,15.0,150.75,90.125,126.914
HFE_S65C,wt,Diff.rozpočet_ WBC: Eozinofily,5,0.05,0.04,0.06,0.048,0.019
HFE_S65C,het,AFP_S,9,6.47,4.01,17.02,41.846,100.743
HFE_S65C,wt,AFP_S,173,3.41,2.2,5.7,257.771,1879.076
HFE_S65C,wt,CIK_S,6,68.0,68.0,70.25,67.5,14.096
HFE_S65C,het,Etanol v sére,6,0.032,0.03,0.054,0.453,1.019
HFE_S65C,wt,Etanol v sére,185,0.03,0.03,0.053,0.312,0.791
HFE_S65C,wt,Prealbumín_S,18,0.24,0.09,0.295,0.209,0.12
HFE_S65C,het,Cholinesteráza_S,9,120.09,78.05,132.87,120.95,63.554
HFE_S65C,wt,Cholinesteráza_S,162,126.485,86.028,177.3,134.264,68.357
HFE_S65C,wt,Glykémia_5/4,146,8.6,6.025,13.7,10.139,5.489
HFE_S65C,wt,Imunoblot Liver Pro: SLA,146,0.0,0.0,0.0,0.036,0.285
HFE_S65C,wt,Imunoblot Liver Pro: LKM1,146,0.0,0.0,0.0,0.062,0.217
HFE_S65C,wt,Imunoblot Liver Pro: AMA-M2,146,0.0,0.0,0.0,0.058,0.134
HFE_S65C,wt,Diff.rozpočet_ WBC: Neutrofil.nesegmenty,7,0.06,0.035,0.09,0.061,0.038
HFE_S65C,wt,Imunoblot Liver Pro: Sp100,146,0.0,0.0,0.0,0.059,0.487
HFE_S65C,wt,Imunoblot Liver Pro: LC1,146,0.0,0.0,0.0,0.065,0.179
HFE_S65C,wt,Imunoblot Liver Pro: gp210,146,0.0,0.0,0.33,0.271,0.559
HFE_S65C,het,CEA _S,6,1.564,0.992,2.163,1.596,0.663
HFE_S65C,wt,CEA _S,65,2.223,1.321,4.971,19.999,118.353
HFE_S65C,wt,AMAM2,127,1.02,0.3,1.825,1.591,2.095
HFE_S65C,wt,IgE celkové FOOKE,33,22.62,15.11,74.5,110.449,235.411
HFE_S65C,het,Močový sediment: Valce,7,0.0,0.0,2.5,3.286,6.751
HFE_S65C,wt,Močový sediment: Valce,78,1.0,0.0,2.0,1.244,1.653
HFE_S65C,het,CA 19-9_S,6,28.25,21.075,31.15,52.967,72.137
HFE_S65C,wt,CA 19-9_S,63,7.3,2.0,22.45,2506.711,17647.444
HFE_S65C,wt,SLA a LP,118,0.8,0.532,1.302,2.449,11.672
HFE_S65C,wt,LKM1,119,0.36,0.17,0.75,0.63,1.091
HFE_S65C,het,NSE_S,6,14.37,12.735,15.51,14.99,5.703
HFE_S65C,wt,NSE_S,102,14.86,10.94,19.45,16.624,8.03
HFE_S65C,wt,Osmolalita_S,45,290.0,282.0,299.0,291.756,16.16
HFE_S65C,wt,HBDH_S,14,4.4,3.2,7.125,6.921,6.507
HFE_S65C,het,Haptoglobín_S,6,1.055,0.482,1.642,1.185,0.935
HFE_S65C,wt,Haptoglobín_S,133,0.97,0.38,1.66,1.114,0.982
HFE_S65C,wt,Glykémia_5/3,108,8.1,5.875,11.85,9.345,4.9
HFE_S65C,wt,Antitrombín III,87,66.5,51.95,93.65,75.314,34.046
HFE_S65C,wt,Proteinúria kvant._U,44,0.161,0.099,0.421,0.409,0.602
HFE_S65C,het,Factor V,5,133.5,56.1,162.2,116.5,57.952
HFE_S65C,wt,Factor V,115,93.6,66.55,151.5,107.123,51.313
HFE_S65C,wt,Kreatinín_U (zbier.),39,5560.0,3690.0,7645.0,5966.187,3106.718
HFE_S65C,wt,LC1,96,0.755,0.442,1.34,0.977,0.844
HFE_S65C,wt,anti- transglut. IgG,8,3.595,0.84,28.97,23.651,37.924
HFE_S65C,wt,Amoniak_P,115,57.0,41.5,81.0,65.852,41.929
HFE_S65C,wt,Tub. resorbcia,36,98.055,97.112,98.892,96.431,5.497
HFE_S65C,wt,Amyláza_U (jednoráz),85,5.85,2.53,20.08,29.05,104.27
HFE_S65C,wt,Glykémia_5/2,86,10.35,7.55,13.275,10.726,3.994
HFE_S65C,wt,ASCA IgG,12,3.345,2.59,8.872,12.914,28.415
HFE_S65C,wt,ASCA IgA,12,3.25,1.792,12.005,29.07,59.509
HFE_S65C,het,Punktát_WBC,7,0.2,0.135,0.285,0.227,0.139
HFE_S65C,wt,Punktát_WBC,109,0.17,0.09,0.33,0.488,1.136
HFE_S65C,wt,DGP IgA,14,0.85,0.332,3.012,6.726,15.773
HFE_S65C,wt,DGP IgG,14,0.925,0.503,3.955,10.522,22.348
HFE_S65C,wt,HbA1c %,54,7.05,6.125,8.95,7.567,2.086
HFE_S65C,wt,HbA1c,54,54.5,43.65,76.25,60.42,23.834
HFE_S65C,wt,DNP / Nucleo-h /,16,1.13,0.522,1.392,1.638,2.751
HFE_S65C,het,AMA-M2,7,1.23,0.97,1.47,1.29,0.662
HFE_S65C,wt,AMA-M2,94,1.4,0.643,2.638,3.948,16.72
HFE_S65C,wt,IGG4,94,0.568,0.285,1.272,0.943,1.081
HFE_S65C,wt,ABR_kapilára: HCO3_B - akt.,17,22.6,19.7,24.5,21.912,3.823
HFE_S65C,wt,ABR_kapilára: PCO2_B,17,4.44,4.0,4.85,4.432,0.539
HFE_S65C,wt,ABR_kapilára: HCO3_B -  stand.,17,24.3,20.7,24.8,23.0,3.17
HFE_S65C,wt,ABR_kapilára: O2_B sat,17,93.1,91.0,94.9,92.794,2.971
HFE_S65C,wt,ABR_kapilára: PO2_B,17,8.28,7.68,8.97,8.623,1.738
HFE_S65C,wt,ABR_kapilára: pH_B,17,7.441,7.393,7.473,7.433,0.041
HFE_S65C,wt,ABR_kapilára: BE_B,17,0.0,-4.5,0.6,-1.682,3.913
HFE_S65C,wt,ABR_kapilára: BB_B,17,46.9,42.0,48.4,45.353,4.298
HFE_S65C,wt,Glykémia_5/1,74,6.25,4.5,9.5,7.343,3.813
HFE_S65C,wt,Laktát_P_artéria,45,2.1,1.2,2.5,3.727,6.396
HFE_S65C,wt,Laktát_P,66,2.65,2.125,3.2,2.845,1.252
HFE_S65C,wt,Solub.transf.recep_S,20,0.96,0.69,1.68,1.461,1.182
HFE_S65C,het,anti-SLA/LP,6,0.73,0.375,0.898,0.787,0.709
HFE_S65C,wt,anti-SLA/LP,83,0.88,0.595,1.445,1.664,2.971
HFE_S65C,het,anti-LKM-1,6,0.23,0.192,0.32,0.435,0.532
HFE_S65C,wt,anti-LKM-1,82,0.25,0.062,0.658,0.456,0.553
HFE_S65C,wt,CA 72-4_S,31,1.4,1.065,2.795,15.97,56.258
HFE_S65C,wt,anti transglutam.IgA,11,1.13,0.5,2.635,2.22,2.883
HFE_S65C,wt,CYFRA  21-1_S,31,1.99,1.505,4.185,15.812,41.904
HFE_S65C,wt,Glykémia_3/3,65,9.1,5.7,12.9,10.297,5.259
HFE_S65C,wt,Kortizol_S_ a.m.,25,426.0,178.0,654.0,639.16,937.98
HFE_S65C,wt,Glykémia_3/2,66,10.2,7.9,12.9,10.52,4.571
HFE_S65C,wt,PSAc_S,25,0.562,0.402,2.22,1.499,1.622
HFE_S65C,wt,Chol.celk._ascites,71,1.29,1.29,1.29,1.351,0.418
HFE_S65C,wt,Kortizol_S,40,345.5,158.25,476.25,334.7,208.884
HFE_S65C,wt,Signál Meď,70,2.19,1.1,3.388,2.806,2.636
HFE_S65C,het,Bielkovina_ ascites,5,19.4,11.7,23.4,21.16,13.03
HFE_S65C,wt,Bielkovina_ ascites,69,17.8,13.0,23.3,20.342,11.712
HFE_S65C,wt,GF-rozdiel,36,-2.58,-28.298,30.368,12.089,66.122
HFE_S65C,het,LDH_ascites,5,0.9,0.8,1.5,1.12,0.449
HFE_S65C,wt,LDH_ascites,66,1.1,0.8,1.7,1.806,2.119
HFE_S65C,wt,GF-(S+U)-dospelí,36,1.13,0.565,1.845,1.309,0.847
HFE_S65C,wt,GF(S)-Cockroft,36,1.075,0.742,1.675,1.186,0.649
HFE_S65C,wt,Cu_U_diuréza,67,0.55,0.295,0.855,0.746,0.798
HFE_S65C,wt,Glykémia_3/1,58,6.05,4.4,8.6,7.234,3.799
HFE_S65C,wt,Elementy_CSF: Ly_CSF,12,4.5,2.5,9.25,11.0,16.852
HFE_S65C,wt,Triacylglyc._ascites,65,0.42,0.32,0.51,0.462,0.278
HFE_S65C,wt,Chloridy_CSF,12,124.0,121.75,127.25,124.917,3.895
HFE_S65C,wt,CA 125_S,25,22.2,10.7,37.4,389.676,1140.387
HFE_S65C,wt,Glukóza_CSF,12,4.175,3.18,4.388,4.397,1.932
HFE_S65C,wt,CB_CSF,12,0.47,0.422,0.688,0.576,0.292
HFE_S65C,wt,Elementy_CSF: Le_CSF,12,2.5,1.0,5.5,11.0,20.365
HFE_S65C,wt,Chloridy_U (zbieraný,9,44.0,15.0,97.0,69.111,69.931
HFE_S65C,wt,Kálium_U (zbieraný),9,17.8,9.2,24.3,17.3,8.987
HFE_S65C,wt,Nátrium_U (zbieraný),9,55.0,27.0,95.0,77.333,61.984
HFE_S65C,wt,Addisov sediment: Valce,9,0.0,0.0,1.0,0.778,1.641
HFE_S65C,wt,Addisov sediment: Leukocyty,9,2.0,1.0,3.0,10.889,20.466
HFE_S65C,wt,Addisov sediment: Erytrocyty,9,1.0,1.0,4.0,13.667,33.645
HFE_S65C,wt,Laktát_CSF,11,2.1,1.95,2.65,2.555,1.283
HFE_S65C,wt,C-Peptid_S,31,2.55,1.515,3.285,3.099,2.508
HFE_S65C,wt,Kreatinín_UJ (jednor,26,8530.0,6335.0,11766.8,9259.108,5525.508
HFE_S65C,wt,Albumín_U (jednoráz),26,10.515,6.252,28.775,108.88,419.094
HFE_S65C,wt,ACLA IgG/M/A,10,1.785,1.472,3.082,2.917,3.056
HFE_S65C,wt,CA 15-3_S,12,26.7,21.7,38.9,39.95,42.948
HFE_S65C,wt,Glukóza_pleur.punkt.,53,6.49,5.87,7.53,6.875,1.726
HFE_S65C,wt,MIA_UJ (album/kreat),23,9.67,6.48,52.165,138.973,483.664
HFE_S65C,wt,Osmolalita_U (jednor,5,453.0,390.0,477.0,473.8,185.14
HFE_S65C,wt,Pankreat. elastáza,10,500.0,347.167,500.0,386.942,182.665
HFE_S65C,wt,Protrombín IgM,8,2.49,2.062,8.838,6.32,6.73
HFE_S65C,wt,Protrombín IgG,8,5.175,3.682,5.842,6.149,5.493
HFE_S65C,wt,Parathormón_S,15,46.0,24.65,189.0,142.947,204.429
HFE_S65C,wt,Beta2-Glyco-Check,7,2.19,1.37,3.425,2.526,1.523
HFE_S65C,wt,SCCA_S,8,1.25,0.95,1.775,1.338,0.566
HFE_S65C,wt,Prolaktín_S,8,16.35,14.175,27.125,18.425,8.416
HFE_S65C,wt,Lupus antikoagulans1,9,37.2,34.3,51.3,42.489,12.318
HFE_S65C,wt,FSH _S,7,5.0,4.8,93.4,45.229,50.714
HFE_S65C,wt,LH_S,6,7.35,3.175,39.65,20.4,23.971
HFE_S65C,wt,Glukóza_kapil._sólo,17,9.49,7.05,19.3,12.779,7.846
HFE_S65C,wt,Protein C,7,98.0,93.95,112.8,101.257,26.876
HFE_S65C,wt,Krvný obraz_RET: Trombocyty_PLT,26,165.5,92.0,218.5,179.385,110.97
HFE_S65C,wt,Krvný obraz_RET: Hemoglobín_HGB,26,104.0,88.5,123.0,104.346,22.034
HFE_S65C,wt,Krvný obraz_RET: Leukocyty_WBC,26,6.15,4.3,8.6,6.9,3.745
HFE_S65C,wt,Krvný obraz_RET: Nezrelé formy RET,26,9.75,3.35,17.675,13.962,12.643
HFE_S65C,wt,Krvný obraz_RET: Stredná konc._HGB,26,31.8,30.05,33.65,31.719,3.473
HFE_S65C,wt,Krvný obraz_RET: Stredný objem_RBC,26,96.4,89.65,100.475,95.831,8.966
HFE_S65C,wt,Krvný obraz_RET: Hematokrit_HCT,26,0.309,0.281,0.368,0.316,0.065
HFE_S65C,wt,Krvný obraz_RET: Erytrocyty_RBC,26,3.38,2.672,3.928,3.345,0.853
HFE_S65C,wt,Krvný obraz_RET: Retikulocyty_#,26,53.15,34.625,77.8,75.415,64.636
HFE_S65C,wt,Krvný obraz_RET: Retikulocyty_%,26,1.85,1.075,2.3,2.508,2.727
HFE_S65C,wt,Krvný obraz_RET: Stred. far.konc._HGB,26,331.0,318.75,341.0,330.923,17.373
HFE_S65C,wt,Krvný obraz_RET: Šírka dist.kriv._RBC,26,15.65,14.425,18.425,16.642,3.017
HFE_S65C,wt,Estradiol _S,7,18.0,12.1,103.85,68.786,91.092
HFE_S65C,wt,PTT-LA: PTT-LA_ratio,8,0.975,0.918,0.988,0.976,0.179
HFE_S65C,wt,PTT-LA: PTT-LA_sekundy,8,25.75,23.2,26.775,26.162,4.653
HFE_S65C,wt,Diaminooxidaza,8,13.625,11.335,42.89,25.165,18.222
HFE_S65C,wt,Krvný obraz_RET: Stredný objem_PLT,22,11.05,10.525,11.75,11.118,0.981
HFE_S65C,wt,ProC Global,8,0.78,0.685,1.135,0.891,0.265
HFE_C282Y,het,Kreatinín_S,217,83.0,68.0,115.0,123.591,114.092
HFE_C282Y,hom,Kreatinín_S,50,74.25,66.6,86.575,78.002,15.517
HFE_C282Y,wt,Kreatinín_S,2837,76.9,62.4,104.0,103.913,92.779
HFE_C282Y,het,Urea_S,216,4.9,3.8,7.925,7.977,8.505
HFE_C282Y,hom,Urea_S,51,4.3,3.1,5.35,4.269,1.683
HFE_C282Y,wt,Urea_S,2819,5.0,3.5,7.3,7.062,7.202
HFE_C282Y,het,AST_S,213,0.73,0.43,1.6,1.792,3.124
HFE_C282Y,hom,AST_S,44,0.385,0.298,0.72,0.819,1.322
HFE_C282Y,wt,AST_S,2927,0.82,0.48,1.73,2.269,7.836
HFE_C282Y,het,ALT_S,209,0.79,0.48,1.58,2.148,3.538
HFE_C282Y,hom,ALT_S,44,0.36,0.285,0.502,0.495,0.377
HFE_C282Y,wt,ALT_S,2910,0.86,0.5,1.728,2.385,6.371
HFE_C282Y,het,CRP_S,161,8.58,2.9,34.5,27.962,38.836
HFE_C282Y,hom,CRP_S,48,66.3,5.655,138.0,85.795,91.531
HFE_C282Y,wt,CRP_S,2260,15.7,4.14,43.3,34.183,48.009
HFE_C282Y,het,GMT_S,207,1.8,0.765,3.875,3.5,4.484
HFE_C282Y,hom,GMT_S,40,0.895,0.585,1.332,1.57,2.235
HFE_C282Y,wt,GMT_S,2807,2.22,1.04,5.44,5.391,10.41
HFE_C282Y,het,ALP_S,201,1.88,1.27,3.03,2.335,1.385
HFE_C282Y,hom,ALP_S,39,1.34,1.12,1.65,1.625,1.01
HFE_C282Y,wt,ALP_S,2692,1.9,1.33,3.09,2.771,2.869
HFE_C282Y,het,GF(S)- MDRD,215,1.31,0.795,1.5,1.166,0.507
HFE_C282Y,hom,GF(S)- MDRD,49,1.47,1.3,1.67,1.486,0.31
HFE_C282Y,wt,GF(S)- MDRD,2831,1.37,0.96,1.72,1.366,0.63
HFE_C282Y,het,Kálium-S,181,4.1,3.7,4.35,3.99,0.621
HFE_C282Y,hom,Kálium-S,47,4.1,3.65,4.205,3.979,0.427
HFE_C282Y,wt,Kálium-S,2648,4.0,3.6,4.4,4.004,0.638
HFE_C282Y,het,Nátrium-S,181,139.0,136.0,141.0,137.84,5.117
HFE_C282Y,hom,Nátrium-S,47,141.6,139.0,143.0,141.417,2.771
HFE_C282Y,wt,Nátrium-S,2649,139.0,136.0,141.0,138.387,5.138
HFE_C282Y,het,Chloridy-S,162,103.0,99.7,105.75,101.336,6.469
HFE_C282Y,hom,Chloridy-S,45,104.0,102.0,106.9,104.042,2.936
HFE_C282Y,wt,Chloridy-S,2487,103.0,99.0,106.0,102.16,5.813
HFE_C282Y,het,Glukóza_ S,197,5.6,4.81,6.56,6.214,2.188
HFE_C282Y,hom,Glukóza_ S,49,4.89,4.36,5.67,5.176,1.22
HFE_C282Y,wt,Glukóza_ S,2402,5.49,4.8,6.72,6.289,3.143
HFE_C282Y,het,Albumín_S,132,36.05,29.95,42.025,35.371,7.61
HFE_C282Y,hom,Albumín_S,25,41.8,34.0,44.0,39.088,6.461
HFE_C282Y,wt,Albumín_S,1861,32.3,25.1,39.3,32.085,8.812
HFE_C282Y,het,Krvný obr._DIFF_5pop: Hemoglobín_HGB,105,134.0,119.0,147.0,130.695,23.535
HFE_C282Y,hom,Krvný obr._DIFF_5pop: Hemoglobín_HGB,14,132.5,117.0,138.0,130.071,16.193
HFE_C282Y,wt,Krvný obr._DIFF_5pop: Hemoglobín_HGB,1178,121.0,104.25,138.0,120.588,22.997
HFE_C282Y,het,Krvný obr._DIFF_5pop: Trombocyty_PLT,105,189.0,113.0,256.0,200.305,118.202
HFE_C282Y,hom,Krvný obr._DIFF_5pop: Trombocyty_PLT,14,261.0,210.0,370.0,322.714,152.281
HFE_C282Y,wt,Krvný obr._DIFF_5pop: Trombocyty_PLT,1178,219.0,145.0,292.0,232.545,125.164
HFE_C282Y,het,Krvný obr._DIFF_5pop: Hematokrit_HCT,105,0.394,0.355,0.441,0.387,0.069
HFE_C282Y,hom,Krvný obr._DIFF_5pop: Hematokrit_HCT,14,0.401,0.38,0.412,0.4,0.035
HFE_C282Y,wt,Krvný obr._DIFF_5pop: Hematokrit_HCT,1178,0.359,0.311,0.407,0.36,0.068
HFE_C282Y,het,Krvný obr._DIFF_5pop: Stredný objem_RBC,105,93.5,90.0,97.6,93.549,7.675
HFE_C282Y,hom,Krvný obr._DIFF_5pop: Stredný objem_RBC,14,92.8,92.25,100.75,95.371,5.805
HFE_C282Y,wt,Krvný obr._DIFF_5pop: Stredný objem_RBC,1178,92.4,87.2,98.9,93.813,9.449
HFE_C282Y,het,Krvný obr._DIFF_5pop: Leukocyty_WBC,105,7.2,6.0,9.1,7.84,3.36
HFE_C282Y,hom,Krvný obr._DIFF_5pop: Leukocyty_WBC,14,7.1,6.025,7.95,7.114,1.198
HFE_C282Y,wt,Krvný obr._DIFF_5pop: Leukocyty_WBC,1178,6.9,5.3,9.9,8.348,5.109
HFE_C282Y,het,Krvný obr._DIFF_5pop: Erytrocyty_RBC,105,4.23,3.69,4.77,4.175,0.825
HFE_C282Y,hom,Krvný obr._DIFF_5pop: Erytrocyty_RBC,14,4.28,4.065,4.425,4.197,0.354
HFE_C282Y,wt,Krvný obr._DIFF_5pop: Erytrocyty_RBC,1178,3.9,3.26,4.53,3.885,0.851
HFE_C282Y,het,Krvný obr._DIFF_5pop: Stred.far.konc._HGB,105,337.0,329.0,345.0,338.086,15.858
HFE_C282Y,hom,Krvný obr._DIFF_5pop: Stred.far.konc._HGB,14,326.5,322.25,335.5,324.786,15.368
HFE_C282Y,wt,Krvný obr._DIFF_5pop: Stred.far.konc._HGB,1178,335.0,326.0,345.0,334.885,15.749
HFE_C282Y,het,Krvný obr._DIFF_5pop: Stredná konc._HGB,105,31.8,30.1,33.5,31.662,3.266
HFE_C282Y,hom,Krvný obr._DIFF_5pop: Stredná konc._HGB,14,30.35,29.4,31.275,30.95,2.377
HFE_C282Y,wt,Krvný obr._DIFF_5pop: Stredná konc._HGB,1178,30.7,29.2,33.4,31.448,3.765
HFE_C282Y,het,Krvný obr._DIFF_5pop: Lymfocyty_%,105,20.7,14.2,28.9,21.129,8.367
HFE_C282Y,hom,Krvný obr._DIFF_5pop: Lymfocyty_%,14,20.25,17.275,26.225,22.229,7.852
HFE_C282Y,wt,Krvný obr._DIFF_5pop: Lymfocyty_%,1178,20.2,12.625,28.275,20.738,10.757
HFE_C282Y,het,Krvný obr._DIFF_5pop: Lymfocyty_#,105,1.41,0.99,1.84,1.563,0.763
HFE_C282Y,hom,Krvný obr._DIFF_5pop: Lymfocyty_#,14,1.59,1.292,1.688,1.514,0.36
HFE_C282Y,wt,Krvný obr._DIFF_5pop: Lymfocyty_#,1178,1.345,0.87,1.87,1.485,0.91
HFE_C282Y,het,Krvný obr._DIFF_5pop: Bazofilily_#,105,0.02,0.01,0.03,0.022,0.02
HFE_C282Y,hom,Krvný obr._DIFF_5pop: Bazofilily_#,14,0.01,0.002,0.01,0.016,0.019
HFE_C282Y,wt,Krvný obr._DIFF_5pop: Bazofilily_#,1178,0.02,0.01,0.03,0.028,0.034
HFE_C282Y,het,Krvný obr._DIFF_5pop: Bazofily_%,105,0.2,0.2,0.4,0.307,0.269
HFE_C282Y,hom,Krvný obr._DIFF_5pop: Bazofily_%,14,0.15,0.025,0.2,0.243,0.298
HFE_C282Y,wt,Krvný obr._DIFF_5pop: Bazofily_%,1178,0.3,0.1,0.5,0.378,0.358
HFE_C282Y,het,Krvný obr._DIFF_5pop: Eozinofily_%,105,1.6,0.8,2.9,2.048,1.853
HFE_C282Y,hom,Krvný obr._DIFF_5pop: Eozinofily_%,14,3.3,2.175,4.1,3.264,1.804
HFE_C282Y,wt,Krvný obr._DIFF_5pop: Eozinofily_%,1177,1.7,0.7,3.2,2.275,2.344
HFE_C282Y,het,Krvný obr._DIFF_5pop: Monocyty_#,105,0.56,0.42,0.75,0.614,0.312
HFE_C282Y,hom,Krvný obr._DIFF_5pop: Monocyty_#,14,0.52,0.47,0.65,0.556,0.104
HFE_C282Y,wt,Krvný obr._DIFF_5pop: Monocyty_#,1177,0.57,0.41,0.79,0.646,0.363
HFE_C282Y,het,Krvný obr._DIFF_5pop: Monocyty_%,105,7.6,5.7,9.9,8.183,3.434
HFE_C282Y,hom,Krvný obr._DIFF_5pop: Monocyty_%,14,8.0,7.4,8.65,7.871,0.996
HFE_C282Y,wt,Krvný obr._DIFF_5pop: Monocyty_%,1177,8.0,6.0,10.3,8.549,3.881
HFE_C282Y,het,Krvný obr._DIFF_5pop: Eozinofily_#,105,0.12,0.05,0.19,0.145,0.129
HFE_C282Y,hom,Krvný obr._DIFF_5pop: Eozinofily_#,14,0.24,0.15,0.278,0.226,0.115
HFE_C282Y,wt,Krvný obr._DIFF_5pop: Eozinofily_#,1177,0.12,0.05,0.21,0.156,0.158
HFE_C282Y,het,Krvný obr._DIFF_5pop: Šírka dist.kriv._RBC,105,14.0,12.9,15.6,14.624,2.391
HFE_C282Y,hom,Krvný obr._DIFF_5pop: Šírka dist.kriv._RBC,14,13.15,12.925,13.375,13.507,1.206
HFE_C282Y,wt,Krvný obr._DIFF_5pop: Šírka dist.kriv._RBC,1178,14.6,13.5,16.5,15.227,2.329
HFE_C282Y,het,Krvný obr._DIFF_5pop: Neutrofily_%,105,67.1,60.6,74.7,68.334,9.793
HFE_C282Y,hom,Krvný obr._DIFF_5pop: Neutrofily_%,14,68.95,61.8,73.0,66.393,9.565
HFE_C282Y,wt,Krvný obr._DIFF_5pop: Neutrofily_%,1176,68.0,58.7,77.0,67.964,13.037
HFE_C282Y,het,Krvný obr._DIFF_5pop: Neutrofily_#,105,5.02,3.77,6.06,5.49,3.073
HFE_C282Y,hom,Krvný obr._DIFF_5pop: Neutrofily_#,14,4.775,3.87,5.765,4.791,1.341
HFE_C282Y,wt,Krvný obr._DIFF_5pop: Neutrofily_#,1176,4.48,3.19,7.152,6.019,4.812
HFE_C282Y,het,Krvný obr._DIFF_5pop: Stredný objem_PLT,104,10.55,10.1,11.55,10.945,1.434
HFE_C282Y,hom,Krvný obr._DIFF_5pop: Stredný objem_PLT,14,10.55,10.225,10.6,10.607,0.744
HFE_C282Y,wt,Krvný obr._DIFF_5pop: Stredný objem_PLT,1146,10.9,10.1,11.6,10.913,1.188
HFE_C282Y,het,Bielkoviny_S,124,70.1,65.8,75.55,70.094,7.427
HFE_C282Y,hom,Bielkoviny_S,21,73.2,68.1,74.4,71.114,5.931
HFE_C282Y,wt,Bielkoviny_S,1621,69.6,62.0,75.3,68.514,9.672
HFE_C282Y,het,Bili-celkový_S,183,25.0,10.2,66.75,64.247,124.23
HFE_C282Y,hom,Bili-celkový_S,39,9.0,7.25,13.85,12.162,7.592
HFE_C282Y,wt,Bili-celkový_S,2580,24.75,11.7,77.125,73.783,112.759
HFE_C282Y,het,Bili-priamy_S,181,7.6,2.9,40.2,46.354,115.788
HFE_C282Y,hom,Bili-priamy_S,39,2.6,2.2,4.15,5.088,5.15
HFE_C282Y,wt,Bili-priamy_S,2552,11.45,3.8,54.4,52.424,91.257
HFE_C282Y,het,Krvný obraz: Hemoglobín_HGB,122,127.5,108.5,142.0,124.902,21.123
HFE_C282Y,hom,Krvný obraz: Hemoglobín_HGB,39,137.0,125.5,146.5,138.026,18.155
HFE_C282Y,wt,Krvný obraz: Hemoglobín_HGB,1787,115.0,97.0,134.0,115.446,24.009
HFE_C282Y,het,Krvný obraz: Stredný objem_RBC,122,93.65,90.1,98.25,95.248,7.79
HFE_C282Y,hom,Krvný obraz: Stredný objem_RBC,39,94.0,91.9,96.2,94.823,4.906
HFE_C282Y,wt,Krvný obraz: Stredný objem_RBC,1787,94.4,89.05,100.7,95.42,9.538
HFE_C282Y,het,Krvný obraz: Stredná konc._ HGB,122,31.2,30.0,33.35,31.985,2.92
HFE_C282Y,hom,Krvný obraz: Stredná konc._ HGB,39,31.3,30.25,32.25,31.426,1.943
HFE_C282Y,wt,Krvný obraz: Stredná konc._ HGB,1787,31.4,29.7,33.8,31.681,3.68
HFE_C282Y,het,Krvný obraz: Leukocyty_WBC,122,6.65,5.1,9.05,7.078,3.421
HFE_C282Y,hom,Krvný obraz: Leukocyty_WBC,39,8.9,6.45,17.45,11.736,6.401
HFE_C282Y,wt,Krvný obraz: Leukocyty_WBC,1787,7.2,5.5,9.8,8.272,4.763
HFE_C282Y,het,Krvný obraz: Trombocyty_PLT,122,194.5,110.5,245.0,189.73,98.231
HFE_C282Y,hom,Krvný obraz: Trombocyty_PLT,39,248.0,214.5,345.0,303.513,139.05
HFE_C282Y,wt,Krvný obraz: Trombocyty_PLT,1787,171.0,111.5,249.0,190.421,107.455
HFE_C282Y,het,Krvný obraz: Erytrocyty_RBC,122,4.0,3.33,4.54,3.94,0.764
HFE_C282Y,hom,Krvný obraz: Erytrocyty_RBC,39,4.34,3.965,4.625,4.394,0.521
HFE_C282Y,wt,Krvný obraz: Erytrocyty_RBC,1787,3.67,3.035,4.325,3.687,0.839
HFE_C282Y,het,Krvný obraz: Hematokrit_HCT,122,0.374,0.327,0.414,0.372,0.06
HFE_C282Y,hom,Krvný obraz: Hematokrit_HCT,39,0.406,0.387,0.422,0.415,0.043
HFE_C282Y,wt,Krvný obraz: Hematokrit_HCT,1787,0.347,0.295,0.4,0.348,0.068
HFE_C282Y,het,Krvný obraz: Stred. far.konc._HGB,122,336.0,327.25,345.0,335.836,13.691
HFE_C282Y,hom,Krvný obraz: Stred. far.konc._HGB,39,335.0,325.5,339.5,331.59,14.48
HFE_C282Y,wt,Krvný obraz: Stred. far.konc._HGB,1787,333.0,322.0,342.0,331.735,15.752
HFE_C282Y,het,Krvný obraz: Šírka dist.kriv._RBC,122,14.7,13.225,15.7,14.811,1.981
HFE_C282Y,hom,Krvný obraz: Šírka dist.kriv._RBC,39,13.2,12.9,13.55,13.405,0.891
HFE_C282Y,wt,Krvný obraz: Šírka dist.kriv._RBC,1778,15.3,13.7,17.1,15.748,2.587
HFE_C282Y,het,Krvný obraz: Stredný objem_PLT,116,10.9,10.3,11.625,11.12,1.076
HFE_C282Y,hom,Krvný obraz: Stredný objem_PLT,39,10.4,9.9,10.65,10.377,0.531
HFE_C282Y,wt,Krvný obraz: Stredný objem_PLT,1682,11.0,10.3,11.7,11.042,1.022
HFE_C282Y,het,Quickov test: PT_%,138,76.3,61.5,102.3,80.672,25.156
HFE_C282Y,hom,Quickov test: PT_%,23,72.3,65.85,92.7,79.791,20.724
HFE_C282Y,wt,Quickov test: PT_%,1901,72.7,52.5,94.7,74.129,27.171
HFE_C282Y,het,Quickov test: PT_INR,138,1.13,0.99,1.288,1.182,0.258
HFE_C282Y,hom,Quickov test: PT_INR,23,1.18,1.075,1.23,1.147,0.13
HFE_C282Y,wt,Quickov test: PT_INR,1901,1.18,1.03,1.42,1.285,0.409
HFE_C282Y,het,APTT: APTT_sekundy,132,28.4,25.7,32.175,30.245,13.874
HFE_C282Y,hom,APTT: APTT_sekundy,22,28.8,26.2,31.0,28.764,4.677
HFE_C282Y,wt,APTT: APTT_sekundy,1853,29.6,26.2,34.0,30.696,6.946
HFE_C282Y,het,APTT: APTT_ratio,131,1.06,0.97,1.185,1.079,0.165
HFE_C282Y,hom,APTT: APTT_ratio,22,0.995,0.94,1.068,1.014,0.135
HFE_C282Y,wt,APTT: APTT_ratio,1853,1.08,0.97,1.24,1.129,0.25
HFE_C282Y,het,Fibrinogén,133,2.78,2.26,3.31,2.867,0.991
HFE_C282Y,hom,Fibrinogén,22,3.815,2.842,4.472,3.743,0.94
HFE_C282Y,wt,Fibrinogén,1817,2.81,1.99,3.9,3.113,1.531
HFE_C282Y,het,Kalcium-S,62,2.22,2.06,2.338,2.205,0.172
HFE_C282Y,hom,Kalcium-S,15,2.17,2.065,2.32,2.215,0.182
HFE_C282Y,wt,Kalcium-S,989,2.15,2.01,2.27,2.137,0.204
HFE_C282Y,het,Amyláza_S,55,1.07,0.775,1.535,1.346,1.04
HFE_C282Y,hom,Amyláza_S,36,2.295,1.058,4.78,3.828,5.078
HFE_C282Y,wt,Amyláza_S,920,0.81,0.55,1.18,1.295,3.024
HFE_C282Y,het,CK-celková_S,36,1.055,0.775,1.595,1.487,1.135
HFE_C282Y,hom,CK-celková_S,6,1.205,1.005,1.412,1.275,0.478
HFE_C282Y,wt,CK-celková_S,544,1.53,0.82,2.878,6.153,30.836
HFE_C282Y,het,Moč chemicky _ úplne: pH,28,5.0,5.0,6.0,5.679,0.905
HFE_C282Y,hom,Moč chemicky _ úplne: pH,6,5.5,5.0,6.0,5.5,0.548
HFE_C282Y,wt,Moč chemicky _ úplne: pH,562,6.0,5.0,6.0,5.762,0.836
HFE_C282Y,het,Moč chemicky _ úplne: Bielkoviny,28,0.3,0.0,0.3,0.407,0.923
HFE_C282Y,hom,Moč chemicky _ úplne: Bielkoviny,6,0.3,0.3,0.3,0.367,0.333
HFE_C282Y,wt,Moč chemicky _ úplne: Bielkoviny,562,0.3,0.0,0.3,0.286,0.56
HFE_C282Y,het,Moč chemicky _ úplne: Ketolátky,28,0.0,0.0,0.0,0.214,0.535
HFE_C282Y,hom,Moč chemicky _ úplne: Ketolátky,6,0.0,0.0,0.0,0.083,0.204
HFE_C282Y,wt,Moč chemicky _ úplne: Ketolátky,558,0.0,0.0,0.0,0.751,2.745
HFE_C282Y,het,LD_S,20,3.505,2.86,4.552,4.104,2.066
HFE_C282Y,wt,LD_S,307,3.7,3.035,5.455,5.341,6.809
HFE_C282Y,het,Reumat. faktor_S,7,10.0,7.0,10.0,11.071,8.853
HFE_C282Y,wt,Reumat. faktor_S,168,10.0,10.0,10.0,15.075,37.266
HFE_C282Y,het,IgA_S,25,2.21,1.5,5.16,3.296,2.732
HFE_C282Y,wt,IgA_S,428,2.81,1.998,4.582,3.691,2.735
HFE_C282Y,het,IgG_S,28,10.2,8.748,12.45,11.422,4.195
HFE_C282Y,wt,IgG_S,448,11.7,9.525,15.025,13.038,5.453
HFE_C282Y,het,IgM_S,28,1.215,0.822,1.602,1.269,0.578
HFE_C282Y,wt,IgM_S,444,1.13,0.75,1.71,1.466,1.423
HFE_C282Y,het,ELFO_S: alfa1_globulín,29,2.48,2.16,3.1,2.636,0.914
HFE_C282Y,wt,ELFO_S: alfa1_globulín,450,2.49,2.09,3.095,2.639,0.851
HFE_C282Y,het,ELFO_S: alfa2_globulín,29,7.01,5.26,7.73,6.819,1.974
HFE_C282Y,wt,ELFO_S: alfa2_globulín,450,6.51,5.4,7.848,6.717,1.935
HFE_C282Y,het,ELFO_S: Albumín,29,39.25,33.63,43.6,38.527,6.288
HFE_C282Y,wt,ELFO_S: Albumín,450,37.5,31.058,42.332,36.432,7.301
HFE_C282Y,het,ELFO_S: gama_globulín,29,11.38,9.28,14.74,12.846,6.008
HFE_C282Y,wt,ELFO_S: gama_globulín,445,12.67,10.12,17.53,14.749,7.245
HFE_C282Y,het,"ELFO_S: beta1,2_globulín",29,8.47,7.55,9.51,8.606,1.965
HFE_C282Y,wt,"ELFO_S: beta1,2_globulín",443,8.91,7.52,10.395,9.118,2.762
HFE_C282Y,het,Kys. močová_S,28,275.5,248.25,354.0,305.036,96.023
HFE_C282Y,hom,Kys. močová_S,5,188.0,156.0,265.0,219.6,91.729
HFE_C282Y,wt,Kys. močová_S,310,314.5,249.0,403.75,329.577,126.255
HFE_C282Y,het,ASLO_S,6,63.0,41.75,64.75,130.5,197.412
HFE_C282Y,wt,ASLO_S,147,70.0,30.5,155.5,135.483,228.583
HFE_C282Y,het,Železo_S,55,21.2,16.5,27.75,22.715,10.9
HFE_C282Y,hom,Železo_S,8,38.9,34.85,39.55,36.15,13.189
HFE_C282Y,wt,Železo_S,603,17.3,10.4,24.65,18.822,11.054
HFE_C282Y,het,Močový sediment: Leukocyty,23,2026.0,22.5,2026.0,1072.304,1018.813
HFE_C282Y,wt,Močový sediment: Leukocyty,410,2026.0,20.0,2026.0,1239.298,979.179
HFE_C282Y,het,Feritin_S,53,215.1,60.16,413.42,527.771,1408.325
HFE_C282Y,hom,Feritin_S,8,1232.84,992.945,1504.21,1650.354,1307.645
HFE_C282Y,wt,Feritin_S,593,233.97,79.45,549.98,681.173,2158.766
HFE_C282Y,het,Horčík-S,21,0.85,0.68,0.94,0.839,0.253
HFE_C282Y,wt,Horčík-S,400,0.83,0.72,0.913,0.822,0.145
HFE_C282Y,het,C4_S,14,0.205,0.165,0.235,0.211,0.058
HFE_C282Y,wt,C4_S,186,0.22,0.16,0.29,0.233,0.103
HFE_C282Y,het,C3_S,14,1.08,0.828,1.238,1.059,0.266
HFE_C282Y,wt,C3_S,185,1.09,0.87,1.35,1.142,0.438
HFE_C282Y,het,Prokalcitonín_S,27,0.174,0.048,0.708,0.903,1.742
HFE_C282Y,hom,Prokalcitonín_S,5,0.02,0.02,0.02,0.024,0.009
HFE_C282Y,wt,Prokalcitonín_S,425,0.299,0.128,0.701,1.448,5.84
HFE_C282Y,het,Cholest-celk._S,44,4.92,4.43,5.48,4.795,1.159
HFE_C282Y,wt,Cholest-celk._S,429,4.71,3.49,5.76,4.901,2.572
HFE_C282Y,het,TSH_S,20,1.57,1.06,2.661,2.861,4.07
HFE_C282Y,wt,TSH_S,323,1.99,1.227,3.51,3.142,4.832
HFE_C282Y,het,Triacylglyceroly_S,39,1.74,1.21,2.16,1.983,1.333
HFE_C282Y,wt,Triacylglyceroly_S,399,1.61,1.11,2.645,3.044,8.904
HFE_C282Y,het,Fosfor_S,14,1.005,0.923,1.168,1.134,0.361
HFE_C282Y,wt,Fosfor_S,302,1.05,0.88,1.29,1.109,0.412
HFE_C282Y,wt,TPMT  Genotyp,49,1.0,1.0,1.0,1.0,0.0
HFE_C282Y,het,Močový sediment: Erytrocyty,13,2026.0,100.0,2026.0,1413.385,956.737
HFE_C282Y,wt,Močový sediment: Erytrocyty,280,2026.0,17.5,2026.0,1203.118,987.169
HFE_C282Y,het,Cholest-HDL_S,36,1.27,1.01,1.518,1.254,0.375
HFE_C282Y,wt,Cholest-HDL_S,338,1.16,0.862,1.458,1.18,0.531
HFE_C282Y,het,CK-MB_S,21,0.337,0.233,0.46,0.544,0.72
HFE_C282Y,wt,CK-MB_S,378,0.38,0.265,0.589,0.538,0.491
HFE_C282Y,het,Transferín_S,35,2.6,2.2,2.85,2.469,0.723
HFE_C282Y,wt,Transferín_S,471,2.4,1.7,2.9,2.276,0.82
HFE_C282Y,het,Amoniak_B,34,56.5,40.0,83.0,61.059,30.129
HFE_C282Y,wt,Amoniak_B,745,59.0,44.0,81.0,65.866,31.079
HFE_C282Y,het,Cholest-LDL_S,34,3.0,2.71,3.69,3.176,0.754
HFE_C282Y,wt,Cholest-LDL_S,347,2.83,2.07,3.78,3.019,1.458
HFE_C282Y,het,T4f_S,9,15.1,12.3,16.4,14.533,2.891
HFE_C282Y,wt,T4f_S,157,14.7,12.9,17.5,15.58,4.433
HFE_C282Y,wt,Vitamin D total,25,18.7,11.1,25.8,18.736,8.291
HFE_C282Y,het,Saturácia Trf,31,30.996,19.56,41.409,35.788,23.47
HFE_C282Y,wt,Saturácia Trf,397,32.409,20.232,49.466,38.496,24.515
HFE_C282Y,het,Moč chemický A: pH,7,5.5,5.0,6.25,5.857,1.107
HFE_C282Y,wt,Moč chemický A: pH,61,5.5,5.0,6.0,5.844,0.929
HFE_C282Y,het,Močový sediment A: Epitélie,7,0.0,0.0,1.0,0.714,1.113
HFE_C282Y,wt,Močový sediment A: Epitélie,61,1.0,0.0,4.0,6.049,17.555
HFE_C282Y,het,Moč chemický A: UBG,7,16.0,3.2,16.0,17.657,22.257
HFE_C282Y,wt,Moč chemický A: UBG,60,16.0,3.2,16.0,16.487,22.934
HFE_C282Y,het,Močový sediment A: Spermie,7,0.0,0.0,0.0,0.0,0.0
HFE_C282Y,wt,Močový sediment A: Spermie,61,0.0,0.0,0.0,0.0,0.0
HFE_C282Y,het,Moč chemický A: Špec. hmotnosť,7,1.016,1.014,1.02,1.017,0.005
HFE_C282Y,wt,Moč chemický A: Špec. hmotnosť,60,1.018,1.012,1.023,1.019,0.01
HFE_C282Y,het,Močový sediment A: Hlienové vlákna,7,40.0,9.0,70.0,47.286,48.252
HFE_C282Y,wt,Močový sediment A: Hlienové vlákna,61,41.0,7.0,148.0,125.082,181.729
HFE_C282Y,het,Vitamín B12,15,525.0,335.5,746.0,546.333,257.242
HFE_C282Y,wt,Vitamín B12,280,701.0,377.75,1185.0,887.143,676.529
HFE_C282Y,het,Močový sediment A: Hyalínové valce,7,0.0,0.0,0.0,0.0,0.0
HFE_C282Y,wt,Močový sediment A: Hyalínové valce,61,0.0,0.0,0.0,0.0,0.0
HFE_C282Y,het,Močový sediment A: Kvasinky,7,0.0,0.0,0.0,0.143,0.378
HFE_C282Y,wt,Močový sediment A: Kvasinky,61,0.0,0.0,0.0,0.656,4.739
HFE_C282Y,het,Močový sediment A: Zhluky leukocytov,7,0.0,0.0,0.0,0.143,0.378
HFE_C282Y,wt,Močový sediment A: Zhluky leukocytov,60,0.0,0.0,1.0,5.417,24.707
HFE_C282Y,het,Močový sediment A: Erytrocyty,7,4.0,4.0,7.5,13.0,20.793
HFE_C282Y,wt,Močový sediment A: Erytrocyty,60,4.0,4.0,8.25,142.733,430.156
HFE_C282Y,het,Močový sediment A: Baktérie,7,516.0,353.5,996.0,774.857,657.079
HFE_C282Y,wt,Močový sediment A: Baktérie,58,273.0,133.0,918.5,583.707,661.3
HFE_C282Y,het,ANA,22,0.36,0.21,0.46,0.355,0.153
HFE_C282Y,wt,ANA,254,0.335,0.26,0.46,0.501,0.813
HFE_C282Y,het,Močový sediment A: Leukocyty,7,5.0,3.0,17.5,14.429,18.51
HFE_C282Y,wt,Močový sediment A: Leukocyty,58,7.0,3.0,33.0,84.086,206.397
HFE_C282Y,het,Močový sediment A: Kryštály,7,0.0,0.0,0.0,5.714,15.119
HFE_C282Y,wt,Močový sediment A: Kryštály,59,0.0,0.0,0.0,16.983,118.673
HFE_C282Y,het,Foláty,16,5.75,3.95,9.025,7.981,6.503
HFE_C282Y,wt,Foláty,275,6.3,3.4,10.55,7.886,5.745
HFE_C282Y,het,T3f_S,7,4.9,4.35,5.0,4.757,0.472
HFE_C282Y,wt,T3f_S,82,3.5,2.9,4.3,3.637,1.232
HFE_C282Y,het,Ceruloplazmín,24,0.24,0.2,0.29,0.248,0.061
HFE_C282Y,wt,Ceruloplazmín,388,0.25,0.21,0.31,0.267,0.082
HFE_C282Y,het,Lipáza_S,14,1.675,0.878,2.497,5.682,13.633
HFE_C282Y,hom,Lipáza_S,5,7.4,7.32,14.6,10.15,4.96
HFE_C282Y,wt,Lipáza_S,214,2.565,0.81,8.018,11.814,43.553
HFE_C282Y,het,Imunoblot ANA: AMA-M2,13,0.0,0.0,0.0,0.088,0.185
HFE_C282Y,wt,Imunoblot ANA: AMA-M2,171,0.0,0.0,0.0,0.035,0.128
HFE_C282Y,het,Imunoblot ANA: U1-sn RNP,13,0.0,0.0,0.0,0.115,0.288
HFE_C282Y,wt,Imunoblot ANA: U1-sn RNP,171,0.0,0.0,0.0,0.081,0.558
HFE_C282Y,het,alfa1 AT_S,11,1.46,1.27,1.595,1.527,0.435
HFE_C282Y,wt,alfa1 AT_S,250,1.455,1.24,1.758,1.547,0.45
HFE_C282Y,het,Imunoblot ANA: CENP-B,13,0.0,0.0,0.0,0.025,0.089
HFE_C282Y,wt,Imunoblot ANA: CENP-B,171,0.0,0.0,0.0,0.022,0.157
HFE_C282Y,het,Imunoblot ANA: Scl-70,13,0.0,0.0,0.0,0.0,0.0
HFE_C282Y,wt,Imunoblot ANA: Scl-70,171,0.0,0.0,0.0,0.032,0.217
HFE_C282Y,het,Imunoblot ANA: Mi-2,13,0.0,0.0,0.0,0.0,0.0
HFE_C282Y,wt,Imunoblot ANA: Mi-2,171,0.0,0.0,0.0,0.019,0.09
HFE_C282Y,het,Imunoblot ANA: Ku,13,0.0,0.0,0.0,0.0,0.0
HFE_C282Y,wt,Imunoblot ANA: Ku,171,0.0,0.0,0.0,0.026,0.158
HFE_C282Y,het,Imunoblot ANA: dsDNA,13,0.0,0.0,0.2,0.215,0.395
HFE_C282Y,wt,Imunoblot ANA: dsDNA,171,0.0,0.0,0.28,0.189,0.37
HFE_C282Y,het,Imunoblot ANA: Histones,13,0.0,0.0,0.0,0.029,0.105
HFE_C282Y,wt,Imunoblot ANA: Histones,171,0.0,0.0,0.0,0.07,0.197
HFE_C282Y,het,Imunoblot ANA: Nucleosomes,13,0.0,0.0,0.0,0.0,0.0
HFE_C282Y,wt,Imunoblot ANA: Nucleosomes,171,0.0,0.0,0.0,0.046,0.267
HFE_C282Y,het,Imunoblot ANA: PM-Scl,13,0.0,0.0,0.0,0.127,0.389
HFE_C282Y,wt,Imunoblot ANA: PM-Scl,171,0.0,0.0,0.0,0.041,0.21
HFE_C282Y,het,Imunoblot ANA: Jo-1,13,0.0,0.0,0.0,0.0,0.0
HFE_C282Y,wt,Imunoblot ANA: Jo-1,171,0.0,0.0,0.0,0.045,0.477
HFE_C282Y,het,Imunoblot ANA: SS-A/Ro52kD,13,0.0,0.0,0.0,0.038,0.139
HFE_C282Y,wt,Imunoblot ANA: SS-A/Ro52kD,171,0.0,0.0,0.0,0.093,0.464
HFE_C282Y,het,Imunoblot ANA: SS-A/Ro60kD,13,0.0,0.0,0.0,0.0,0.0
HFE_C282Y,wt,Imunoblot ANA: SS-A/Ro60kD,171,0.0,0.0,0.0,0.071,0.498
HFE_C282Y,het,Imunoblot ANA: Rib-PO,13,0.0,0.0,0.0,0.027,0.097
HFE_C282Y,wt,Imunoblot ANA: Rib-PO,171,0.0,0.0,0.0,0.076,0.27
HFE_C282Y,het,Imunoblot ANA: PCNA,13,0.0,0.0,0.0,0.0,0.0
HFE_C282Y,wt,Imunoblot ANA: PCNA,171,0.0,0.0,0.0,0.038,0.188
HFE_C282Y,het,Imunoblot ANA: SmD1,13,0.0,0.0,0.0,0.0,0.0
HFE_C282Y,wt,Imunoblot ANA: SmD1,170,0.0,0.0,0.0,0.012,0.073
HFE_C282Y,het,Imunoblot ANA: SS-B/La,13,0.0,0.0,0.0,0.055,0.138
HFE_C282Y,wt,Imunoblot ANA: SS-B/La,167,0.0,0.0,0.0,0.108,0.575
HFE_C282Y,het,p-ANCA,11,0.92,0.52,1.565,1.052,0.789
HFE_C282Y,wt,p-ANCA,103,1.24,0.695,2.22,1.731,1.624
HFE_C282Y,het,c-ANCA,11,1.15,0.435,1.795,1.695,2.291
HFE_C282Y,wt,c-ANCA,101,1.39,0.68,2.34,2.322,3.207
HFE_C282Y,het,Troponín T hs,12,3.016,0.018,42.0,39.427,67.021
HFE_C282Y,wt,Troponín T hs,167,9.0,0.132,30.0,59.628,398.02
HFE_C282Y,het,Interleukín -6,9,10.1,2.8,62.6,31.567,34.881
HFE_C282Y,wt,Interleukín -6,104,26.8,8.3,79.75,816.588,5119.059
HFE_C282Y,wt,Kalcium ionizované_S,131,1.08,0.955,1.15,1.03,0.231
HFE_C282Y,het,D_dimer INOV,7,210.0,190.0,7440.0,4864.286,6964.278
HFE_C282Y,wt,D_dimer INOV,82,1205.0,477.5,4727.5,4308.171,7478.225
HFE_C282Y,wt,T Ly_CD3+,50,79.5,72.0,82.75,76.76,9.665
HFE_C282Y,wt,Ak.TLyCD3+HLADR+_ap,50,155.5,115.75,206.75,222.68,244.102
HFE_C282Y,wt,Lymfocyty,50,25.5,18.0,31.75,24.52,10.775
HFE_C282Y,wt,Leukocyty,50,6.3,4.625,8.175,7.202,4.452
HFE_C282Y,wt,Aktiv.TLy_CD3+HLADR+,50,11.0,8.0,17.0,13.12,6.727
HFE_C282Y,wt,T Ly_CD3+_ a.p.,50,1118.5,841.25,1480.0,1243.7,772.31
HFE_C282Y,wt,Pomoc.TLy_CD4+_a.p,49,733.0,542.0,1089.0,788.898,435.627
HFE_C282Y,wt,Pomoc.TLy_CD4+,49,51.0,45.0,59.0,49.388,13.208
HFE_C282Y,wt,B Ly _CD19+_ a.p.,49,138.0,69.0,171.0,135.408,92.698
HFE_C282Y,wt,NKbb._CD16+CD56+_ap,49,156.0,96.0,224.0,195.122,165.72
HFE_C282Y,wt,NKbb._ CD16+CD56+,49,12.0,7.0,14.0,12.612,7.691
HFE_C282Y,wt,Cyt.TLy_CD8+,49,23.0,18.0,30.0,24.816,9.062
HFE_C282Y,wt,B Ly_ CD19+,49,9.0,6.0,11.0,9.327,6.015
HFE_C282Y,wt,Imunoreg.index_IRI,49,2.1,1.5,3.1,2.361,1.208
HFE_C282Y,wt,Cyt.TLy_CD8+_a.p,49,321.0,213.0,470.0,422.796,440.142
HFE_C282Y,wt,Žlčové kyseliny,12,8.35,4.25,48.15,60.35,105.698
HFE_C282Y,wt,anti TPO_S,44,35.7,28.0,165.4,265.399,466.063
HFE_C282Y,het,Krvný obr._DIFF_RET: Bazofily_#,5,0.01,0.01,0.02,0.016,0.015
HFE_C282Y,wt,Krvný obr._DIFF_RET: Bazofily_#,140,0.01,0.01,0.03,0.027,0.042
HFE_C282Y,het,Krvný obr._DIFF_RET: Stredná konc._HGB,5,31.9,30.4,32.0,29.64,6.232
HFE_C282Y,wt,Krvný obr._DIFF_RET: Stredná konc._HGB,140,30.65,28.9,33.575,31.485,4.106
HFE_C282Y,het,Krvný obr._DIFF_RET: Stred. far.konc._HGB,5,334.0,328.0,340.0,332.6,9.37
HFE_C282Y,wt,Krvný obr._DIFF_RET: Stred. far.konc._HGB,140,332.0,320.0,345.5,332.771,18.766
HFE_C282Y,het,Krvný obr._DIFF_RET: Stredný objem_RBC,5,93.8,88.8,95.7,88.84,17.746
HFE_C282Y,wt,Krvný obr._DIFF_RET: Stredný objem_RBC,140,92.7,87.35,99.225,94.531,10.675
HFE_C282Y,het,Krvný obr._DIFF_RET: Trombocyty_PLT,5,176.0,148.0,233.0,182.0,54.005
HFE_C282Y,wt,Krvný obr._DIFF_RET: Trombocyty_PLT,140,198.0,116.5,281.25,207.121,132.7
HFE_C282Y,het,Krvný obr._DIFF_RET: Retikulocyty_#,5,71.6,58.1,94.6,100.8,71.657
HFE_C282Y,wt,Krvný obr._DIFF_RET: Retikulocyty_#,140,49.45,34.75,73.925,63.499,51.274
HFE_C282Y,het,Krvný obr._DIFF_RET: Erytrocyty_RBC,5,4.84,3.72,5.01,4.742,1.171
HFE_C282Y,wt,Krvný obr._DIFF_RET: Erytrocyty_RBC,140,3.82,3.268,4.41,3.807,0.899
HFE_C282Y,het,Krvný obr._DIFF_RET: Leukocyty_WBC,5,5.8,5.8,6.8,6.0,1.086
HFE_C282Y,wt,Krvný obr._DIFF_RET: Leukocyty_WBC,140,6.45,4.675,8.525,7.626,4.924
HFE_C282Y,het,Krvný obr._DIFF_RET: Retikulocyty_%,5,1.5,1.2,2.0,2.4,2.153
HFE_C282Y,wt,Krvný obr._DIFF_RET: Retikulocyty_%,140,1.25,0.8,1.95,1.928,2.332
HFE_C282Y,het,Krvný obr._DIFF_RET: Hemoglobín_HGB,5,127.0,123.0,147.0,135.2,17.556
HFE_C282Y,wt,Krvný obr._DIFF_RET: Hemoglobín_HGB,140,116.5,104.0,130.0,117.75,23.695
HFE_C282Y,het,Krvný obr._DIFF_RET: Bazofily_%,5,0.2,0.2,0.3,0.26,0.219
HFE_C282Y,wt,Krvný obr._DIFF_RET: Bazofily_%,140,0.2,0.1,0.5,0.396,0.514
HFE_C282Y,het,Krvný obr._DIFF_RET: Hematokrit_HCT,5,0.387,0.386,0.43,0.406,0.045
HFE_C282Y,wt,Krvný obr._DIFF_RET: Hematokrit_HCT,140,0.35,0.318,0.395,0.354,0.07
HFE_C282Y,wt,ABR_artéria: HCO3_B - akt.,161,21.3,18.2,24.8,21.332,5.727
HFE_C282Y,wt,ABR_artéria: O2_B sat,161,96.0,88.5,98.2,91.226,11.741
HFE_C282Y,wt,ABR_artéria: pH_B,161,7.374,7.31,7.43,7.353,0.129
HFE_C282Y,wt,ABR_artéria: HCO3_B -  stand.,161,21.4,18.9,24.6,21.379,4.889
HFE_C282Y,wt,ABR_artéria: BB_B,161,43.5,39.0,46.8,42.442,6.652
HFE_C282Y,wt,ABR_artéria: BE_B,161,-3.5,-6.8,0.4,-3.797,6.558
HFE_C282Y,het,Krvný obr._DIFF_RET: Monocyty_#,5,0.42,0.35,0.63,0.476,0.211
HFE_C282Y,wt,Krvný obr._DIFF_RET: Monocyty_#,139,0.53,0.35,0.73,0.583,0.343
HFE_C282Y,het,Krvný obr._DIFF_RET: Eozinofily_%,5,1.5,1.2,1.8,1.48,0.444
HFE_C282Y,wt,Krvný obr._DIFF_RET: Eozinofily_%,139,1.9,0.75,3.1,2.473,3.448
HFE_C282Y,het,Krvný obr._DIFF_RET: Lymfocyty_#,5,1.69,1.64,1.76,1.666,0.421
HFE_C282Y,wt,Krvný obr._DIFF_RET: Lymfocyty_#,139,1.22,0.905,1.61,1.345,0.767
HFE_C282Y,het,Krvný obr._DIFF_RET: Eozinofily_#,5,0.09,0.07,0.09,0.088,0.027
HFE_C282Y,wt,Krvný obr._DIFF_RET: Eozinofily_#,139,0.1,0.05,0.18,0.172,0.361
HFE_C282Y,het,Krvný obr._DIFF_RET: Monocyty_%,5,7.2,5.2,10.8,7.82,2.948
HFE_C282Y,wt,Krvný obr._DIFF_RET: Monocyty_%,139,8.0,5.8,10.4,8.642,3.989
HFE_C282Y,het,Krvný obr._DIFF_RET: Lymfocyty_%,5,30.2,24.8,30.7,28.1,7.267
HFE_C282Y,wt,Krvný obr._DIFF_RET: Lymfocyty_%,139,19.9,14.35,27.15,20.806,9.644
HFE_C282Y,het,Krvný obr._DIFF_RET: Neutrofily_%,5,62.6,57.5,62.7,62.34,6.941
HFE_C282Y,wt,Krvný obr._DIFF_RET: Neutrofily_%,139,68.4,60.9,74.75,67.681,11.932
HFE_C282Y,wt,ABR_artéria: PO2_B,161,10.7,8.23,16.67,12.304,5.961
HFE_C282Y,wt,ABR_artéria: PCO2_B,161,5.02,4.34,5.94,5.157,1.383
HFE_C282Y,het,Krvný obr._DIFF_RET: Nezrelé formy RET,5,6.1,5.5,6.7,7.96,5.427
HFE_C282Y,wt,Krvný obr._DIFF_RET: Nezrelé formy RET,139,8.2,5.0,14.85,10.871,8.34
HFE_C282Y,het,Krvný obr._DIFF_RET: Neutrofily_#,5,4.27,3.34,4.28,3.772,0.866
HFE_C282Y,wt,Krvný obr._DIFF_RET: Neutrofily_#,139,3.98,2.92,5.99,5.364,4.289
HFE_C282Y,het,Meď_S,20,18.45,12.825,21.4,18.167,5.501
HFE_C282Y,wt,Meď_S,255,17.9,14.8,21.4,18.694,5.48
HFE_C282Y,het,Krvný obr._DIFF_RET: Šírka dist.kriv._RBC,5,14.3,12.9,16.8,14.78,2.286
HFE_C282Y,wt,Krvný obr._DIFF_RET: Šírka dist.kriv._RBC,139,14.8,13.5,16.4,15.231,2.307
HFE_C282Y,wt,Diff.rozpočet_ WBC: Lymfocyty,7,0.18,0.085,0.295,0.207,0.165
HFE_C282Y,het,Beta2 mikroglob. _S,6,3.45,2.6,5.05,4.817,3.986
HFE_C282Y,wt,Beta2 mikroglob. _S,118,2.9,2.3,4.5,3.709,2.231
HFE_C282Y,wt,Diff.rozpočet_ WBC: Neutrofilné segmenty,8,0.46,0.32,0.628,0.506,0.228
HFE_C282Y,het,NT-proBNP,6,428.5,266.5,889.0,949.667,1311.392
HFE_C282Y,wt,NT-proBNP,141,1285.0,284.0,7371.0,5288.021,9545.363
HFE_C282Y,het,CCP,5,0.54,0.0,1.6,1.114,1.45
HFE_C282Y,wt,CCP,48,2.1,0.862,4.85,3.174,3.339
HFE_C282Y,wt,Calprotektin,10,92.86,21.325,359.41,231.725,273.867
HFE_C282Y,wt,Diff.rozpočet_ WBC: Monocyty,8,0.05,0.018,0.06,0.041,0.025
HFE_C282Y,wt,Krvný obr._DIFF_RET: Stredný objem_PLT,122,11.1,10.4,11.8,11.042,1.09
HFE_C282Y,het,CVK_S,10,53.85,46.6,57.55,50.1,11.698
HFE_C282Y,wt,CVK_S,186,46.45,32.3,61.275,47.096,18.943
HFE_C282Y,het,NVK_S,10,29.15,27.85,35.85,29.74,8.168
HFE_C282Y,wt,NVK_S,181,30.3,11.0,42.5,29.015,19.307
HFE_C282Y,het,Trombínový čas,9,16.0,15.3,21.6,20.022,9.001
HFE_C282Y,wt,Trombínový čas,145,18.7,16.4,21.2,19.128,3.588
HFE_C282Y,het,ANA  HEp-2,5,1.41,0.54,3.0,1.946,1.709
HFE_C282Y,wt,ANA  HEp-2,56,6.33,2.05,8.185,11.804,39.711
HFE_C282Y,het,dsDNA IgG,6,1.18,0.795,2.772,1.837,1.432
HFE_C282Y,wt,dsDNA IgG,53,3.41,1.77,8.01,15.568,48.78
HFE_C282Y,wt,anti- transglut. IgA,8,1.435,0.902,21.172,24.279,43.666
HFE_C282Y,wt,anti TG_S,39,16.0,15.0,152.5,91.974,128.026
HFE_C282Y,het,AFP_S,15,2.2,1.715,5.355,1653.631,4628.386
HFE_C282Y,wt,AFP_S,166,3.645,2.372,6.038,121.475,1292.254
HFE_C282Y,wt,CIK_S,5,68.0,68.0,68.0,63.6,11.589
HFE_C282Y,het,Etanol v sére,15,0.032,0.03,0.076,0.209,0.389
HFE_C282Y,wt,Etanol v sére,174,0.03,0.03,0.05,0.329,0.826
HFE_C282Y,wt,Prealbumín_S,19,0.24,0.09,0.29,0.205,0.118
HFE_C282Y,het,Cholinesteráza_S,11,155.2,123.035,179.94,154.253,63.363
HFE_C282Y,wt,Cholinesteráza_S,160,124.135,83.778,175.95,132.141,68.265
HFE_C282Y,het,Glykémia_5/4,10,5.55,5.125,11.575,8.55,5.716
HFE_C282Y,wt,Glykémia_5/4,138,8.7,6.325,13.7,10.213,5.449
HFE_C282Y,het,Imunoblot Liver Pro: SLA,11,0.0,0.0,0.0,0.055,0.181
HFE_C282Y,wt,Imunoblot Liver Pro: SLA,138,0.0,0.0,0.0,0.034,0.289
HFE_C282Y,het,Imunoblot Liver Pro: LKM1,11,0.0,0.0,0.235,0.142,0.221
HFE_C282Y,wt,Imunoblot Liver Pro: LKM1,138,0.0,0.0,0.0,0.054,0.214
HFE_C282Y,het,Imunoblot Liver Pro: AMA-M2,11,0.0,0.0,0.245,0.134,0.207
HFE_C282Y,wt,Imunoblot Liver Pro: AMA-M2,138,0.0,0.0,0.0,0.055,0.132
HFE_C282Y,wt,Diff.rozpočet_ WBC: Neutrofil.nesegmenty,7,0.06,0.035,0.09,0.061,0.038
HFE_C282Y,het,Imunoblot Liver Pro: Sp100,11,0.0,0.0,0.0,0.091,0.302
HFE_C282Y,wt,Imunoblot Liver Pro: Sp100,138,0.0,0.0,0.0,0.055,0.494
HFE_C282Y,het,Imunoblot Liver Pro: LC1,11,0.0,0.0,0.155,0.095,0.164
HFE_C282Y,wt,Imunoblot Liver Pro: LC1,138,0.0,0.0,0.0,0.061,0.179
HFE_C282Y,het,Imunoblot Liver Pro: gp210,11,0.21,0.0,0.29,0.486,1.083
HFE_C282Y,wt,Imunoblot Liver Pro: gp210,138,0.0,0.0,0.33,0.249,0.492
HFE_C282Y,het,CEA _S,9,13.52,2.71,20.032,12.849,11.859
HFE_C282Y,wt,CEA _S,61,1.905,1.235,3.321,19.532,122.243
HFE_C282Y,het,AMAM2,10,0.62,0.198,1.088,0.683,0.571
HFE_C282Y,wt,AMAM2,121,1.02,0.34,1.91,1.827,2.97
HFE_C282Y,het,IgE celkové FOOKE,6,22.275,14.808,64.745,55.818,68.76
HFE_C282Y,wt,IgE celkové FOOKE,27,22.62,15.575,69.43,122.589,257.791
HFE_C282Y,wt,Močový sediment: Valce,82,1.0,0.0,2.0,1.439,2.505
HFE_C282Y,het,CA 19-9_S,10,3.1,2.0,90.175,14044.52,44256.353
HFE_C282Y,wt,CA 19-9_S,58,8.95,2.415,23.2,306.312,1318.957
HFE_C282Y,het,SLA a LP,9,0.66,0.29,0.79,0.661,0.476
HFE_C282Y,wt,SLA a LP,112,0.81,0.54,1.318,2.547,11.975
HFE_C282Y,het,LKM1,9,0.74,0.46,0.84,0.701,0.5
HFE_C282Y,wt,LKM1,114,0.35,0.18,0.695,0.63,1.109
HFE_C282Y,het,NSE_S,5,28.82,27.79,31.73,30.562,13.002
HFE_C282Y,wt,NSE_S,103,14.66,10.905,18.11,15.852,6.989
HFE_C282Y,wt,Osmolalita_S,42,291.0,281.75,299.0,292.238,16.644
HFE_C282Y,wt,HBDH_S,16,4.4,3.0,6.375,6.55,6.162
HFE_C282Y,het,Haptoglobín_S,9,0.67,0.26,1.08,0.653,0.437
HFE_C282Y,wt,Haptoglobín_S,130,0.99,0.39,1.668,1.149,0.996
HFE_C282Y,het,Glykémia_5/3,7,6.1,4.65,10.15,8.443,5.59
HFE_C282Y,wt,Glykémia_5/3,102,8.1,6.0,11.95,9.375,4.862
HFE_C282Y,het,Antitrombín III,5,65.5,63.3,81.8,81.16,29.695
HFE_C282Y,wt,Antitrombín III,85,68.7,49.4,93.4,74.701,34.033
HFE_C282Y,wt,Proteinúria kvant._U,43,0.139,0.098,0.315,0.374,0.596
HFE_C282Y,wt,Factor V,118,95.45,66.125,153.45,107.87,51.594
HFE_C282Y,wt,Kreatinín_U (zbier.),39,5583.3,3850.0,7645.0,6041.572,3075.333
HFE_C282Y,het,LC1,6,1.0,0.607,1.498,1.295,1.016
HFE_C282Y,wt,LC1,91,0.78,0.39,1.295,0.958,0.83
HFE_C282Y,wt,anti- transglut. IgG,7,0.96,0.75,46.98,26.14,40.251
HFE_C282Y,het,Amoniak_P,17,89.0,44.0,149.0,98.118,60.379
HFE_C282Y,wt,Amoniak_P,98,54.5,41.25,77.0,60.255,35.365
HFE_C282Y,wt,Tub. resorbcia,36,98.25,97.182,98.938,96.68,5.403
HFE_C282Y,hom,Amyláza_U (jednoráz),11,13.86,9.3,36.515,24.305,21.793
HFE_C282Y,wt,Amyláza_U (jednoráz),72,5.33,2.128,17.95,30.477,113.015
HFE_C282Y,het,Glykémia_5/2,5,7.4,7.4,11.4,9.52,3.439
HFE_C282Y,wt,Glykémia_5/2,82,10.35,7.725,13.275,10.732,4.055
HFE_C282Y,wt,ASCA IgG,12,3.59,2.795,8.872,13.009,28.379
HFE_C282Y,wt,ASCA IgA,12,3.315,2.13,12.005,29.192,59.448
HFE_C282Y,wt,Punktát_WBC,112,0.18,0.09,0.34,0.485,1.12
HFE_C282Y,wt,DGP IgA,13,0.8,0.27,1.37,6.738,16.417
HFE_C282Y,wt,DGP IgG,13,0.93,0.63,4.17,11.3,23.063
HFE_C282Y,wt,HbA1c %,51,7.1,6.15,9.05,7.633,2.123
HFE_C282Y,wt,HbA1c,51,55.0,44.1,77.5,61.19,24.249
HFE_C282Y,wt,DNP / Nucleo-h /,14,0.765,0.508,1.518,1.684,2.952
HFE_C282Y,het,AMA-M2,9,2.41,1.01,4.92,4.134,4.675
HFE_C282Y,wt,AMA-M2,92,1.34,0.505,2.428,3.728,16.861
HFE_C282Y,het,IGG4,6,0.637,0.387,1.646,0.997,0.924
HFE_C282Y,wt,IGG4,91,0.489,0.278,1.185,0.917,1.083
HFE_C282Y,wt,ABR_kapilára: HCO3_B - akt.,17,22.5,17.6,23.9,21.506,3.897
HFE_C282Y,wt,ABR_kapilára: PCO2_B,17,4.41,4.0,4.74,4.381,0.53
HFE_C282Y,wt,ABR_kapilára: HCO3_B -  stand.,17,23.2,19.4,24.8,22.671,3.261
HFE_C282Y,wt,ABR_kapilára: O2_B sat,17,92.9,90.6,94.2,92.476,3.02
HFE_C282Y,wt,ABR_kapilára: PO2_B,17,8.16,7.68,8.97,8.611,1.74
HFE_C282Y,wt,ABR_kapilára: pH_B,17,7.441,7.389,7.473,7.43,0.043
HFE_C282Y,wt,ABR_kapilára: BE_B,17,-1.4,-6.1,0.6,-2.094,4.025
HFE_C282Y,wt,ABR_kapilára: BB_B,17,46.6,41.5,48.4,44.947,4.417
HFE_C282Y,wt,Glykémia_5/1,71,6.3,4.6,9.75,7.476,3.824
HFE_C282Y,wt,Laktát_P_artéria,45,2.1,1.2,2.5,3.727,6.396
HFE_C282Y,wt,Laktát_P,65,2.7,2.1,3.2,2.849,1.261
HFE_C282Y,wt,Solub.transf.recep_S,19,1.27,0.73,2.005,1.631,1.255
HFE_C282Y,het,anti-SLA/LP,9,1.03,0.83,2.47,1.838,1.764
HFE_C282Y,wt,anti-SLA/LP,80,0.865,0.558,1.392,1.579,2.987
HFE_C282Y,het,anti-LKM-1,9,0.45,0.1,0.57,0.344,0.258
HFE_C282Y,wt,anti-LKM-1,79,0.25,0.075,0.69,0.468,0.572
HFE_C282Y,wt,CA 72-4_S,30,1.33,0.945,2.24,6.43,20.005
HFE_C282Y,wt,anti transglutam.IgA,11,1.13,0.5,2.635,2.22,2.883
HFE_C282Y,wt,CYFRA  21-1_S,29,1.86,1.57,4.15,9.807,24.617
HFE_C282Y,het,Glykémia_3/3,6,5.55,5.05,7.85,6.183,2.015
HFE_C282Y,wt,Glykémia_3/3,60,10.55,6.175,13.575,10.61,5.332
HFE_C282Y,wt,Kortizol_S_ a.m.,22,445.5,207.75,811.5,697.182,986.326
HFE_C282Y,het,Glykémia_3/2,6,11.7,10.025,12.625,12.0,2.722
HFE_C282Y,wt,Glykémia_3/2,60,10.1,7.375,12.925,10.372,4.706
HFE_C282Y,wt,PSAc_S,24,0.566,0.361,2.16,1.385,1.5
HFE_C282Y,wt,Chol.celk._ascites,71,1.29,1.29,1.29,1.365,0.411
HFE_C282Y,wt,Kortizol_S,40,345.5,158.25,476.25,334.7,208.884
HFE_C282Y,wt,Signál Meď,68,2.1,1.088,3.438,2.803,2.679
HFE_C282Y,wt,Bielkovina_ ascites,70,17.95,13.05,23.85,20.674,11.891
HFE_C282Y,wt,GF-rozdiel,36,0.1,-20.065,37.872,15.242,65.001
HFE_C282Y,wt,LDH_ascites,67,1.1,0.8,1.7,1.796,2.106
HFE_C282Y,wt,GF-(S+U)-dospelí,36,1.195,0.795,1.845,1.347,0.82
HFE_C282Y,wt,GF(S)-Cockroft,36,1.075,0.758,1.675,1.208,0.627
HFE_C282Y,wt,Cu_U_diuréza,65,0.52,0.26,0.87,0.743,0.813
HFE_C282Y,het,Glykémia_3/1,5,7.6,4.6,7.7,6.42,1.756
HFE_C282Y,wt,Glykémia_3/1,54,5.9,4.4,9.35,7.261,3.919
HFE_C282Y,wt,Elementy_CSF: Ly_CSF,13,4.0,1.0,9.0,10.154,16.421
HFE_C282Y,wt,Triacylglyc._ascites,66,0.415,0.312,0.518,0.459,0.278
HFE_C282Y,wt,Chloridy_CSF,13,124.0,122.0,127.0,124.923,3.73
HFE_C282Y,wt,CA 125_S,26,20.7,10.625,35.375,375.281,1119.753
HFE_C282Y,wt,Glukóza_CSF,13,4.18,3.2,4.24,4.38,1.851
HFE_C282Y,wt,CB_CSF,13,0.46,0.4,0.66,0.558,0.287
HFE_C282Y,wt,Elementy_CSF: Le_CSF,13,2.0,1.0,5.0,10.154,19.735
HFE_C282Y,wt,Chloridy_U (zbieraný,8,52.0,20.25,117.75,76.5,70.904
HFE_C282Y,wt,Kálium_U (zbieraný),8,20.9,13.85,25.0,18.95,8.019
HFE_C282Y,wt,Nátrium_U (zbieraný),8,68.0,42.75,112.5,84.625,62.0
HFE_C282Y,wt,Addisov sediment: Valce,9,0.0,0.0,1.0,0.778,1.641
HFE_C282Y,wt,Addisov sediment: Leukocyty,9,2.0,1.0,3.0,10.889,20.466
HFE_C282Y,wt,Addisov sediment: Erytrocyty,9,1.0,1.0,4.0,13.667,33.645
HFE_C282Y,wt,Laktát_CSF,12,2.1,1.875,2.575,2.492,1.243
HFE_C282Y,wt,C-Peptid_S,31,2.55,1.515,3.285,3.099,2.508
HFE_C282Y,wt,Kreatinín_UJ (jednor,26,7850.0,6267.5,11766.8,9137.569,5556.721
HFE_C282Y,wt,Albumín_U (jednoráz),26,10.515,6.252,35.55,110.984,418.722
HFE_C282Y,wt,ACLA IgG/M/A,10,1.785,1.472,2.648,2.829,3.06
HFE_C282Y,wt,CA 15-3_S,12,23.55,21.7,32.775,38.392,43.198
HFE_C282Y,wt,Glukóza_pleur.punkt.,52,6.495,5.858,7.432,6.852,1.735
HFE_C282Y,wt,MIA_UJ (album/kreat),23,9.67,6.48,63.375,142.577,482.973
HFE_C282Y,wt,Pankreat. elastáza,8,500.0,255.825,500.0,366.761,200.683
HFE_C282Y,wt,Protrombín IgM,8,3.04,2.362,8.838,6.58,6.552
HFE_C282Y,wt,Protrombín IgG,8,5.53,4.365,9.575,8.114,7.18
HFE_C282Y,wt,Parathormón_S,15,42.8,23.3,80.5,96.673,127.063
HFE_C282Y,wt,Beta2-Glyco-Check,8,2.8,1.395,3.47,2.655,1.457
HFE_C282Y,wt,SCCA_S,7,1.5,0.9,1.8,1.357,0.556
HFE_C282Y,wt,Prolaktín_S,8,16.35,14.175,27.125,18.425,8.416
HFE_C282Y,wt,Lupus antikoagulans1,9,37.9,34.4,51.3,43.2,11.831
HFE_C282Y,wt,FSH _S,7,5.0,4.8,93.4,45.229,50.714
HFE_C282Y,wt,LH_S,6,7.35,3.175,39.65,20.4,23.971
HFE_C282Y,wt,Glukóza_kapil._sólo,18,9.135,6.75,17.925,12.414,7.768
HFE_C282Y,wt,Protein C,8,93.95,71.825,98.425,86.375,25.641
HFE_C282Y,wt,Krvný obraz_RET: Trombocyty_PLT,24,165.5,89.0,217.5,171.417,102.019
HFE_C282Y,wt,Krvný obraz_RET: Hemoglobín_HGB,24,102.5,87.25,117.75,102.5,21.931
HFE_C282Y,wt,Krvný obraz_RET: Leukocyty_WBC,24,5.65,4.075,8.9,6.925,3.903
HFE_C282Y,wt,Krvný obraz_RET: Nezrelé formy RET,24,9.75,3.175,19.8,14.233,12.985
HFE_C282Y,wt,Krvný obraz_RET: Stredná konc._HGB,24,31.8,29.975,33.55,31.592,3.548
HFE_C282Y,wt,Krvný obraz_RET: Stredný objem_RBC,24,96.4,89.5,99.825,95.504,9.066
HFE_C282Y,wt,Krvný obraz_RET: Hematokrit_HCT,24,0.308,0.278,0.362,0.31,0.065
HFE_C282Y,wt,Krvný obraz_RET: Erytrocyty_RBC,24,3.245,2.558,3.882,3.306,0.877
HFE_C282Y,wt,Krvný obraz_RET: Retikulocyty_#,24,53.15,38.875,76.0,69.867,55.07
HFE_C282Y,wt,Krvný obraz_RET: Retikulocyty_%,24,1.85,1.225,2.3,2.396,2.666
HFE_C282Y,wt,Krvný obraz_RET: Stred. far.konc._HGB,24,330.5,316.25,341.5,330.667,18.067
HFE_C282Y,wt,Krvný obraz_RET: Šírka dist.kriv._RBC,24,15.65,14.675,19.075,16.754,3.09
HFE_C282Y,wt,Estradiol _S,7,18.0,12.1,103.85,68.786,91.092
HFE_C282Y,wt,PTT-LA: PTT-LA_ratio,8,0.98,0.948,1.022,0.992,0.18
HFE_C282Y,wt,PTT-LA: PTT-LA_sekundy,8,25.95,25.0,28.275,26.762,4.524
HFE_C282Y,wt,Diaminooxidaza,7,14.62,12.0,45.26,27.196,18.678
HFE_C282Y,wt,Krvný obraz_RET: Stredný objem_PLT,20,11.05,10.575,11.75,11.125,1.002
HFE_C282Y,wt,ProC Global,8,0.975,0.705,1.242,0.975,0.29
HFE_overall,all_wt,Kreatinín_S,2002,76.75,62.2,103.0,106.969,103.475
HFE_overall,any_het,Kreatinín_S,1016,77.8,63.9,107.25,101.626,74.993
HFE_overall,any_hom,Kreatinín_S,86,83.4,69.475,102.9,94.365,47.099
HFE_overall,all_wt,Urea_S,1996,4.9,3.5,7.1,7.161,7.896
HFE_overall,any_het,Urea_S,1003,5.1,3.6,8.0,7.044,6.014
HFE_overall,any_hom,Urea_S,87,4.7,3.4,6.2,5.638,4.317
HFE_overall,all_wt,AST_S,2048,0.83,0.51,1.73,2.295,8.51
HFE_overall,any_het,AST_S,1042,0.785,0.45,1.698,2.104,5.425
HFE_overall,any_hom,AST_S,94,0.545,0.332,1.378,1.774,5.683
HFE_overall,all_wt,ALT_S,2035,0.88,0.48,1.74,2.424,6.765
HFE_overall,any_het,ALT_S,1034,0.81,0.5,1.658,2.223,4.954
HFE_overall,any_hom,ALT_S,94,0.665,0.355,1.3,1.888,5.058
HFE_overall,all_wt,CRP_S,1580,15.59,4.14,43.412,35.923,51.893
HFE_overall,any_het,CRP_S,811,15.4,3.675,42.7,29.758,37.232
HFE_overall,any_hom,CRP_S,78,19.2,3.505,89.675,63.875,81.512
HFE_overall,all_wt,GMT_S,1958,2.34,1.07,5.588,5.589,11.033
HFE_overall,any_het,GMT_S,1008,1.965,0.96,5.025,4.81,8.308
HFE_overall,any_hom,GMT_S,88,1.015,0.585,1.6,1.452,1.721
HFE_overall,all_wt,ALP_S,1869,1.93,1.37,3.21,2.79,2.655
HFE_overall,any_het,ALP_S,976,1.87,1.27,2.97,2.711,3.089
HFE_overall,any_hom,ALP_S,87,1.31,1.09,1.58,1.504,0.808
HFE_overall,all_wt,GF(S)- MDRD,2000,1.37,0.97,1.74,1.372,0.643
HFE_overall,any_het,GF(S)- MDRD,1010,1.35,0.95,1.65,1.322,0.587
HFE_overall,any_hom,GF(S)- MDRD,85,1.41,1.08,1.63,1.318,0.42
HFE_overall,all_wt,Kálium-S,1885,4.0,3.6,4.4,3.979,0.646
HFE_overall,any_het,Kálium-S,908,4.1,3.7,4.4,4.038,0.611
HFE_overall,any_hom,Kálium-S,83,4.1,3.73,4.5,4.152,0.577
HFE_overall,all_wt,Nátrium-S,1886,139.0,136.0,141.0,138.583,5.273
HFE_overall,any_het,Nátrium-S,908,139.0,136.0,141.0,137.843,4.866
HFE_overall,any_hom,Nátrium-S,83,141.0,139.0,142.0,140.393,3.307
HFE_overall,all_wt,Chloridy-S,1768,103.0,100.0,106.0,102.381,5.716
HFE_overall,any_het,Chloridy-S,846,103.0,99.0,105.0,101.508,6.172
HFE_overall,any_hom,Chloridy-S,80,104.0,101.75,106.0,103.575,3.346
HFE_overall,all_wt,Glukóza_ S,1673,5.47,4.8,6.79,6.364,3.432
HFE_overall,any_het,Glukóza_ S,890,5.5,4.8,6.595,6.129,2.332
HFE_overall,any_hom,Glukóza_ S,85,5.3,4.72,6.1,5.668,1.575
HFE_overall,all_wt,Albumín_S,1307,32.1,25.0,39.1,31.846,8.827
HFE_overall,any_het,Albumín_S,660,32.9,26.0,40.1,32.874,8.612
HFE_overall,any_hom,Albumín_S,51,41.0,36.5,44.3,39.939,5.31
HFE_overall,all_wt,Krvný obr._DIFF_5pop: Hemoglobín_HGB,787,121.0,104.0,138.0,120.29,23.526
HFE_overall,any_het,Krvný obr._DIFF_5pop: Hemoglobín_HGB,461,122.0,106.0,139.0,122.605,22.765
HFE_overall,any_hom,Krvný obr._DIFF_5pop: Hemoglobín_HGB,49,131.0,115.0,148.0,130.776,17.703
HFE_overall,all_wt,Krvný obr._DIFF_5pop: Trombocyty_PLT,787,223.0,145.0,298.0,234.072,128.869
HFE_overall,any_het,Krvný obr._DIFF_5pop: Trombocyty_PLT,461,205.0,139.0,269.0,222.874,120.322
HFE_overall,any_hom,Krvný obr._DIFF_5pop: Trombocyty_PLT,49,227.0,194.0,297.0,255.673,114.771
HFE_overall,all_wt,Krvný obr._DIFF_5pop: Hematokrit_HCT,787,0.357,0.31,0.407,0.36,0.068
HFE_overall,any_het,Krvný obr._DIFF_5pop: Hematokrit_HCT,461,0.369,0.317,0.412,0.365,0.069
HFE_overall,any_hom,Krvný obr._DIFF_5pop: Hematokrit_HCT,49,0.393,0.349,0.434,0.395,0.051
HFE_overall,all_wt,Krvný obr._DIFF_5pop: Stredný objem_RBC,787,91.9,87.4,97.55,93.568,9.322
HFE_overall,any_het,Krvný obr._DIFF_5pop: Stredný objem_RBC,461,93.0,87.8,99.0,93.874,9.222
HFE_overall,any_hom,Krvný obr._DIFF_5pop: Stredný objem_RBC,49,94.9,89.4,104.9,97.061,8.804
HFE_overall,all_wt,Krvný obr._DIFF_5pop: Leukocyty_WBC,787,7.0,5.4,9.8,8.227,4.617
HFE_overall,any_het,Krvný obr._DIFF_5pop: Leukocyty_WBC,461,7.0,5.3,9.9,8.548,5.675
HFE_overall,any_hom,Krvný obr._DIFF_5pop: Leukocyty_WBC,49,6.4,5.6,8.4,6.971,2.371
HFE_overall,all_wt,Krvný obr._DIFF_5pop: Erytrocyty_RBC,787,3.92,3.275,4.535,3.883,0.833
HFE_overall,any_het,Krvný obr._DIFF_5pop: Erytrocyty_RBC,461,3.92,3.33,4.59,3.938,0.878
HFE_overall,any_hom,Krvný obr._DIFF_5pop: Erytrocyty_RBC,49,4.24,3.43,4.62,4.124,0.792
HFE_overall,all_wt,Krvný obr._DIFF_5pop: Stred.far.konc._HGB,787,335.0,325.5,344.0,334.498,16.49
HFE_overall,any_het,Krvný obr._DIFF_5pop: Stred.far.konc._HGB,461,336.0,327.0,346.0,336.341,14.876
HFE_overall,any_hom,Krvný obr._DIFF_5pop: Stred.far.konc._HGB,49,334.0,326.0,339.0,331.388,11.604
HFE_overall,all_wt,Krvný obr._DIFF_5pop: Stredná konc._HGB,787,30.7,29.2,33.4,31.336,3.781
HFE_overall,any_het,Krvný obr._DIFF_5pop: Stredná konc._HGB,461,30.9,29.5,33.5,31.6,3.66
HFE_overall,any_hom,Krvný obr._DIFF_5pop: Stredná konc._HGB,49,31.7,29.3,35.4,32.151,3.013
HFE_overall,all_wt,Krvný obr._DIFF_5pop: Lymfocyty_%,787,20.1,13.0,28.6,20.841,10.517
HFE_overall,any_het,Krvný obr._DIFF_5pop: Lymfocyty_%,461,19.7,12.4,26.8,20.131,10.321
HFE_overall,any_hom,Krvný obr._DIFF_5pop: Lymfocyty_%,49,25.8,18.1,31.6,26.069,11.922
HFE_overall,all_wt,Krvný obr._DIFF_5pop: Lymfocyty_#,787,1.38,0.88,1.94,1.5,0.857
HFE_overall,any_het,Krvný obr._DIFF_5pop: Lymfocyty_#,461,1.29,0.87,1.75,1.465,0.979
HFE_overall,any_hom,Krvný obr._DIFF_5pop: Lymfocyty_#,49,1.58,1.28,1.88,1.621,0.597
HFE_overall,all_wt,Krvný obr._DIFF_5pop: Bazofilily_#,787,0.02,0.01,0.04,0.028,0.031
HFE_overall,any_het,Krvný obr._DIFF_5pop: Bazofilily_#,461,0.02,0.01,0.03,0.027,0.038
HFE_overall,any_hom,Krvný obr._DIFF_5pop: Bazofilily_#,49,0.02,0.01,0.02,0.019,0.014
HFE_overall,all_wt,Krvný obr._DIFF_5pop: Bazofily_%,787,0.3,0.2,0.5,0.389,0.362
HFE_overall,any_het,Krvný obr._DIFF_5pop: Bazofily_%,461,0.3,0.1,0.5,0.347,0.344
HFE_overall,any_hom,Krvný obr._DIFF_5pop: Bazofily_%,49,0.2,0.2,0.4,0.302,0.216
HFE_overall,all_wt,Krvný obr._DIFF_5pop: Eozinofily_%,786,1.6,0.7,3.1,2.124,2.061
HFE_overall,any_het,Krvný obr._DIFF_5pop: Eozinofily_%,461,1.9,0.8,3.3,2.53,2.703
HFE_overall,any_hom,Krvný obr._DIFF_5pop: Eozinofily_%,49,1.9,0.7,3.0,2.1,1.663
HFE_overall,all_wt,Krvný obr._DIFF_5pop: Monocyty_#,786,0.57,0.41,0.78,0.646,0.365
HFE_overall,any_het,Krvný obr._DIFF_5pop: Monocyty_#,461,0.59,0.42,0.79,0.647,0.353
HFE_overall,any_hom,Krvný obr._DIFF_5pop: Monocyty_#,49,0.49,0.35,0.69,0.535,0.233
HFE_overall,all_wt,Krvný obr._DIFF_5pop: Monocyty_%,786,7.95,6.0,10.2,8.581,4.071
HFE_overall,any_het,Krvný obr._DIFF_5pop: Monocyty_%,461,8.1,6.0,10.5,8.483,3.526
HFE_overall,any_hom,Krvný obr._DIFF_5pop: Monocyty_%,49,7.8,6.2,8.6,7.682,2.075
HFE_overall,all_wt,Krvný obr._DIFF_5pop: Eozinofily_#,786,0.11,0.05,0.2,0.144,0.137
HFE_overall,any_het,Krvný obr._DIFF_5pop: Eozinofily_#,461,0.13,0.06,0.22,0.178,0.186
HFE_overall,any_hom,Krvný obr._DIFF_5pop: Eozinofily_#,49,0.14,0.04,0.22,0.143,0.111
HFE_overall,all_wt,Krvný obr._DIFF_5pop: Šírka dist.kriv._RBC,787,14.8,13.5,16.6,15.315,2.296
HFE_overall,any_het,Krvný obr._DIFF_5pop: Šírka dist.kriv._RBC,461,14.4,13.4,15.9,15.069,2.412
HFE_overall,any_hom,Krvný obr._DIFF_5pop: Šírka dist.kriv._RBC,49,13.1,12.8,13.4,13.527,1.449
HFE_overall,all_wt,Krvný obr._DIFF_5pop: Neutrofily_%,785,68.1,58.9,76.7,67.922,13.035
HFE_overall,any_het,Krvný obr._DIFF_5pop: Neutrofily_%,461,68.1,59.5,77.5,68.51,12.31
HFE_overall,any_hom,Krvný obr._DIFF_5pop: Neutrofily_%,49,64.2,56.6,72.1,63.847,12.1
HFE_overall,all_wt,Krvný obr._DIFF_5pop: Neutrofily_#,785,4.5,3.21,7.13,5.888,4.317
HFE_overall,any_het,Krvný obr._DIFF_5pop: Neutrofily_#,461,4.69,3.27,6.92,6.228,5.372
HFE_overall,any_hom,Krvný obr._DIFF_5pop: Neutrofily_#,49,4.2,3.1,6.07,4.651,2.314
HFE_overall,all_wt,Krvný obr._DIFF_5pop: Stredný objem_PLT,760,11.0,10.2,11.8,11.0,1.286
HFE_overall,any_het,Krvný obr._DIFF_5pop: Stredný objem_PLT,455,10.7,10.1,11.4,10.791,1.082
HFE_overall,any_hom,Krvný obr._DIFF_5pop: Stredný objem_PLT,49,10.6,10.1,11.2,10.682,0.83
HFE_overall,all_wt,Bielkoviny_S,1136,69.5,61.675,75.3,68.44,9.795
HFE_overall,any_het,Bielkoviny_S,586,69.8,63.1,75.2,68.749,9.051
HFE_overall,any_hom,Bielkoviny_S,44,73.4,70.175,77.225,73.009,6.399
HFE_overall,all_wt,Bili-celkový_S,1795,26.8,12.15,87.1,77.23,113.666
HFE_overall,any_het,Bili-celkový_S,922,23.2,11.5,61.2,68.152,115.192
HFE_overall,any_hom,Bili-celkový_S,85,10.4,8.2,17.1,13.269,8.195
HFE_overall,all_wt,Bili-priamy_S,1777,12.7,3.9,59.9,55.088,91.398
HFE_overall,any_het,Bili-priamy_S,910,8.95,3.5,36.9,48.354,97.831
HFE_overall,any_hom,Bili-priamy_S,85,3.4,2.5,5.8,5.668,5.955
HFE_overall,all_wt,Krvný obraz: Hemoglobín_HGB,1269,114.0,96.0,133.0,114.935,23.5
HFE_overall,any_het,Krvný obraz: Hemoglobín_HGB,635,117.0,98.0,138.0,118.176,24.672
HFE_overall,any_hom,Krvný obraz: Hemoglobín_HGB,44,136.5,125.0,148.75,137.023,18.703
HFE_overall,all_wt,Krvný obraz: Stredný objem_RBC,1269,93.7,88.8,101.0,95.277,9.897
HFE_overall,any_het,Krvný obraz: Stredný objem_RBC,635,94.9,90.85,100.0,95.643,8.455
HFE_overall,any_hom,Krvný obraz: Stredný objem_RBC,44,94.2,91.9,97.525,95.311,5.183
HFE_overall,all_wt,Krvný obraz: Stredná konc._ HGB,1269,31.2,29.4,33.7,31.575,3.767
HFE_overall,any_het,Krvný obraz: Stredná konc._ HGB,635,31.7,30.1,33.8,31.937,3.359
HFE_overall,any_hom,Krvný obraz: Stredná konc._ HGB,44,31.55,30.375,32.425,31.652,2.025
HFE_overall,all_wt,Krvný obraz: Leukocyty_WBC,1269,7.3,5.6,10.0,8.274,4.045
HFE_overall,any_het,Krvný obraz: Leukocyty_WBC,635,6.9,5.1,9.55,8.037,5.792
HFE_overall,any_hom,Krvný obraz: Leukocyty_WBC,44,8.65,6.35,17.325,11.361,6.22
HFE_overall,all_wt,Krvný obraz: Trombocyty_PLT,1269,177.0,119.0,260.0,195.942,107.661
HFE_overall,any_het,Krvný obraz: Trombocyty_PLT,635,167.0,101.0,232.5,179.51,104.778
HFE_overall,any_hom,Krvný obraz: Trombocyty_PLT,44,234.5,202.75,317.25,287.0,139.864
HFE_overall,all_wt,Krvný obraz: Erytrocyty_RBC,1269,3.66,3.04,4.32,3.686,0.829
HFE_overall,any_het,Krvný obraz: Erytrocyty_RBC,635,3.76,3.04,4.41,3.738,0.851
HFE_overall,any_hom,Krvný obraz: Erytrocyty_RBC,44,4.34,3.912,4.612,4.336,0.573
HFE_overall,all_wt,Krvný obraz: Hematokrit_HCT,1269,0.347,0.295,0.397,0.347,0.067
HFE_overall,any_het,Krvný obraz: Hematokrit_HCT,635,0.353,0.302,0.408,0.354,0.069
HFE_overall,any_hom,Krvný obraz: Hematokrit_HCT,44,0.404,0.384,0.424,0.412,0.046
HFE_overall,all_wt,Krvný obraz: Stred. far.konc._HGB,1269,332.0,322.0,341.0,331.125,15.502
HFE_overall,any_het,Krvný obraz: Stred. far.konc._HGB,635,335.0,324.0,344.0,333.698,15.845
HFE_overall,any_hom,Krvný obraz: Stred. far.konc._HGB,44,335.0,325.75,340.0,332.273,14.49
HFE_overall,all_wt,Krvný obraz: Šírka dist.kriv._RBC,1267,15.3,13.8,16.95,15.681,2.378
HFE_overall,any_het,Krvný obraz: Šírka dist.kriv._RBC,628,15.0,13.5,17.1,15.702,2.903
HFE_overall,any_hom,Krvný obraz: Šírka dist.kriv._RBC,44,13.2,12.975,13.6,13.632,1.256
HFE_overall,all_wt,Krvný obraz: Stredný objem_PLT,1180,11.0,10.4,11.8,11.109,1.041
HFE_overall,any_het,Krvný obraz: Stredný objem_PLT,613,10.8,10.3,11.5,10.931,0.984
HFE_overall,any_hom,Krvný obraz: Stredný objem_PLT,44,10.4,9.9,10.7,10.389,0.625
HFE_overall,all_wt,Quickov test: PT_%,1335,73.0,52.4,95.05,74.212,26.702
HFE_overall,any_het,Quickov test: PT_%,678,72.95,55.65,95.925,75.563,27.515
HFE_overall,any_hom,Quickov test: PT_%,49,76.4,57.8,96.6,73.082,29.025
HFE_overall,all_wt,Quickov test: PT_INR,1335,1.17,1.025,1.42,1.275,0.374
HFE_overall,any_het,Quickov test: PT_INR,678,1.17,1.02,1.378,1.274,0.433
HFE_overall,any_hom,Quickov test: PT_INR,49,1.14,1.02,1.36,1.36,0.574
HFE_overall,all_wt,APTT: APTT_sekundy,1306,29.5,26.1,33.5,30.406,7.075
HFE_overall,any_het,APTT: APTT_sekundy,663,29.7,26.3,34.5,31.235,8.573
HFE_overall,any_hom,APTT: APTT_sekundy,38,28.4,25.575,30.85,28.545,4.298
HFE_overall,all_wt,APTT: APTT_ratio,1306,1.08,0.97,1.22,1.115,0.252
HFE_overall,any_het,APTT: APTT_ratio,662,1.09,0.98,1.27,1.148,0.233
HFE_overall,any_hom,APTT: APTT_ratio,38,1.005,0.952,1.088,1.041,0.14
HFE_overall,all_wt,Fibrinogén,1277,2.8,1.98,3.85,3.095,1.514
HFE_overall,any_het,Fibrinogén,657,2.83,2.04,3.71,3.089,1.491
HFE_overall,any_hom,Fibrinogén,38,3.515,2.975,4.192,3.645,0.864
HFE_overall,all_wt,Kalcium-S,702,2.135,2.01,2.278,2.131,0.205
HFE_overall,any_het,Kalcium-S,329,2.16,2.02,2.27,2.153,0.198
HFE_overall,any_hom,Kalcium-S,35,2.24,2.15,2.42,2.261,0.164
HFE_overall,all_wt,Amyláza_S,647,0.77,0.54,1.11,1.389,3.564
HFE_overall,any_het,Amyláza_S,314,0.93,0.643,1.378,1.13,0.868
HFE_overall,any_hom,Amyláza_S,50,1.41,0.755,3.528,2.991,4.509
HFE_overall,all_wt,CK-celková_S,372,1.435,0.75,2.735,2.899,5.457
HFE_overall,any_het,CK-celková_S,193,1.52,0.83,2.71,7.122,36.228
HFE_overall,any_hom,CK-celková_S,21,1.7,1.3,4.18,45.499,104.308
HFE_overall,all_wt,Moč chemicky _ úplne: pH,377,6.0,5.0,6.0,5.785,0.834
HFE_overall,any_het,Moč chemicky _ úplne: pH,212,5.5,5.0,6.0,5.712,0.847
HFE_overall,any_hom,Moč chemicky _ úplne: pH,7,5.0,5.0,6.0,5.429,0.535
HFE_overall,all_wt,Moč chemicky _ úplne: Bielkoviny,377,0.3,0.0,0.3,0.284,0.557
HFE_overall,any_het,Moč chemicky _ úplne: Bielkoviny,212,0.3,0.0,0.3,0.307,0.626
HFE_overall,any_hom,Moč chemicky _ úplne: Bielkoviny,7,0.3,0.15,0.3,0.314,0.334
HFE_overall,all_wt,Moč chemicky _ úplne: Ketolátky,373,0.0,0.0,0.0,0.921,3.042
HFE_overall,any_het,Moč chemicky _ úplne: Ketolátky,212,0.0,0.0,0.0,0.384,1.861
HFE_overall,any_hom,Moč chemicky _ úplne: Ketolátky,7,0.0,0.0,0.0,0.071,0.189
HFE_overall,all_wt,LD_S,214,3.725,3.06,5.81,5.53,7.584
HFE_overall,any_het,LD_S,98,3.795,3.035,5.32,5.006,4.491
HFE_overall,any_hom,LD_S,17,3.06,2.66,3.54,3.131,0.57
HFE_overall,all_wt,Reumat. faktor_S,123,10.0,9.0,10.0,15.297,41.623
HFE_overall,any_het,Reumat. faktor_S,51,10.0,10.0,10.0,14.09,20.521
HFE_overall,all_wt,IgA_S,304,2.835,2.168,4.52,3.734,2.759
HFE_overall,any_het,IgA_S,141,2.64,1.73,4.83,3.628,2.717
HFE_overall,any_hom,IgA_S,10,1.295,1.03,2.035,1.726,1.202
HFE_overall,all_wt,IgG_S,314,11.6,9.502,14.875,13.076,5.641
HFE_overall,any_het,IgG_S,149,11.4,9.27,14.3,12.413,4.65
HFE_overall,any_hom,IgG_S,15,12.24,10.515,16.645,14.831,6.649
HFE_overall,all_wt,IgM_S,311,1.1,0.77,1.7,1.456,1.475
HFE_overall,any_het,IgM_S,150,1.225,0.752,1.725,1.446,1.139
HFE_overall,any_hom,IgM_S,13,0.55,0.38,1.22,1.408,1.834
HFE_overall,all_wt,ELFO_S: alfa1_globulín,310,2.495,2.082,3.11,2.628,0.866
HFE_overall,any_het,ELFO_S: alfa1_globulín,158,2.48,2.172,3.078,2.679,0.847
HFE_overall,any_hom,ELFO_S: alfa1_globulín,13,2.21,2.01,2.5,2.351,0.535
HFE_overall,all_wt,ELFO_S: alfa2_globulín,310,6.615,5.322,7.912,6.737,1.981
HFE_overall,any_het,ELFO_S: alfa2_globulín,158,6.435,5.45,7.835,6.695,1.898
HFE_overall,any_hom,ELFO_S: alfa2_globulín,13,6.47,5.82,7.51,6.749,1.192
HFE_overall,all_wt,ELFO_S: Albumín,310,37.56,31.158,42.25,36.493,7.281
HFE_overall,any_het,ELFO_S: Albumín,158,36.94,31.143,42.51,36.445,7.35
HFE_overall,any_hom,ELFO_S: Albumín,13,38.69,37.04,44.26,40.618,3.929
HFE_overall,all_wt,ELFO_S: gama_globulín,306,12.5,10.122,17.45,14.811,7.436
HFE_overall,any_het,ELFO_S: gama_globulín,157,12.6,10.07,17.46,14.556,6.621
HFE_overall,any_hom,ELFO_S: gama_globulín,13,8.63,4.24,16.13,10.432,6.737
HFE_overall,all_wt,"ELFO_S: beta1,2_globulín",305,8.97,7.52,10.38,9.134,2.658
HFE_overall,any_het,"ELFO_S: beta1,2_globulín",156,8.69,7.547,10.318,9.039,2.871
HFE_overall,any_hom,"ELFO_S: beta1,2_globulín",13,7.01,6.5,8.93,8.056,2.376
HFE_overall,all_wt,Kys. močová_S,199,315.0,253.5,391.0,326.035,122.708
HFE_overall,any_het,Kys. močová_S,126,289.0,240.0,419.5,326.579,129.925
HFE_overall,any_hom,Kys. močová_S,18,349.0,274.0,377.25,321.0,105.483
HFE_overall,all_wt,ASLO_S,112,82.5,33.25,161.25,140.875,204.426
HFE_overall,any_het,ASLO_S,41,54.0,25.0,88.0,120.024,281.594
HFE_overall,all_wt,Železo_S,415,17.0,10.6,24.45,18.625,10.925
HFE_overall,any_het,Železo_S,229,18.5,10.8,25.6,19.656,11.25
HFE_overall,any_hom,Železo_S,22,28.3,22.5,38.9,29.882,12.507
HFE_overall,all_wt,Močový sediment: Leukocyty,284,2026.0,29.5,2026.0,1278.683,969.919
HFE_overall,any_het,Močový sediment: Leukocyty,148,2026.0,19.5,2026.0,1145.939,997.273
HFE_overall,any_hom,Močový sediment: Leukocyty,5,2015.0,100.0,2026.0,1239.4,1072.371
HFE_overall,all_wt,Feritin_S,405,227.18,79.3,496.64,598.976,2154.172
HFE_overall,any_het,Feritin_S,223,247.54,69.43,616.96,808.191,2093.412
HFE_overall,any_hom,Feritin_S,26,471.93,108.79,1065.99,857.65,1057.777
HFE_overall,all_wt,Horčík-S,289,0.84,0.72,0.93,0.827,0.156
HFE_overall,any_het,Horčík-S,128,0.81,0.73,0.89,0.811,0.141
HFE_overall,any_hom,Horčík-S,7,0.84,0.72,0.86,0.797,0.145
HFE_overall,all_wt,C4_S,137,0.22,0.16,0.31,0.235,0.102
HFE_overall,any_het,C4_S,61,0.21,0.16,0.27,0.223,0.099
HFE_overall,all_wt,C3_S,136,1.08,0.87,1.36,1.143,0.429
HFE_overall,any_het,C3_S,61,1.12,0.86,1.26,1.121,0.437
HFE_overall,all_wt,Prokalcitonín_S,292,0.332,0.131,0.718,1.181,3.545
HFE_overall,any_het,Prokalcitonín_S,152,0.243,0.083,0.704,1.931,8.466
HFE_overall,any_hom,Prokalcitonín_S,13,0.041,0.02,0.059,0.096,0.129
HFE_overall,all_wt,Cholest-celk._S,297,4.69,3.49,5.67,4.647,1.617
HFE_overall,any_het,Cholest-celk._S,169,4.88,3.7,5.92,5.356,3.493
HFE_overall,any_hom,Cholest-celk._S,8,3.885,2.9,4.862,3.911,1.046
HFE_overall,all_wt,TSH_S,219,1.99,1.173,3.428,3.228,5.529
HFE_overall,any_het,TSH_S,112,1.854,1.334,3.359,2.846,3.091
HFE_overall,any_hom,TSH_S,16,2.625,1.816,3.767,3.786,3.408
HFE_overall,all_wt,Triacylglyceroly_S,276,1.595,1.108,2.66,2.358,2.338
HFE_overall,any_het,Triacylglyceroly_S,156,1.69,1.16,2.41,4.069,13.875
HFE_overall,any_hom,Triacylglyceroly_S,7,1.13,0.83,1.31,1.061,0.308
HFE_overall,all_wt,Fosfor_S,218,1.12,0.893,1.328,1.144,0.432
HFE_overall,any_het,Fosfor_S,94,1.01,0.86,1.178,1.031,0.351
HFE_overall,any_hom,Fosfor_S,6,1.125,0.975,1.2,1.085,0.138
HFE_overall,all_wt,TPMT  Genotyp,35,1.0,1.0,1.0,1.0,0.0
HFE_overall,any_het,TPMT  Genotyp,17,1.0,1.0,1.0,1.0,0.0
HFE_overall,all_wt,Močový sediment: Erytrocyty,196,2026.0,30.0,2026.0,1250.122,977.075
HFE_overall,any_het,Močový sediment: Erytrocyty,96,2026.0,3.5,2026.0,1127.167,1003.35
HFE_overall,all_wt,Cholest-HDL_S,234,1.165,0.862,1.465,1.178,0.524
HFE_overall,any_het,Cholest-HDL_S,134,1.185,0.935,1.458,1.18,0.469
HFE_overall,any_hom,Cholest-HDL_S,7,1.35,0.89,1.66,1.529,1.026
HFE_overall,all_wt,CK-MB_S,255,0.376,0.258,0.563,0.484,0.376
HFE_overall,any_het,CK-MB_S,133,0.376,0.266,0.609,0.624,0.658
HFE_overall,any_hom,CK-MB_S,14,0.346,0.275,0.853,0.681,0.691
HFE_overall,all_wt,Transferín_S,330,2.4,1.7,2.9,2.295,0.83
HFE_overall,any_het,Transferín_S,167,2.4,1.7,2.8,2.258,0.796
HFE_overall,any_hom,Transferín_S,12,2.45,2.3,2.675,2.508,0.446
HFE_overall,all_wt,Amoniak_B,533,60.0,45.0,83.0,66.852,31.829
HFE_overall,any_het,Amoniak_B,245,58.0,41.0,77.0,63.212,29.103
HFE_overall,all_wt,Cholest-LDL_S,244,2.835,2.045,3.67,2.946,1.238
HFE_overall,any_het,Cholest-LDL_S,131,2.92,2.255,3.825,3.236,1.68
HFE_overall,any_hom,Cholest-LDL_S,7,2.55,1.815,2.82,2.246,0.773
HFE_overall,all_wt,T4f_S,105,14.7,13.3,17.1,15.702,4.623
HFE_overall,any_het,T4f_S,57,15.1,11.8,18.4,15.349,3.992
HFE_overall,any_hom,T4f_S,5,13.1,12.7,13.2,13.18,0.676
HFE_overall,all_wt,Vitamin D total,22,18.65,11.6,23.425,18.291,8.123
HFE_overall,all_wt,Saturácia Trf,273,32.409,19.767,48.755,38.065,24.558
HFE_overall,any_het,Saturácia Trf,147,31.309,19.944,51.434,38.865,24.787
HFE_overall,any_hom,Saturácia Trf,10,33.788,25.323,47.757,38.978,18.525
HFE_overall,all_wt,Moč chemický A: pH,40,5.5,5.0,6.0,5.512,0.513
HFE_overall,any_het,Moč chemický A: pH,28,6.0,5.5,7.0,6.321,1.188
HFE_overall,all_wt,Močový sediment A: Epitélie,40,0.0,0.0,2.5,4.975,18.477
HFE_overall,any_het,Močový sediment A: Epitélie,28,1.0,0.0,3.0,6.25,14.057
HFE_overall,all_wt,Moč chemický A: UBG,40,16.0,3.2,16.0,17.905,27.639
HFE_overall,any_het,Moč chemický A: UBG,27,16.0,3.2,16.0,14.689,12.486
HFE_overall,all_wt,Močový sediment A: Spermie,40,0.0,0.0,0.0,0.0,0.0
HFE_overall,any_het,Močový sediment A: Spermie,28,0.0,0.0,0.0,0.0,0.0
HFE_overall,all_wt,Moč chemický A: Špec. hmotnosť,40,1.018,1.013,1.022,1.019,0.009
HFE_overall,any_het,Moč chemický A: Špec. hmotnosť,27,1.016,1.012,1.024,1.018,0.01
HFE_overall,all_wt,Močový sediment A: Hlienové vlákna,40,36.5,4.75,237.5,145.475,206.971
HFE_overall,any_het,Močový sediment A: Hlienové vlákna,28,61.0,8.5,99.5,76.5,102.65
HFE_overall,all_wt,Vitamín B12,193,709.0,365.0,1057.0,853.145,645.823
HFE_overall,any_het,Vitamín B12,96,663.5,424.25,1237.25,926.438,714.794
HFE_overall,any_hom,Vitamín B12,8,389.5,303.75,441.0,460.625,272.572
HFE_overall,all_wt,Močový sediment A: Hyalínové valce,40,0.0,0.0,0.0,0.0,0.0
HFE_overall,any_het,Močový sediment A: Hyalínové valce,28,0.0,0.0,0.0,0.0,0.0
HFE_overall,all_wt,Močový sediment A: Kvasinky,40,0.0,0.0,0.0,0.05,0.316
HFE_overall,any_het,Močový sediment A: Kvasinky,28,0.0,0.0,0.0,1.393,6.983
HFE_overall,all_wt,Močový sediment A: Zhluky leukocytov,39,0.0,0.0,1.5,6.564,29.997
HFE_overall,any_het,Močový sediment A: Zhluky leukocytov,28,0.0,0.0,0.0,2.5,8.002
HFE_overall,all_wt,Močový sediment A: Erytrocyty,39,4.0,4.0,9.0,173.41,489.161
HFE_overall,any_het,Močový sediment A: Erytrocyty,28,4.0,4.0,8.0,67.571,254.582
HFE_overall,all_wt,Močový sediment A: Baktérie,38,277.5,130.5,883.75,612.789,729.606
HFE_overall,any_het,Močový sediment A: Baktérie,27,377.0,153.5,899.0,592.333,556.196
HFE_overall,all_wt,ANA,184,0.345,0.25,0.49,0.519,0.837
HFE_overall,any_het,ANA,89,0.31,0.26,0.43,0.435,0.667
HFE_overall,all_wt,Močový sediment A: Leukocyty,37,6.0,3.0,30.0,105.784,248.817
HFE_overall,any_het,Močový sediment A: Leukocyty,28,8.0,3.0,28.5,38.0,76.629
HFE_overall,all_wt,Močový sediment A: Kryštály,38,0.0,0.0,0.75,25.947,147.78
HFE_overall,any_het,Močový sediment A: Kryštály,28,0.0,0.0,0.0,2.0,7.968
HFE_overall,all_wt,Foláty,191,6.5,3.6,11.0,8.091,5.585
HFE_overall,any_het,Foláty,94,5.15,3.125,8.3,7.0,5.661
HFE_overall,any_hom,Foláty,8,11.75,9.825,20.725,13.988,7.539
HFE_overall,all_wt,T3f_S,54,3.5,2.925,4.5,3.735,1.351
HFE_overall,any_het,T3f_S,33,3.7,3.1,4.4,3.673,1.042
HFE_overall,all_wt,Ceruloplazmín,276,0.25,0.21,0.31,0.27,0.082
HFE_overall,any_het,Ceruloplazmín,134,0.24,0.21,0.28,0.256,0.077
HFE_overall,all_wt,Lipáza_S,150,3.09,0.802,9.838,15.341,51.583
HFE_overall,any_het,Lipáza_S,71,1.77,0.99,3.58,4.267,7.279
HFE_overall,any_hom,Lipáza_S,12,0.74,0.408,7.34,4.523,5.799
HFE_overall,all_wt,Imunoblot ANA: AMA-M2,126,0.0,0.0,0.0,0.036,0.135
HFE_overall,any_het,Imunoblot ANA: AMA-M2,55,0.0,0.0,0.0,0.045,0.133
HFE_overall,all_wt,Imunoblot ANA: U1-sn RNP,126,0.0,0.0,0.0,0.098,0.647
HFE_overall,any_het,Imunoblot ANA: U1-sn RNP,55,0.0,0.0,0.0,0.047,0.159
HFE_overall,all_wt,alfa1 AT_S,181,1.47,1.26,1.75,1.545,0.442
HFE_overall,any_het,alfa1 AT_S,79,1.39,1.235,1.76,1.553,0.468
HFE_overall,all_wt,Imunoblot ANA: CENP-B,126,0.0,0.0,0.0,0.03,0.183
HFE_overall,any_het,Imunoblot ANA: CENP-B,55,0.0,0.0,0.0,0.006,0.043
HFE_overall,all_wt,Imunoblot ANA: Scl-70,126,0.0,0.0,0.0,0.035,0.24
HFE_overall,any_het,Imunoblot ANA: Scl-70,55,0.0,0.0,0.0,0.02,0.124
HFE_overall,all_wt,Imunoblot ANA: Mi-2,126,0.0,0.0,0.0,0.022,0.099
HFE_overall,any_het,Imunoblot ANA: Mi-2,55,0.0,0.0,0.0,0.007,0.049
HFE_overall,all_wt,Imunoblot ANA: Ku,126,0.0,0.0,0.0,0.032,0.181
HFE_overall,any_het,Imunoblot ANA: Ku,55,0.0,0.0,0.0,0.009,0.045
HFE_overall,all_wt,Imunoblot ANA: dsDNA,126,0.0,0.0,0.238,0.149,0.256
HFE_overall,any_het,Imunoblot ANA: dsDNA,55,0.0,0.0,0.355,0.269,0.539
HFE_overall,all_wt,Imunoblot ANA: Histones,126,0.0,0.0,0.0,0.065,0.177
HFE_overall,any_het,Imunoblot ANA: Histones,55,0.0,0.0,0.0,0.077,0.228
HFE_overall,all_wt,Imunoblot ANA: Nucleosomes,126,0.0,0.0,0.0,0.032,0.178
HFE_overall,any_het,Imunoblot ANA: Nucleosomes,55,0.0,0.0,0.0,0.07,0.388
HFE_overall,all_wt,Imunoblot ANA: PM-Scl,126,0.0,0.0,0.0,0.054,0.242
HFE_overall,any_het,Imunoblot ANA: PM-Scl,55,0.0,0.0,0.0,0.036,0.195
HFE_overall,all_wt,Imunoblot ANA: Jo-1,126,0.0,0.0,0.0,0.052,0.553
HFE_overall,any_het,Imunoblot ANA: Jo-1,55,0.0,0.0,0.0,0.022,0.084
HFE_overall,all_wt,Imunoblot ANA: SS-A/Ro52kD,126,0.0,0.0,0.0,0.104,0.505
HFE_overall,any_het,Imunoblot ANA: SS-A/Ro52kD,55,0.0,0.0,0.0,0.058,0.299
HFE_overall,all_wt,Imunoblot ANA: SS-A/Ro60kD,126,0.0,0.0,0.0,0.076,0.562
HFE_overall,any_het,Imunoblot ANA: SS-A/Ro60kD,55,0.0,0.0,0.0,0.037,0.208
HFE_overall,all_wt,Imunoblot ANA: Rib-PO,126,0.0,0.0,0.0,0.082,0.286
HFE_overall,any_het,Imunoblot ANA: Rib-PO,55,0.0,0.0,0.0,0.055,0.202
HFE_overall,all_wt,Imunoblot ANA: PCNA,126,0.0,0.0,0.0,0.048,0.217
HFE_overall,any_het,Imunoblot ANA: PCNA,55,0.0,0.0,0.0,0.008,0.04
HFE_overall,all_wt,Imunoblot ANA: SmD1,125,0.0,0.0,0.0,0.011,0.074
HFE_overall,any_het,Imunoblot ANA: SmD1,55,0.0,0.0,0.0,0.012,0.062
HFE_overall,all_wt,Imunoblot ANA: SS-B/La,122,0.0,0.0,0.0,0.133,0.669
HFE_overall,any_het,Imunoblot ANA: SS-B/La,55,0.0,0.0,0.0,0.046,0.116
HFE_overall,all_wt,p-ANCA,82,1.29,0.632,2.19,1.694,1.602
HFE_overall,any_het,p-ANCA,32,1.08,0.72,2.248,1.595,1.523
HFE_overall,all_wt,c-ANCA,80,1.345,0.688,2.325,2.309,3.37
HFE_overall,any_het,c-ANCA,32,1.41,0.535,2.225,2.141,2.458
HFE_overall,all_wt,Troponín T hs,99,8.0,0.08,28.5,23.204,45.129
HFE_overall,any_het,Troponín T hs,68,8.0,0.026,26.75,101.808,619.904
HFE_overall,any_hom,Troponín T hs,15,10.0,8.0,136.5,80.743,105.963
HFE_overall,all_wt,Interleukín -6,78,29.55,9.55,81.85,1055.263,5899.936
HFE_overall,any_het,Interleukín -6,29,26.2,10.1,81.5,99.555,189.018
HFE_overall,any_hom,Interleukín -6,6,1.75,1.55,1.95,1.95,0.641
HFE_overall,all_wt,Kalcium ionizované_S,108,1.05,0.938,1.141,1.001,0.237
HFE_overall,any_het,Kalcium ionizované_S,25,1.14,1.11,1.224,1.169,0.135
HFE_overall,all_wt,D_dimer INOV,55,1000.0,520.0,4290.0,4076.182,8194.668
HFE_overall,any_het,D_dimer INOV,29,3470.0,270.0,9190.0,5589.31,6159.04
HFE_overall,any_hom,D_dimer INOV,6,190.0,190.0,205.0,190.0,51.769
HFE_overall,all_wt,T Ly_CD3+,37,80.0,71.0,83.0,76.676,10.22
HFE_overall,any_het,T Ly_CD3+,14,77.5,75.0,80.0,76.214,8.145
HFE_overall,all_wt,Ak.TLyCD3+HLADR+_ap,37,159.0,113.0,243.0,250.919,277.777
HFE_overall,any_het,Ak.TLyCD3+HLADR+_ap,14,143.5,112.75,167.5,139.571,47.898
HFE_overall,all_wt,Lymfocyty,37,27.0,17.0,33.0,25.378,11.875
HFE_overall,any_het,Lymfocyty,14,23.5,18.5,27.5,22.5,6.501
HFE_overall,all_wt,Leukocyty,37,6.9,5.0,8.2,7.186,3.851
HFE_overall,any_het,Leukocyty,14,5.75,4.2,7.0,7.243,5.796
HFE_overall,all_wt,Aktiv.TLy_CD3+HLADR+,37,12.0,9.0,18.0,13.649,6.949
HFE_overall,any_het,Aktiv.TLy_CD3+HLADR+,14,9.5,7.0,12.75,11.143,6.062
HFE_overall,all_wt,T Ly_CD3+_ a.p.,37,1302.0,830.0,1668.0,1320.432,863.915
HFE_overall,any_het,T Ly_CD3+_ a.p.,14,1083.0,898.0,1238.0,1046.857,348.93
HFE_overall,all_wt,Pomoc.TLy_CD4+_a.p,37,743.0,494.0,1101.0,813.676,472.469
HFE_overall,any_het,Pomoc.TLy_CD4+_a.p,13,733.0,605.0,899.0,718.462,286.212
HFE_overall,all_wt,Pomoc.TLy_CD4+,37,50.0,44.0,59.0,49.054,12.671
HFE_overall,any_het,Pomoc.TLy_CD4+,13,52.0,48.0,59.0,49.538,14.892
HFE_overall,all_wt,B Ly _CD19+_ a.p.,37,138.0,66.0,177.0,143.027,101.91
HFE_overall,any_het,B Ly _CD19+_ a.p.,13,109.0,77.0,181.0,122.615,60.646
HFE_overall,all_wt,NKbb._CD16+CD56+_ap,37,156.0,77.0,238.0,202.622,187.272
HFE_overall,any_het,NKbb._CD16+CD56+_ap,13,213.0,113.0,224.0,180.308,69.09
HFE_overall,all_wt,NKbb._ CD16+CD56+,37,11.0,7.0,14.0,12.054,7.168
HFE_overall,any_het,NKbb._ CD16+CD56+,13,13.0,11.0,16.0,14.385,8.94
HFE_overall,all_wt,Cyt.TLy_CD8+,37,23.0,18.0,31.0,24.838,9.296
HFE_overall,any_het,Cyt.TLy_CD8+,13,23.0,22.0,26.0,24.308,8.38
HFE_overall,all_wt,B Ly_ CD19+,37,9.0,6.0,11.0,9.676,6.663
HFE_overall,any_het,B Ly_ CD19+,13,9.0,6.0,12.0,8.615,3.429
HFE_overall,all_wt,Imunoreg.index_IRI,37,2.1,1.4,3.1,2.359,1.244
HFE_overall,any_het,Imunoreg.index_IRI,13,2.2,1.9,2.5,2.346,1.099
HFE_overall,all_wt,Cyt.TLy_CD8+_a.p,37,360.0,188.0,510.0,457.919,499.974
HFE_overall,any_het,Cyt.TLy_CD8+_a.p,13,302.0,231.0,393.0,320.231,99.183
HFE_overall,all_wt,Žlčové kyseliny,11,6.0,4.2,80.1,64.864,109.637
HFE_overall,all_wt,anti TPO_S,35,41.55,28.0,199.65,286.895,480.138
HFE_overall,any_het,anti TPO_S,8,28.0,16.415,38.45,184.868,450.749
HFE_overall,all_wt,Krvný obr._DIFF_RET: Bazofily_#,103,0.01,0.01,0.03,0.03,0.047
HFE_overall,any_het,Krvný obr._DIFF_RET: Bazofily_#,40,0.01,0.008,0.022,0.018,0.021
HFE_overall,any_hom,Krvný obr._DIFF_RET: Bazofily_#,5,0.01,0.01,0.01,0.014,0.009
HFE_overall,all_wt,Krvný obr._DIFF_RET: Stredná konc._HGB,103,30.7,29.1,33.85,31.799,3.979
HFE_overall,any_het,Krvný obr._DIFF_RET: Stredná konc._HGB,40,30.45,27.95,33.05,30.25,4.514
HFE_overall,any_hom,Krvný obr._DIFF_RET: Stredná konc._HGB,5,30.7,30.3,33.9,32.4,2.943
HFE_overall,all_wt,Krvný obr._DIFF_RET: Stred. far.konc._HGB,103,336.0,324.0,348.5,335.165,18.901
HFE_overall,any_het,Krvný obr._DIFF_RET: Stred. far.konc._HGB,40,323.5,318.75,337.0,327.225,16.551
HFE_overall,any_hom,Krvný obr._DIFF_RET: Stred. far.konc._HGB,5,328.0,324.0,337.0,328.6,9.209
HFE_overall,all_wt,Krvný obr._DIFF_RET: Stredný objem_RBC,103,92.2,87.35,98.5,94.842,10.441
HFE_overall,any_het,Krvný obr._DIFF_RET: Stredný objem_RBC,40,93.4,87.0,99.225,92.225,11.757
HFE_overall,any_hom,Krvný obr._DIFF_RET: Stredný objem_RBC,5,93.6,89.7,107.2,98.74,11.055
HFE_overall,all_wt,Krvný obr._DIFF_RET: Trombocyty_PLT,103,199.0,121.0,281.5,205.155,122.261
HFE_overall,any_het,Krvný obr._DIFF_RET: Trombocyty_PLT,40,192.5,112.75,243.75,206.0,150.324
HFE_overall,any_hom,Krvný obr._DIFF_RET: Trombocyty_PLT,5,234.0,214.0,270.0,250.8,113.213
HFE_overall,all_wt,Krvný obr._DIFF_RET: Retikulocyty_#,103,50.0,35.3,73.25,65.379,54.155
HFE_overall,any_het,Krvný obr._DIFF_RET: Retikulocyty_#,40,51.25,33.95,76.15,63.938,48.864
HFE_overall,any_hom,Krvný obr._DIFF_RET: Retikulocyty_#,5,44.2,44.1,50.2,45.38,6.266
HFE_overall,all_wt,Krvný obr._DIFF_RET: Erytrocyty_RBC,103,3.82,3.155,4.385,3.75,0.897
HFE_overall,any_het,Krvný obr._DIFF_RET: Erytrocyty_RBC,40,3.925,3.445,4.6,4.111,0.944
HFE_overall,any_hom,Krvný obr._DIFF_RET: Erytrocyty_RBC,5,4.46,3.09,4.64,3.992,0.913
HFE_overall,all_wt,Krvný obr._DIFF_RET: Leukocyty_WBC,103,6.5,4.9,8.65,7.855,5.014
HFE_overall,any_het,Krvný obr._DIFF_RET: Leukocyty_WBC,40,5.9,4.6,7.325,6.905,4.472
HFE_overall,any_hom,Krvný obr._DIFF_RET: Leukocyty_WBC,5,7.9,6.1,8.7,7.38,2.66
HFE_overall,all_wt,Krvný obr._DIFF_RET: Retikulocyty_%,103,1.3,0.9,2.2,2.063,2.604
HFE_overall,any_het,Krvný obr._DIFF_RET: Retikulocyty_%,40,1.2,0.775,1.825,1.65,1.421
HFE_overall,any_hom,Krvný obr._DIFF_RET: Retikulocyty_%,5,1.0,0.9,1.7,1.22,0.444
HFE_overall,all_wt,Krvný obr._DIFF_RET: Hemoglobín_HGB,103,118.0,103.5,132.0,117.146,23.585
HFE_overall,any_het,Krvný obr._DIFF_RET: Hemoglobín_HGB,40,119.0,109.25,127.5,122.05,24.239
HFE_overall,any_hom,Krvný obr._DIFF_RET: Hemoglobín_HGB,5,135.0,114.0,140.0,127.4,20.428
HFE_overall,all_wt,Krvný obr._DIFF_RET: Bazofily_%,103,0.2,0.1,0.5,0.417,0.532
HFE_overall,any_het,Krvný obr._DIFF_RET: Bazofily_%,40,0.2,0.075,0.325,0.325,0.442
HFE_overall,any_hom,Krvný obr._DIFF_RET: Bazofily_%,5,0.1,0.1,0.2,0.24,0.261
HFE_overall,all_wt,Krvný obr._DIFF_RET: Hematokrit_HCT,103,0.344,0.318,0.396,0.35,0.071
HFE_overall,any_het,Krvný obr._DIFF_RET: Hematokrit_HCT,40,0.362,0.336,0.398,0.372,0.065
HFE_overall,any_hom,Krvný obr._DIFF_RET: Hematokrit_HCT,5,0.399,0.351,0.416,0.387,0.055
HFE_overall,all_wt,ABR_artéria: HCO3_B - akt.,123,21.6,18.1,25.05,21.356,6.003
HFE_overall,any_het,ABR_artéria: HCO3_B - akt.,41,20.6,18.4,23.8,21.18,4.7
HFE_overall,all_wt,ABR_artéria: O2_B sat,123,96.4,89.95,98.7,91.142,12.423
HFE_overall,any_het,ABR_artéria: O2_B sat,41,95.0,88.4,97.1,91.72,9.096
HFE_overall,all_wt,ABR_artéria: pH_B,123,7.377,7.332,7.427,7.357,0.13
HFE_overall,any_het,ABR_artéria: pH_B,41,7.361,7.228,7.45,7.345,0.124
HFE_overall,all_wt,ABR_artéria: HCO3_B -  stand.,123,21.2,18.95,24.6,21.472,5.073
HFE_overall,any_het,ABR_artéria: HCO3_B -  stand.,41,21.8,18.2,23.6,21.115,4.187
HFE_overall,all_wt,ABR_artéria: BB_B,123,43.5,39.3,46.8,42.563,6.959
HFE_overall,any_het,ABR_artéria: BB_B,41,43.5,38.2,45.7,42.159,5.452
HFE_overall,all_wt,ABR_artéria: BE_B,123,-3.6,-6.7,0.4,-3.708,6.852
HFE_overall,any_het,ABR_artéria: BE_B,41,-2.8,-7.6,-0.9,-4.037,5.442
HFE_overall,all_wt,Krvný obr._DIFF_RET: Monocyty_#,103,0.53,0.365,0.74,0.603,0.362
HFE_overall,any_het,Krvný obr._DIFF_RET: Monocyty_#,39,0.52,0.325,0.7,0.522,0.272
HFE_overall,any_hom,Krvný obr._DIFF_RET: Monocyty_#,5,0.56,0.43,0.6,0.498,0.137
HFE_overall,all_wt,Krvný obr._DIFF_RET: Eozinofily_%,103,1.8,0.6,2.9,1.961,1.712
HFE_overall,any_het,Krvný obr._DIFF_RET: Eozinofily_%,39,1.9,1.2,3.85,3.797,5.723
HFE_overall,any_hom,Krvný obr._DIFF_RET: Eozinofily_%,5,0.9,0.6,1.5,1.12,0.672
HFE_overall,all_wt,Krvný obr._DIFF_RET: Lymfocyty_#,103,1.27,0.92,1.745,1.419,0.83
HFE_overall,any_het,Krvný obr._DIFF_RET: Lymfocyty_#,39,1.09,0.765,1.46,1.184,0.525
HFE_overall,any_hom,Krvný obr._DIFF_RET: Lymfocyty_#,5,1.52,1.41,1.62,1.582,0.293
HFE_overall,all_wt,Krvný obr._DIFF_RET: Eozinofily_#,103,0.1,0.04,0.18,0.128,0.125
HFE_overall,any_het,Krvný obr._DIFF_RET: Eozinofily_#,39,0.09,0.07,0.3,0.284,0.643
HFE_overall,any_hom,Krvný obr._DIFF_RET: Eozinofily_#,5,0.09,0.04,0.1,0.084,0.059
HFE_overall,all_wt,Krvný obr._DIFF_RET: Monocyty_%,103,7.7,5.7,10.4,8.648,4.19
HFE_overall,any_het,Krvný obr._DIFF_RET: Monocyty_%,39,8.3,6.05,10.8,8.595,3.395
HFE_overall,any_hom,Krvný obr._DIFF_RET: Monocyty_%,5,7.0,6.4,7.7,6.98,0.968
HFE_overall,all_wt,Krvný obr._DIFF_RET: Lymfocyty_%,103,19.9,14.6,28.1,21.178,10.092
HFE_overall,any_het,Krvný obr._DIFF_RET: Lymfocyty_%,39,20.2,14.5,25.15,20.274,7.7
HFE_overall,any_hom,Krvný obr._DIFF_RET: Lymfocyty_%,5,24.8,15.0,26.0,24.94,12.805
HFE_overall,all_wt,Krvný obr._DIFF_RET: Neutrofily_%,103,68.4,60.9,74.1,67.796,12.415
HFE_overall,any_het,Krvný obr._DIFF_RET: Neutrofily_%,39,66.2,59.4,73.95,67.005,9.769
HFE_overall,any_hom,Krvný obr._DIFF_RET: Neutrofily_%,5,66.5,64.1,78.0,66.72,13.922
HFE_overall,all_wt,ABR_artéria: PO2_B,123,11.35,8.07,17.38,12.869,6.431
HFE_overall,any_het,ABR_artéria: PO2_B,41,9.83,8.31,12.33,10.605,3.718
HFE_overall,all_wt,ABR_artéria: PCO2_B,123,4.91,4.345,5.93,5.069,1.248
HFE_overall,any_het,ABR_artéria: PCO2_B,41,5.33,4.28,5.94,5.353,1.705
HFE_overall,all_wt,Krvný obr._DIFF_RET: Nezrelé formy RET,102,8.45,5.025,15.525,11.503,8.699
HFE_overall,any_het,Krvný obr._DIFF_RET: Nezrelé formy RET,40,6.95,4.675,9.925,8.728,6.891
HFE_overall,any_hom,Krvný obr._DIFF_RET: Nezrelé formy RET,5,3.4,2.6,11.3,7.36,6.583
HFE_overall,all_wt,Krvný obr._DIFF_RET: Neutrofily_#,103,4.11,3.03,6.215,5.668,4.664
HFE_overall,any_het,Krvný obr._DIFF_RET: Neutrofily_#,39,3.8,2.92,4.785,4.416,2.687
HFE_overall,any_hom,Krvný obr._DIFF_RET: Neutrofily_#,5,5.08,4.09,6.78,5.196,2.605
HFE_overall,all_wt,Meď_S,182,17.9,14.5,21.6,18.758,5.582
HFE_overall,any_het,Meď_S,92,17.62,15.038,21.07,18.309,5.111
HFE_overall,all_wt,Krvný obr._DIFF_RET: Šírka dist.kriv._RBC,103,14.5,13.4,16.25,15.149,2.302
HFE_overall,any_het,Krvný obr._DIFF_RET: Šírka dist.kriv._RBC,39,14.9,13.65,17.1,15.477,2.315
HFE_overall,any_hom,Krvný obr._DIFF_RET: Šírka dist.kriv._RBC,5,13.8,13.4,13.9,13.64,0.907
HFE_overall,all_wt,Diff.rozpočet_ WBC: Lymfocyty,6,0.23,0.135,0.302,0.238,0.157
HFE_overall,all_wt,Beta2 mikroglob. _S,84,2.8,2.2,3.8,3.501,2.314
HFE_overall,any_het,Beta2 mikroglob. _S,38,3.5,2.55,5.375,4.153,2.247
HFE_overall,all_wt,Diff.rozpočet_ WBC: Neutrofilné segmenty,7,0.54,0.31,0.695,0.524,0.24
HFE_overall,all_wt,NT-proBNP,80,1336.0,469.0,4690.25,5426.725,11288.417
HFE_overall,any_het,NT-proBNP,62,1023.5,224.0,8076.0,4671.161,6450.508
HFE_overall,any_hom,NT-proBNP,7,10249.0,70.5,22770.0,13316.571,15013.448
HFE_overall,all_wt,CCP,36,1.935,0.908,5.478,3.441,3.646
HFE_overall,any_het,CCP,17,1.6,0.24,3.04,2.005,1.974
HFE_overall,all_wt,Calprotektin,7,317.74,9.47,510.585,298.769,307.683
HFE_overall,all_wt,Diff.rozpočet_ WBC: Monocyty,7,0.06,0.025,0.06,0.044,0.025
HFE_overall,all_wt,Krvný obr._DIFF_RET: Stredný objem_PLT,91,10.9,10.2,11.8,10.974,1.107
HFE_overall,any_het,Krvný obr._DIFF_RET: Stredný objem_PLT,33,11.2,10.5,12.0,11.194,1.052
HFE_overall,any_hom,Krvný obr._DIFF_RET: Stredný objem_PLT,5,10.2,10.1,10.2,10.28,0.356
HFE_overall,all_wt,CVK_S,119,46.8,31.55,61.65,46.879,18.838
HFE_overall,any_het,CVK_S,75,46.3,33.4,59.55,47.281,18.232
HFE_overall,all_wt,NVK_S,115,29.9,9.8,41.7,28.503,19.488
HFE_overall,any_het,NVK_S,74,29.25,13.4,41.75,29.488,18.041
HFE_overall,all_wt,Trombínový čas,101,18.7,16.0,21.2,18.998,3.327
HFE_overall,any_het,Trombínový čas,53,18.3,16.2,21.3,19.526,5.174
HFE_overall,all_wt,ANA  HEp-2,42,6.735,2.05,8.978,14.066,45.735
HFE_overall,any_het,ANA  HEp-2,19,3.77,1.865,6.325,4.207,2.975
HFE_overall,all_wt,dsDNA IgG,41,3.53,1.77,8.35,18.525,55.127
HFE_overall,any_het,dsDNA IgG,18,2.61,1.35,3.73,4.256,6.185
HFE_overall,all_wt,anti- transglut. IgA,6,1.76,0.985,58.658,31.948,48.857
HFE_overall,all_wt,anti TG_S,30,26.0,15.0,185.25,110.833,139.674
HFE_overall,any_het,anti TG_S,8,17.0,15.0,21.5,31.25,38.806
HFE_overall,all_wt,AFP_S,119,3.41,2.33,5.78,164.791,1525.645
HFE_overall,any_het,AFP_S,60,3.655,2.19,6.225,422.487,2366.123
HFE_overall,all_wt,CIK_S,5,68.0,68.0,68.0,63.6,11.589
HFE_overall,all_wt,Etanol v sére,115,0.03,0.03,0.042,0.307,0.786
HFE_overall,any_het,Etanol v sére,72,0.03,0.03,0.077,0.347,0.837
HFE_overall,all_wt,Prealbumín_S,13,0.2,0.09,0.31,0.205,0.13
HFE_overall,any_het,Prealbumín_S,6,0.255,0.158,0.27,0.207,0.095
HFE_overall,all_wt,Cholinesteráza_S,117,121.39,79.18,176.25,132.467,71.48
HFE_overall,any_het,Cholinesteráza_S,53,140.0,97.72,178.79,137.734,59.45
HFE_overall,all_wt,Glykémia_5/4,107,9.3,6.45,14.3,10.858,5.78
HFE_overall,any_het,Glykémia_5/4,41,7.2,5.2,10.6,8.124,3.953
HFE_overall,all_wt,Imunoblot Liver Pro: SLA,102,0.0,0.0,0.0,0.009,0.073
HFE_overall,any_het,Imunoblot Liver Pro: SLA,45,0.0,0.0,0.0,0.096,0.5
HFE_overall,all_wt,Imunoblot Liver Pro: LKM1,102,0.0,0.0,0.0,0.045,0.171
HFE_overall,any_het,Imunoblot Liver Pro: LKM1,45,0.0,0.0,0.0,0.093,0.294
HFE_overall,all_wt,Imunoblot Liver Pro: AMA-M2,102,0.0,0.0,0.0,0.049,0.108
HFE_overall,any_het,Imunoblot Liver Pro: AMA-M2,45,0.0,0.0,0.0,0.088,0.194
HFE_overall,all_wt,Diff.rozpočet_ WBC: Neutrofil.nesegmenty,6,0.055,0.028,0.09,0.058,0.041
HFE_overall,all_wt,Imunoblot Liver Pro: Sp100,102,0.0,0.0,0.0,0.075,0.575
HFE_overall,any_het,Imunoblot Liver Pro: Sp100,45,0.0,0.0,0.0,0.022,0.149
HFE_overall,all_wt,Imunoblot Liver Pro: LC1,102,0.0,0.0,0.0,0.058,0.184
HFE_overall,any_het,Imunoblot Liver Pro: LC1,45,0.0,0.0,0.0,0.067,0.146
HFE_overall,all_wt,Imunoblot Liver Pro: gp210,102,0.0,0.0,0.32,0.241,0.518
HFE_overall,any_het,Imunoblot Liver Pro: gp210,45,0.23,0.0,0.35,0.325,0.637
HFE_overall,all_wt,CEA _S,41,1.905,1.265,4.2,26.922,148.976
HFE_overall,any_het,CEA _S,27,2.183,1.469,5.122,7.396,11.654
HFE_overall,all_wt,AMAM2,88,1.025,0.355,1.848,1.598,2.009
HFE_overall,any_het,AMAM2,40,0.58,0.288,1.545,2.066,4.275
HFE_overall,all_wt,IgE celkové FOOKE,21,22.62,15.11,52.4,92.278,210.267
HFE_overall,any_het,IgE celkové FOOKE,12,23.005,17.222,104.955,142.248,281.243
HFE_overall,all_wt,Močový sediment: Valce,52,1.0,0.0,1.0,1.173,1.723
HFE_overall,any_het,Močový sediment: Valce,32,1.0,0.0,2.25,1.844,3.352
HFE_overall,all_wt,CA 19-9_S,39,7.8,3.03,21.8,287.614,1294.814
HFE_overall,any_het,CA 19-9_S,27,5.8,2.0,28.25,5442.646,26917.231
HFE_overall,all_wt,SLA a LP,81,0.83,0.45,1.37,1.444,2.248
HFE_overall,any_het,SLA a LP,37,0.79,0.59,0.97,4.671,20.594
HFE_overall,all_wt,LKM1,83,0.3,0.095,0.645,0.601,1.135
HFE_overall,any_het,LKM1,37,0.46,0.24,0.8,0.692,0.978
HFE_overall,all_wt,NSE_S,76,13.88,10.86,17.818,15.585,6.98
HFE_overall,any_het,NSE_S,31,15.73,13.47,24.12,18.977,9.606
HFE_overall,all_wt,Osmolalita_S,34,291.0,284.0,299.75,293.676,17.047
HFE_overall,any_het,Osmolalita_S,11,288.0,284.5,294.0,289.091,7.968
HFE_overall,all_wt,HBDH_S,7,4.6,4.0,5.95,6.571,5.613
HFE_overall,any_het,HBDH_S,9,3.5,2.7,7.5,6.533,6.897
HFE_overall,all_wt,Haptoglobín_S,92,1.01,0.428,1.728,1.19,0.988
HFE_overall,any_het,Haptoglobín_S,46,0.69,0.272,1.352,0.961,0.953
HFE_overall,all_wt,Glykémia_5/3,74,8.55,6.3,12.525,9.954,4.983
HFE_overall,any_het,Glykémia_5/3,34,6.7,5.15,8.8,8.05,4.488
HFE_overall,all_wt,Antitrombín III,59,79.0,54.4,100.65,81.271,37.136
HFE_overall,any_het,Antitrombín III,31,62.8,46.85,69.2,63.239,21.926
HFE_overall,all_wt,Proteinúria kvant._U,27,0.129,0.092,0.262,0.345,0.633
HFE_overall,any_het,Proteinúria kvant._U,19,0.279,0.108,0.606,0.48,0.53
HFE_overall,all_wt,Factor V,82,110.1,72.825,164.15,114.838,51.107
HFE_overall,any_het,Factor V,38,78.95,55.65,128.975,91.708,48.926
HFE_overall,all_wt,Kreatinín_U (zbier.),21,5190.0,3750.0,6462.0,5604.205,2828.36
HFE_overall,any_het,Kreatinín_U (zbier.),19,6070.0,3615.0,8875.0,6379.632,3340.301
HFE_overall,all_wt,LC1,70,0.81,0.39,1.36,0.98,0.885
HFE_overall,any_het,LC1,26,0.645,0.512,1.225,0.954,0.731
HFE_overall,all_wt,anti- transglut. IgG,6,5.96,0.668,64.99,30.342,42.378
HFE_overall,all_wt,Amoniak_P,60,60.5,47.75,78.0,61.233,23.525
HFE_overall,any_het,Amoniak_P,55,50.0,37.5,91.0,70.891,55.292
HFE_overall,all_wt,Tub. resorbcia,19,97.45,96.885,98.5,95.956,6.526
HFE_overall,any_het,Tub. resorbcia,18,98.655,97.73,98.982,97.076,4.102
HFE_overall,all_wt,Amyláza_U (jednoráz),64,5.365,2.128,18.235,33.351,119.625
HFE_overall,any_het,Amyláza_U (jednoráz),10,3.485,2.162,6.7,6.74,7.909
HFE_overall,any_hom,Amyláza_U (jednoráz),11,13.86,9.3,36.515,24.305,21.793
HFE_overall,all_wt,Glykémia_5/2,60,10.5,7.65,13.325,10.815,4.349
HFE_overall,any_het,Glykémia_5/2,27,9.9,7.4,12.75,10.322,3.198
HFE_overall,all_wt,ASCA IgG,11,3.66,2.75,9.185,13.872,29.598
HFE_overall,all_wt,ASCA IgA,11,3.96,2.02,14.13,31.604,61.731
HFE_overall,all_wt,Punktát_WBC,65,0.18,0.08,0.38,0.528,1.032
HFE_overall,any_het,Punktát_WBC,51,0.17,0.09,0.295,0.4,1.193
HFE_overall,all_wt,DGP IgA,12,0.85,0.458,1.918,7.293,17.019
HFE_overall,all_wt,DGP IgG,12,1.72,0.682,4.812,12.209,23.844
HFE_overall,all_wt,HbA1c %,38,7.05,6.125,9.55,7.816,2.32
HFE_overall,any_het,HbA1c %,16,7.1,6.35,8.0,6.975,1.252
HFE_overall,all_wt,HbA1c,38,54.5,43.65,83.25,63.282,26.528
HFE_overall,any_het,HbA1c,16,55.0,46.25,64.925,53.625,14.192
HFE_overall,all_wt,DNP / Nucleo-h /,10,1.325,0.645,1.947,2.251,3.362
HFE_overall,any_het,DNP / Nucleo-h /,5,0.5,0.0,0.57,0.474,0.534
HFE_overall,all_wt,AMA-M2,63,1.45,0.645,2.54,2.262,3.088
HFE_overall,any_het,AMA-M2,38,1.295,0.785,2.5,6.255,26.035
HFE_overall,all_wt,IGG4,64,0.668,0.293,1.218,1.016,1.206
HFE_overall,any_het,IGG4,30,0.438,0.228,1.319,0.777,0.746
HFE_overall,all_wt,ABR_kapilára: HCO3_B - akt.,15,22.5,18.55,24.25,21.693,4.017
HFE_overall,all_wt,ABR_kapilára: PCO2_B,15,4.44,4.01,4.795,4.437,0.54
HFE_overall,all_wt,ABR_kapilára: HCO3_B -  stand.,15,23.2,20.05,25.0,22.767,3.315
HFE_overall,all_wt,ABR_kapilára: O2_B sat,15,92.9,90.8,94.05,92.48,3.03
HFE_overall,all_wt,ABR_kapilára: PO2_B,15,8.15,7.625,8.845,8.617,1.854
HFE_overall,all_wt,ABR_kapilára: pH_B,15,7.441,7.391,7.46,7.428,0.038
HFE_overall,all_wt,ABR_kapilára: BE_B,15,-1.4,-5.3,0.8,-1.973,4.09
HFE_overall,all_wt,ABR_kapilára: BB_B,15,46.6,41.75,48.55,45.113,4.536
HFE_overall,all_wt,Glykémia_5/1,52,7.2,4.7,10.425,7.85,4.107
HFE_overall,any_het,Glykémia_5/1,21,5.2,3.8,8.4,6.143,2.793
HFE_overall,all_wt,Laktát_P_artéria,41,2.0,1.2,2.3,3.598,6.607
HFE_overall,all_wt,Laktát_P,46,2.4,2.0,3.175,2.711,1.335
HFE_overall,any_het,Laktát_P,20,2.95,2.6,3.725,3.155,0.998
HFE_overall,all_wt,Solub.transf.recep_S,14,0.945,0.607,1.78,1.483,1.31
HFE_overall,any_het,Solub.transf.recep_S,6,1.505,0.987,2.728,1.842,1.106
HFE_overall,all_wt,anti-SLA/LP,54,0.89,0.643,1.425,1.513,2.125
HFE_overall,any_het,anti-SLA/LP,35,0.83,0.49,1.405,1.746,3.796
HFE_overall,all_wt,anti-LKM-1,53,0.26,0.04,0.74,0.534,0.624
HFE_overall,any_het,anti-LKM-1,35,0.25,0.1,0.395,0.335,0.386
HFE_overall,all_wt,CA 72-4_S,22,1.25,0.947,2.48,8.114,23.262
HFE_overall,any_het,CA 72-4_S,11,1.89,1.31,2.63,29.004,89.885
HFE_overall,all_wt,anti transglutam.IgA,11,1.13,0.5,2.635,2.22,2.883
HFE_overall,all_wt,CYFRA  21-1_S,22,1.805,1.268,2.75,10.91,27.993
HFE_overall,any_het,CYFRA  21-1_S,10,3.975,1.92,7.03,25.474,62.26
HFE_overall,all_wt,Glykémia_3/3,50,10.9,6.4,14.6,11.166,5.466
HFE_overall,any_het,Glykémia_3/3,16,6.05,4.825,8.625,7.212,3.171
HFE_overall,all_wt,Kortizol_S_ a.m.,15,426.0,190.0,662.0,505.8,479.855
HFE_overall,any_het,Kortizol_S_ a.m.,7,582.0,254.5,790.0,1065.714,1628.892
HFE_overall,all_wt,Glykémia_3/2,47,10.5,8.35,13.45,10.798,5.027
HFE_overall,any_het,Glykémia_3/2,18,9.8,7.45,11.75,9.861,3.28
HFE_overall,all_wt,PSAc_S,14,0.566,0.467,2.323,1.598,1.756
HFE_overall,any_het,PSAc_S,11,0.47,0.382,1.625,1.186,1.386
HFE_overall,all_wt,Chol.celk._ascites,45,1.29,1.29,1.29,1.327,0.281
HFE_overall,any_het,Chol.celk._ascites,30,1.29,1.29,1.29,1.391,0.551
HFE_overall,all_wt,Kortizol_S,29,313.0,144.0,467.0,303.897,187.658
HFE_overall,any_het,Kortizol_S,11,395.0,244.0,608.0,415.909,248.109
HFE_overall,all_wt,Signál Meď,49,2.25,1.1,3.55,2.842,2.598
HFE_overall,any_het,Signál Meď,23,1.9,0.875,2.93,2.624,2.676
HFE_overall,all_wt,Bielkovina_ ascites,42,17.95,13.1,25.425,19.164,9.593
HFE_overall,any_het,Bielkovina_ ascites,32,18.55,12.525,23.325,22.016,14.016
HFE_overall,all_wt,GF-rozdiel,19,0.94,-28.385,22.26,0.237,39.031
HFE_overall,any_het,GF-rozdiel,18,-2.58,-17.092,44.475,26.58,84.167
HFE_overall,all_wt,LDH_ascites,39,1.1,0.9,1.95,1.713,1.925
HFE_overall,any_het,LDH_ascites,32,1.2,0.8,1.7,1.812,2.229
HFE_overall,all_wt,GF-(S+U)-dospelí,19,1.09,0.72,1.375,1.128,0.677
HFE_overall,any_het,GF-(S+U)-dospelí,18,1.595,0.655,1.945,1.507,0.957
HFE_overall,all_wt,GF(S)-Cockroft,19,0.97,0.735,1.26,1.148,0.67
HFE_overall,any_het,GF(S)-Cockroft,18,1.11,0.98,1.725,1.215,0.625
HFE_overall,all_wt,Cu_U_diuréza,48,0.51,0.308,0.847,0.777,0.877
HFE_overall,any_het,Cu_U_diuréza,21,0.58,0.22,0.74,0.628,0.548
HFE_overall,all_wt,Glykémia_3/1,40,6.25,4.8,10.025,7.965,4.181
HFE_overall,any_het,Glykémia_3/1,19,4.6,4.15,7.1,5.558,2.013
HFE_overall,all_wt,Elementy_CSF: Ly_CSF,11,4.0,2.0,8.0,11.182,17.662
HFE_overall,all_wt,Triacylglyc._ascites,41,0.36,0.3,0.44,0.382,0.136
HFE_overall,any_het,Triacylglyc._ascites,28,0.48,0.365,0.615,0.57,0.37
HFE_overall,all_wt,Chloridy_CSF,11,124.0,123.0,127.5,125.364,3.749
HFE_overall,all_wt,CA 125_S,15,19.2,9.35,26.4,23.54,19.355
HFE_overall,any_het,CA 125_S,12,18.45,10.4,854.35,783.825,1584.635
HFE_overall,all_wt,Glukóza_CSF,11,4.16,3.16,4.22,3.876,0.731
HFE_overall,all_wt,CB_CSF,11,0.46,0.415,0.605,0.508,0.183
HFE_overall,all_wt,Elementy_CSF: Le_CSF,11,2.0,1.0,4.5,6.273,12.697
HFE_overall,all_wt,Chloridy_U (zbieraný,7,60.0,33.0,138.5,85.286,71.728
HFE_overall,all_wt,Kálium_U (zbieraný),7,24.0,16.6,25.7,20.714,6.78
HFE_overall,all_wt,Nátrium_U (zbieraný),7,81.0,51.5,130.0,94.0,60.534
HFE_overall,all_wt,Addisov sediment: Valce,6,0.0,0.0,0.75,0.333,0.516
HFE_overall,all_wt,Addisov sediment: Leukocyty,6,2.0,1.25,2.75,5.833,9.908
HFE_overall,all_wt,Addisov sediment: Erytrocyty,6,2.0,1.0,3.75,3.167,3.656
HFE_overall,all_wt,Laktát_CSF,10,2.1,1.925,2.425,2.19,0.453
HFE_overall,all_wt,C-Peptid_S,19,2.27,1.235,4.085,3.384,3.114
HFE_overall,any_het,C-Peptid_S,12,2.775,2.145,3.16,2.648,0.963
HFE_overall,all_wt,Kreatinín_UJ (jednor,18,9055.0,6602.85,12841.075,10154.106,6206.826
HFE_overall,any_het,Kreatinín_UJ (jednor,9,6380.0,5798.9,9410.0,7134.767,2792.45
HFE_overall,all_wt,Albumín_U (jednoráz),18,10.515,6.252,18.9,135.222,503.206
HFE_overall,any_het,Albumín_U (jednoráz),9,11.4,6.97,66.1,51.444,75.802
HFE_overall,all_wt,ACLA IgG/M/A,7,1.54,1.145,2.155,2.741,3.64
HFE_overall,all_wt,CA 15-3_S,10,26.7,22.125,36.125,41.64,47.01
HFE_overall,all_wt,Glukóza_pleur.punkt.,32,6.965,5.915,7.995,7.26,1.744
HFE_overall,any_het,Glukóza_pleur.punkt.,22,6.315,5.8,6.54,6.297,1.522
HFE_overall,all_wt,MIA_UJ (album/kreat),17,9.21,6.0,35.44,155.06,562.748
HFE_overall,any_het,MIA_UJ (album/kreat),7,63.56,10.195,159.05,93.423,102.183
HFE_overall,all_wt,Pankreat. elastáza,6,500.0,363.335,500.0,394.022,185.264
HFE_overall,all_wt,Protrombín IgM,6,2.49,2.248,6.062,5.91,6.904
HFE_overall,all_wt,Protrombín IgG,6,5.175,3.215,5.59,6.457,6.42
HFE_overall,all_wt,Parathormón_S,12,46.2,40.55,142.2,117.483,134.692
HFE_overall,all_wt,Beta2-Glyco-Check,6,1.805,1.345,3.105,2.373,1.609
HFE_overall,all_wt,SCCA_S,5,1.5,0.8,1.7,1.32,0.597
HFE_overall,all_wt,Prolaktín_S,8,16.35,14.175,27.125,18.425,8.416
HFE_overall,all_wt,Lupus antikoagulans1,7,37.2,34.35,44.6,42.429,12.893
HFE_overall,all_wt,FSH _S,7,5.0,4.8,93.4,45.229,50.714
HFE_overall,all_wt,LH_S,6,7.35,3.175,39.65,20.4,23.971
HFE_overall,all_wt,Glukóza_kapil._sólo,14,10.7,7.448,21.025,14.079,8.057
HFE_overall,all_wt,Protein C,5,98.0,95.7,99.7,102.3,13.489
HFE_overall,all_wt,Krvný obraz_RET: Trombocyty_PLT,18,129.0,86.0,216.25,154.278,93.107
HFE_overall,any_het,Krvný obraz_RET: Trombocyty_PLT,8,198.0,152.0,294.5,235.875,132.887
HFE_overall,all_wt,Krvný obraz_RET: Hemoglobín_HGB,18,100.5,85.75,110.25,99.722,22.829
HFE_overall,any_het,Krvný obraz_RET: Hemoglobín_HGB,8,118.5,110.25,125.25,114.75,17.019
HFE_overall,all_wt,Krvný obraz_RET: Leukocyty_WBC,18,6.35,3.625,9.3,7.189,4.301
HFE_overall,any_het,Krvný obraz_RET: Leukocyty_WBC,8,5.9,5.2,7.175,6.25,2.115
HFE_overall,all_wt,Krvný obraz_RET: Nezrelé formy RET,18,12.8,4.25,24.0,15.789,13.462
HFE_overall,any_het,Krvný obraz_RET: Nezrelé formy RET,8,6.25,2.85,14.375,9.85,10.143
HFE_overall,all_wt,Krvný obraz_RET: Stredná konc._HGB,18,31.55,29.925,33.65,31.606,2.677
HFE_overall,any_het,Krvný obraz_RET: Stredná konc._HGB,8,32.05,31.325,33.0,31.975,5.056
HFE_overall,all_wt,Krvný obraz_RET: Stredný objem_RBC,18,94.65,89.3,99.3,95.183,7.4
HFE_overall,any_het,Krvný obraz_RET: Stredný objem_RBC,8,97.85,95.6,106.425,97.288,12.272
HFE_overall,all_wt,Krvný obraz_RET: Hematokrit_HCT,18,0.304,0.279,0.322,0.3,0.067
HFE_overall,any_het,Krvný obraz_RET: Hematokrit_HCT,8,0.367,0.332,0.381,0.35,0.051
HFE_overall,all_wt,Krvný obraz_RET: Erytrocyty_RBC,18,3.15,2.672,3.685,3.194,0.826
HFE_overall,any_het,Krvný obraz_RET: Erytrocyty_RBC,8,3.765,3.352,3.998,3.685,0.868
HFE_overall,all_wt,Krvný obraz_RET: Retikulocyty_#,18,57.2,33.8,74.925,68.922,58.838
HFE_overall,any_het,Krvný obraz_RET: Retikulocyty_#,8,49.3,38.875,129.025,90.025,78.491
HFE_overall,all_wt,Krvný obraz_RET: Retikulocyty_%,18,1.95,1.075,2.3,2.494,2.986
HFE_overall,any_het,Krvný obraz_RET: Retikulocyty_%,8,1.35,1.225,3.25,2.538,2.216
HFE_overall,all_wt,Krvný obraz_RET: Stred. far.konc._HGB,18,333.5,324.25,342.5,332.278,16.431
HFE_overall,any_het,Krvný obraz_RET: Stred. far.konc._HGB,8,329.5,315.0,335.5,327.875,20.174
HFE_overall,all_wt,Krvný obraz_RET: Šírka dist.kriv._RBC,18,15.7,15.0,19.825,17.044,3.319
HFE_overall,any_het,Krvný obraz_RET: Šírka dist.kriv._RBC,8,15.3,14.3,15.95,15.737,2.096
HFE_overall,all_wt,Estradiol _S,7,18.0,12.1,103.85,68.786,91.092
HFE_overall,all_wt,PTT-LA: PTT-LA_ratio,6,0.975,0.902,0.98,0.922,0.113
HFE_overall,all_wt,PTT-LA: PTT-LA_sekundy,6,25.75,23.8,25.975,25.05,2.914
HFE_overall,all_wt,Diaminooxidaza,6,13.625,11.685,41.155,24.975,19.422
HFE_overall,all_wt,Krvný obraz_RET: Stredný objem_PLT,14,10.65,10.5,11.075,10.721,0.815
HFE_overall,any_het,Krvný obraz_RET: Stredný objem_PLT,8,12.0,11.175,12.425,11.812,0.887
HFE_overall,all_wt,ProC Global,6,0.905,0.695,1.205,0.935,0.293
